mode,n,episode,seed,pdr,qtable_states,epsilon,episode_count,update_count
tabular,100,1,0,1.0,25,0.05,2,241
tabular,100,2,100,0.9108333333333334,39,0.05,3,241
tabular,100,3,200,1.0,49,0.05,4,241
tabular,100,4,300,0.9995833333333334,50,0.05,5,241
tabular,100,5,400,0.9641666666666666,55,0.05,6,241
tabular,100,6,13,0.9995833333333334,55,0.05,7,241
tabular,100,7,77,1.0,56,0.05,8,241
tabular,100,8,31,0.9883333333333333,58,0.05,9,241
tabular,100,9,55,0.9870833333333333,60,0.05,10,241
tabular,100,10,88,1.0,60,0.05,11,241
tabular,100,11,21,0.9079166666666667,70,0.05,12,241
tabular,100,12,34,0.9820833333333333,71,0.05,13,241
tabular,100,13,89,0.98875,73,0.05,14,241
tabular,100,14,144,0.9004166666666666,84,0.05,15,241
tabular,100,15,233,0.9708333333333333,84,0.05,16,241
tabular,100,16,377,0.9483333333333334,90,0.05,17,241
tabular,100,17,610,0.9554166666666667,92,0.05,18,241
tabular,100,18,987,0.8104166666666667,101,0.05,19,241
tabular,100,19,1597,0.9629166666666666,108,0.05,20,241
tabular,100,20,2584,0.9195833333333333,110,0.05,21,241
tabular,200,1,0,0.525625,36,0.05,2,241
tabular,200,2,100,0.903125,45,0.05,3,241
tabular,200,3,200,0.5741666666666667,46,0.05,4,241
tabular,200,4,300,0.8710416666666667,47,0.05,5,241
tabular,200,5,400,0.8620833333333333,48,0.05,6,241
tabular,200,6,13,0.9208333333333333,48,0.05,7,241
tabular,200,7,77,0.9108333333333334,48,0.05,8,241
tabular,200,8,31,0.7775,49,0.05,9,241
tabular,200,9,55,0.903125,51,0.05,10,241
tabular,200,10,88,0.881875,53,0.05,11,241
tabular,200,11,21,0.88,53,0.05,12,241
tabular,200,12,34,0.815,53,0.05,13,241
tabular,200,13,89,0.8964583333333334,53,0.05,14,241
tabular,200,14,144,0.9004166666666666,54,0.05,15,241
tabular,200,15,233,0.9035416666666667,54,0.05,16,241
tabular,400,1,0,0.4671875,20,0.05,2,241
tabular,400,2,100,0.5191666666666667,22,0.05,3,241
tabular,400,3,200,0.5192708333333333,23,0.05,4,241
tabular,400,4,300,0.5183333333333333,24,0.05,5,241
tabular,600,1,0,0.25979166666666664,26,0.05,2,241
tabular,600,2,100,0.24,37,0.05,3,241
tabular,600,3,200,0.33368055555555554,39,0.05,4,241
tabular,600,4,300,0.3040277777777778,41,0.05,5,241
tabular,600,5,400,0.30756944444444445,43,0.05,6,241
tabular,600,6,13,0.3354861111111111,43,0.05,7,241
tabular,600,7,77,0.33618055555555554,44,0.05,8,241
tabular,600,8,31,0.3186805555555556,44,0.05,9,241
tabular,600,9,55,0.333125,45,0.05,10,241
tabular,600,10,88,0.3308333333333333,45,0.05,11,241
tabular,600,11,21,0.32104166666666667,45,0.05,12,241
tabular,800,1,0,0.18208333333333335,21,0.05,2,241
tabular,800,2,100,0.1928125,27,0.05,3,241
tabular,800,3,200,0.218125,32,0.05,4,241
tabular,800,4,300,0.21682291666666667,38,0.05,5,241
tabular,800,5,400,0.22197916666666667,38,0.05,6,241
tabular,1000,1,0,0.17333333333333334,21,0.05,2,241
tabular,1000,2,100,0.15604166666666666,27,0.05,3,241
tabular,1000,3,200,0.15016666666666667,31,0.05,4,241
tabular,1000,4,300,0.15520833333333334,32,0.05,5,241
tabular_ddqn,100,1,0,0.9841666666666666,30,0.05,2,241
tabular_ddqn,100,2,100,0.8791666666666667,34,0.05,3,241
tabular_ddqn,100,3,200,0.97,56,0.05,4,241
tabular_ddqn,100,4,300,0.96,64,0.05,5,241
tabular_ddqn,100,5,400,0.9320833333333334,71,0.05,6,241
tabular_ddqn,100,6,13,0.9820833333333333,75,0.05,7,241
tabular_ddqn,100,7,77,0.9708333333333333,76,0.05,8,241
tabular_ddqn,100,8,31,0.9045833333333333,82,0.05,9,241
tabular_ddqn,100,9,55,0.9620833333333333,83,0.05,10,241
tabular_ddqn,100,10,88,0.9029166666666667,84,0.05,11,241
tabular_ddqn,100,11,21,0.9216666666666666,88,0.05,12,241
tabular_ddqn,100,12,34,0.9220833333333334,89,0.05,13,241
tabular_ddqn,100,13,89,0.92375,90,0.05,14,241
tabular_ddqn,200,1,0,0.9414583333333333,19,0.05,2,241
tabular_ddqn,200,2,100,0.8645833333333334,23,0.05,3,241
tabular_ddqn,200,3,200,0.8660416666666667,24,0.05,4,241
tabular_ddqn,200,4,300,0.44,37,0.05,5,241
tabular_ddqn,200,5,400,0.90875,37,0.05,6,241
tabular_ddqn,200,6,13,0.9097916666666667,40,0.05,7,241
tabular_ddqn,200,7,77,0.9122916666666666,44,0.05,8,241
tabular_ddqn,400,1,0,0.3734375,23,0.05,2,241
tabular_ddqn,400,2,100,0.3645833333333333,28,0.05,3,241
tabular_ddqn,400,3,200,0.3883333333333333,32,0.05,4,241
tabular_ddqn,400,4,300,0.470625,35,0.05,5,241
tabular_ddqn,400,5,400,0.4953125,35,0.05,6,241
tabular_ddqn,400,6,13,0.48604166666666665,35,0.05,7,241
tabular_ddqn,400,7,77,0.46489583333333334,40,0.05,8,241
tabular_ddqn,400,8,31,0.48125,41,0.05,9,241
tabular_ddqn,400,9,55,0.493125,41,0.05,10,241
tabular_ddqn,400,10,88,0.43854166666666666,43,0.05,11,241
tabular_ddqn,400,11,21,0.4428125,44,0.05,12,241
tabular_ddqn,400,12,34,0.4665625,45,0.05,13,241
tabular_ddqn,400,13,89,0.4584375,45,0.05,14,241
tabular_ddqn,400,14,144,0.4246875,45,0.05,15,241
tabular_ddqn,400,15,233,0.48333333333333334,49,0.05,16,241
tabular_ddqn,400,16,377,0.4778125,50,0.05,17,241
tabular_ddqn,400,17,610,0.5188541666666666,50,0.05,18,241
tabular_ddqn,400,18,987,0.49291666666666667,50,0.05,19,241
tabular_ddqn,400,19,1597,0.5054166666666666,50,0.05,20,241
tabular_ddqn,400,20,2584,0.4815625,50,0.05,21,241
tabular_ddqn,600,1,0,0.2848611111111111,18,0.05,2,241
tabular_ddqn,600,2,100,0.2864583333333333,24,0.05,3,241
tabular_ddqn,600,3,200,0.29493055555555553,26,0.05,4,241
tabular_ddqn,800,1,0,0.19630208333333332,22,0.05,2,241
tabular_ddqn,800,2,100,0.1915625,37,0.05,3,241
tabular_ddqn,800,3,200,0.19052083333333333,38,0.05,4,241
tabular_ddqn,1000,1,0,0.13020833333333334,26,0.05,2,241
tabular_ddqn,1000,2,100,0.15154166666666666,38,0.05,3,241
tabular_ddqn,1000,3,200,0.15641666666666668,39,0.05,4,241
tabular_ddqn,1000,4,300,0.18445833333333334,41,0.05,5,241
tabular_ddqn,1000,5,400,0.19208333333333333,42,0.05,6,241
tabular_ddqn,1000,6,13,0.18554166666666666,43,0.05,7,241
dqn,100,1,0,0.9245833333333333,0,0.05,2,241
dqn,100,2,100,0.9866666666666667,0,0.05,3,241
dqn,100,3,200,0.9816666666666667,0,0.05,4,241
dqn,100,4,300,0.90625,0,0.05,5,241
dqn,100,5,400,0.9783333333333334,0,0.05,6,241
dqn,100,6,13,0.9133333333333333,0,0.05,7,241
dqn,100,7,77,0.995,0,0.05,8,241
dqn,100,8,31,1.0,0,0.05,9,241
dqn,100,9,55,0.99,0,0.05,10,241
dqn,100,10,88,0.97875,0,0.05,11,241
dqn,100,11,21,0.9595833333333333,0,0.05,12,241
dqn,100,12,34,0.9804166666666667,0,0.05,13,241
dqn,100,13,89,1.0,0,0.05,14,241
dqn,100,14,144,0.9829166666666667,0,0.05,15,241
dqn,100,15,233,0.99875,0,0.05,16,241
dqn,100,16,377,0.98875,0,0.05,17,241
dqn,100,17,610,0.9983333333333333,0,0.05,18,241
dqn,100,18,987,1.0,0,0.05,19,241
dqn,200,1,0,0.5647916666666667,0,0.05,2,241
dqn,200,2,100,0.7902083333333333,0,0.05,3,241
dqn,200,3,200,0.6379166666666667,0,0.05,4,241
dqn,200,4,300,0.7175,0,0.05,5,241
dqn,200,5,400,0.5314583333333334,0,0.05,6,241
dqn,200,6,13,0.6297916666666666,0,0.05,7,241
dqn,200,7,77,0.8489583333333334,0,0.05,8,241
dqn,200,8,31,0.7722916666666667,0,0.05,9,241
dqn,200,9,55,0.5595833333333333,0,0.05,10,241
dqn,200,10,88,0.7625,0,0.05,11,241
dqn,200,11,21,0.6879166666666666,0,0.05,12,241
dqn,200,12,34,0.8433333333333334,0,0.05,13,241
dqn,200,13,89,0.7195833333333334,0,0.05,14,241
dqn,200,14,144,0.9127083333333333,0,0.05,15,241
dqn,200,15,233,0.8852083333333334,0,0.05,16,241
dqn,200,16,377,0.8466666666666667,0,0.05,17,241
dqn,200,17,610,0.8904166666666666,0,0.05,18,241
dqn,200,18,987,0.9004166666666666,0,0.05,19,241
dqn,200,19,1597,0.744375,0,0.05,20,241
dqn,200,20,2584,0.8866666666666667,0,0.05,21,241
dqn,400,1,0,0.45416666666666666,0,0.05,2,241
dqn,400,2,100,0.456875,0,0.05,3,241
dqn,400,3,200,0.5080208333333334,0,0.05,4,241
dqn,400,4,300,0.5082291666666666,0,0.05,5,241
dqn,400,5,400,0.5071875,0,0.05,6,241
dqn,600,1,0,0.30416666666666664,0,0.05,2,241
dqn,600,2,100,0.20465277777777777,0,0.05,3,241
dqn,600,3,200,0.2504166666666667,0,0.05,4,241
dqn,600,4,300,0.30777777777777776,0,0.05,5,241
dqn,600,5,400,0.318125,0,0.05,6,241
dqn,600,6,13,0.3348611111111111,0,0.05,7,241
dqn,600,7,77,0.3071527777777778,0,0.05,8,241
dqn,600,8,31,0.314375,0,0.05,9,241
dqn,600,9,55,0.32131944444444444,0,0.05,10,241
dqn,800,1,0,0.19229166666666667,0,0.05,2,241
dqn,800,2,100,0.20432291666666666,0,0.05,3,241
dqn,800,3,200,0.21427083333333333,0,0.05,4,241
dqn,800,4,300,0.230625,0,0.05,5,241
dqn,800,5,400,0.224375,0,0.05,6,241
dqn,800,6,13,0.22177083333333333,0,0.05,7,241
dqn,1000,1,0,0.15208333333333332,0,0.05,2,241
dqn,1000,2,100,0.16416666666666666,0,0.05,3,241
dqn,1000,3,200,0.17320833333333333,0,0.05,4,241
dqn,1000,4,300,0.178625,0,0.05,5,241
ddqn,100,1,0,0.8479166666666667,0,0.05,2,241
ddqn,100,2,100,0.9620833333333333,0,0.05,3,241
ddqn,100,3,200,0.9916666666666667,0,0.05,4,241
ddqn,100,4,300,0.9816666666666667,0,0.05,5,241
ddqn,100,5,400,0.9829166666666667,0,0.05,6,241
ddqn,100,6,13,1.0,0,0.05,7,241
ddqn,100,7,77,1.0,0,0.05,8,241
ddqn,100,8,31,1.0,0,0.05,9,241
ddqn,200,1,0,0.8966666666666666,0,0.05,2,241
ddqn,200,2,100,0.635,0,0.05,3,241
ddqn,200,3,200,0.9135416666666667,0,0.05,4,241
ddqn,200,4,300,0.9439583333333333,0,0.05,5,241
ddqn,200,5,400,0.95,0,0.05,6,241
ddqn,200,6,13,0.8133333333333334,0,0.05,7,241
ddqn,200,7,77,0.8875,0,0.05,8,241
ddqn,200,8,31,0.9566666666666667,0,0.05,9,241
ddqn,200,9,55,0.9416666666666667,0,0.05,10,241
ddqn,200,10,88,0.6735416666666667,0,0.05,11,241
ddqn,200,11,21,0.7491666666666666,0,0.05,12,241
ddqn,200,12,34,0.55625,0,0.05,13,241
ddqn,200,13,89,0.8658333333333333,0,0.05,14,241
ddqn,200,14,144,0.9704166666666667,0,0.05,15,241
ddqn,200,15,233,0.7054166666666667,0,0.05,16,241
ddqn,200,16,377,0.6522916666666667,0,0.05,17,241
ddqn,200,17,610,0.92875,0,0.05,18,241
ddqn,200,18,987,0.46291666666666664,0,0.05,19,241
ddqn,200,19,1597,0.85875,0,0.05,20,241
ddqn,200,20,2584,0.91,0,0.05,21,241
ddqn,400,1,0,0.40979166666666667,0,0.05,2,241
ddqn,400,2,100,0.4188541666666667,0,0.05,3,241
ddqn,400,3,200,0.4535416666666667,0,0.05,4,241
ddqn,400,4,300,0.3090625,0,0.05,5,241
ddqn,400,5,400,0.42072916666666665,0,0.05,6,241
ddqn,400,6,13,0.49125,0,0.05,7,241
ddqn,400,7,77,0.4872916666666667,0,0.05,8,241
ddqn,400,8,31,0.4503125,0,0.05,9,241
ddqn,400,9,55,0.494375,0,0.05,10,241
ddqn,400,10,88,0.5159375,0,0.05,11,241
ddqn,400,11,21,0.4371875,0,0.05,12,241
ddqn,400,12,34,0.5058333333333334,0,0.05,13,241
ddqn,400,13,89,0.5229166666666667,0,0.05,14,241
ddqn,400,14,144,0.5067708333333333,0,0.05,15,241
ddqn,400,15,233,0.5102083333333334,0,0.05,16,241
ddqn,400,16,377,0.4996875,0,0.05,17,241
ddqn,400,17,610,0.47197916666666667,0,0.05,18,241
ddqn,400,18,987,0.5153125,0,0.05,19,241
ddqn,400,19,1597,0.5125,0,0.05,20,241
ddqn,400,20,2584,0.49895833333333334,0,0.05,21,241
ddqn,600,1,0,0.22493055555555555,0,0.05,2,241
ddqn,600,2,100,0.29104166666666664,0,0.05,3,241
ddqn,600,3,200,0.3182638888888889,0,0.05,4,241
ddqn,600,4,300,0.32430555555555557,0,0.05,5,241
ddqn,600,5,400,0.31645833333333334,0,0.05,6,241
ddqn,800,1,0,0.22479166666666667,0,0.05,2,241
ddqn,800,2,100,0.22583333333333333,0,0.05,3,241
ddqn,800,3,200,0.22734375,0,0.05,4,241
ddqn,1000,1,0,0.16658333333333333,0,0.05,2,241
ddqn,1000,2,100,0.16245833333333334,0,0.05,3,241
ddqn,1000,3,200,0.14620833333333333,0,0.05,4,241
ddqn,1000,4,300,0.19316666666666665,0,0.05,5,241
ddqn,1000,5,400,0.207375,0,0.05,6,241
ddqn,1000,6,13,0.20416666666666666,0,0.05,7,241
ddqn,1000,7,77,0.17320833333333333,0,0.05,8,241
ddqn,1000,8,31,0.12020833333333333,0,0.05,9,241
ddqn,1000,9,55,0.19320833333333334,0,0.05,10,241
ddqn,1000,10,88,0.17708333333333334,0,0.05,11,241
ddqn,1000,11,21,0.176625,0,0.05,12,241
ddqn,1000,12,34,0.20925,0,0.05,13,241
ddqn,1000,13,89,0.19995833333333332,0,0.05,14,241
ddqn,1000,14,144,0.16179166666666667,0,0.05,15,241
ddqn,1000,15,233,0.202,0,0.05,16,241
ddqn,1000,16,377,0.17816666666666667,0,0.05,17,241
ddqn,1000,17,610,0.161875,0,0.05,18,241
ddqn,1000,18,987,0.13716666666666666,0,0.05,19,241
ddqn,1000,19,1597,0.13708333333333333,0,0.05,20,241
ddqn,1000,20,2584,0.16629166666666667,0,0.05,21,241
ppo,100,1,0,0.97625,0,0.4,2,241
ppo,100,2,100,0.9841666666666666,0,0.4,3,241
ppo,100,3,200,0.9933333333333333,0,0.4,4,241
ppo,200,1,0,0.72375,0,0.4,2,241
ppo,200,2,100,0.8985416666666667,0,0.4,3,241
ppo,200,3,200,0.971875,0,0.4,4,241
ppo,200,4,300,0.9629166666666666,0,0.4,5,241
ppo,200,5,400,0.944375,0,0.4,6,241
ppo,200,6,13,0.8477083333333333,0,0.4,7,241
ppo,200,7,77,0.7958333333333333,0,0.4,8,241
ppo,200,8,31,0.76375,0,0.4,9,241
ppo,200,9,55,0.4404166666666667,0,0.4,10,241
ppo,200,10,88,0.85875,0,0.4,11,241
ppo,200,11,21,0.9733333333333334,0,0.4,12,241
ppo,200,12,34,0.983125,0,0.4,13,241
ppo,200,13,89,0.9566666666666667,0,0.4,14,241
ppo,200,14,144,0.9670833333333333,0,0.4,15,241
ppo,200,15,233,0.9704166666666667,0,0.4,16,241
ppo,200,16,377,0.88375,0,0.4,17,241
ppo,200,17,610,0.9785416666666666,0,0.4,18,241
ppo,200,18,987,0.9670833333333333,0,0.4,19,241
ppo,200,19,1597,0.969375,0,0.4,20,241
ppo,200,20,2584,0.9822916666666667,0,0.4,21,241
ppo,400,1,0,0.4266666666666667,0,0.4,2,241
ppo,400,2,100,0.46229166666666666,0,0.4,3,241
ppo,400,3,200,0.4990625,0,0.4,4,241
ppo,400,4,300,0.4775,0,0.4,5,241
ppo,400,5,400,0.48822916666666666,0,0.4,6,241
ppo,400,6,13,0.5241666666666667,0,0.4,7,241
ppo,400,7,77,0.4869791666666667,0,0.4,8,241
ppo,400,8,31,0.5209375,0,0.4,9,241
ppo,400,9,55,0.5273958333333333,0,0.4,10,241
ppo,400,10,88,0.5692708333333333,0,0.4,11,241
ppo,400,11,21,0.5551041666666666,0,0.4,12,241
ppo,400,12,34,0.5861458333333334,0,0.4,13,241
ppo,400,13,89,0.5821875,0,0.4,14,241
ppo,400,14,144,0.568125,0,0.4,15,241
ppo,400,15,233,0.5665625,0,0.4,16,241
ppo,400,16,377,0.5789583333333334,0,0.4,17,241
ppo,400,17,610,0.5628125,0,0.4,18,241
ppo,400,18,987,0.566875,0,0.4,19,241
ppo,400,19,1597,0.5719791666666667,0,0.4,20,241
ppo,600,1,0,0.22944444444444445,0,0.4,2,241
ppo,600,2,100,0.27569444444444446,0,0.4,3,241
ppo,600,3,200,0.3120833333333333,0,0.4,4,241
ppo,600,4,300,0.3209722222222222,0,0.4,5,241
ppo,600,5,400,0.38902777777777775,0,0.4,6,241
ppo,600,6,13,0.3829166666666667,0,0.4,7,241
ppo,600,7,77,0.28625,0,0.4,8,241
ppo,600,8,31,0.3120833333333333,0,0.4,9,241
ppo,600,9,55,0.33791666666666664,0,0.4,10,241
ppo,600,10,88,0.3186111111111111,0,0.4,11,241
ppo,600,11,21,0.3295138888888889,0,0.4,12,241
ppo,600,12,34,0.30333333333333334,0,0.4,13,241
ppo,600,13,89,0.3907638888888889,0,0.4,14,241
ppo,600,14,144,0.25125,0,0.4,15,241
ppo,600,15,233,0.23520833333333332,0,0.4,16,241
ppo,600,16,377,0.35305555555555557,0,0.4,17,241
ppo,600,17,610,0.31451388888888887,0,0.4,18,241
ppo,600,18,987,0.30756944444444445,0,0.4,19,241
ppo,600,19,1597,0.24743055555555554,0,0.4,20,241
ppo,600,20,2584,0.15,0,0.4,21,241
ppo,800,1,0,0.17151041666666667,0,0.4,2,241
ppo,800,2,100,0.19130208333333334,0,0.4,3,241
ppo,800,3,200,0.17364583333333333,0,0.4,4,241
ppo,800,4,300,0.21947916666666667,0,0.4,5,241
ppo,800,5,400,0.2641145833333333,0,0.4,6,241
ppo,800,6,13,0.23635416666666667,0,0.4,7,241
ppo,800,7,77,0.24953125,0,0.4,8,241
ppo,800,8,31,0.23338541666666668,0,0.4,9,241
ppo,800,9,55,0.26067708333333334,0,0.4,10,241
ppo,800,10,88,0.27520833333333333,0,0.4,11,241
ppo,800,11,21,0.27020833333333333,0,0.4,12,241
ppo,800,12,34,0.24348958333333334,0,0.4,13,241
ppo,800,13,89,0.2625,0,0.4,14,241
ppo,800,14,144,0.27229166666666665,0,0.4,15,241
ppo,800,15,233,0.27260416666666665,0,0.4,16,241
ppo,1000,1,0,0.16133333333333333,0,0.4,2,241
ppo,1000,2,100,0.16954166666666667,0,0.4,3,241
ppo,1000,3,200,0.17195833333333332,0,0.4,4,241
