num_stas,policy,seed,pdr,tput_kbps,avg_delay_ms,p95_delay_ms,drop_rate,fairness,col_rate,retry_rate,raw_fit_pass,e_total_mj,e_tx_mj,e_rx_mj,e_idle_mj,e_sleep_mj,ee_kbit_j,e_per_pkt_uj,assoc_mean_ms,assoc_max_ms,assoc_scan_ms,assoc_auth_ms,assoc_req_ms,assoc_frac
100,no_raw,42,0.609583,12.484267,1911.828477,4588.99523,0.390417,0.978812,0.887504,0.84415,1.0,2648.979203,202.208832,102.208505,2344.561867,0.0,5.655431,181064.880602,2798.14388,4650.508,7.1,775.199,2015.84488,1.0
100,no_raw,7,0.592083,12.125867,1959.207386,4595.53888,0.407917,0.984179,0.896251,0.850294,1.0,2649.236481,202.560576,102.126747,2344.549157,0.0,5.492541,186434.657321,2831.719453,4659.409333,7.1,756.09316,2068.526293,1.0
100,no_raw,99,0.59875,12.2624,1918.44656,4646.817517,0.40125,0.981309,0.894332,0.848972,1.0,2649.190743,202.497744,102.141677,2344.551323,0.0,5.554481,184355.653686,2825.391547,4773.717333,7.1,738.80656,2079.484987,1.0
100,static,42,0.49875,10.2144,3068.711514,8219.917263,0.50125,0.782913,0.471458,0.470426,1.0,437.029689,46.66248,102.377707,234.815125,53.174377,28.04679,36510.416809,1571.838573,1869.901333,7.1,774.555893,790.18268,1.0
100,static,7,0.495417,10.146133,3076.810116,7984.873725,0.504583,0.790627,0.47678,0.47506,1.0,437.092603,46.619712,102.358511,234.942923,53.171456,27.855333,36761.362723,1533.606453,1830.512,7.1,753.860853,772.6456,1.0
100,static,99,0.5025,10.2912,3009.346435,7740.152273,0.4975,0.763003,0.469331,0.468987,1.0,435.293728,46.496688,102.369886,233.212179,53.214974,28.370361,36094.007258,1492.06396,1784.265333,7.1,740.54356,744.4204,1.0
100,adaptive,42,1.0,20.48,624.290246,1449.265606,0.0,1.0,0.212598,0.212598,1.0,389.024343,58.307904,103.274194,172.755967,54.686278,63.173425,16209.347607,1745.819547,2461.024,7.1,774.46532,964.254227,1.0
100,adaptive,7,1.0,20.48,623.423459,1447.252061,0.0,1.0,0.215467,0.215467,1.0,387.568897,58.517136,103.266373,171.057157,54.72823,63.410661,16148.704022,1706.82832,2460.485333,7.1,752.483907,947.244413,1.0
100,adaptive,99,1.0,20.48,621.095151,1406.40866,0.0,1.0,0.210378,0.210378,1.0,385.697984,58.08456,103.262819,169.584324,54.766281,63.718249,16070.749329,1645.794787,2259.884,7.1,739.03344,899.661347,1.0
100,cluster_csv,42,0.468333,9.591467,3419.854121,8938.760227,0.531667,0.773843,0.468101,0.467371,1.0,434.627686,43.690416,102.318699,235.451369,53.167203,26.481884,38667.943635,1553.582027,1848.097333,7.1,768.025107,778.45692,1.0
100,cluster_csv,7,0.4475,9.1648,3537.438177,9086.033622,0.5525,0.756477,0.487432,0.486339,1.0,435.494944,43.699584,102.277465,236.373437,53.144458,25.253473,40548.877487,1527.92456,1817.553333,7.1,754.297107,766.527453,1.0
100,cluster_csv,99,0.48375,9.9072,3495.22991,9307.214649,0.51625,0.737496,0.45179,0.451059,1.0,433.673012,43.555008,102.340027,234.589011,53.188966,27.413834,37353.403244,1485.6724,1777.016,7.1,738.80656,739.76584,1.0
100,traffic_split,42,1.0,20.48,701.012196,1615.794459,0.0,1.0,0.309324,0.309324,1.0,400.860589,67.273968,103.274905,175.724565,54.587152,61.308097,16702.524561,1708.94452,2364.788,7.1,772.10384,929.74068,1.0
100,traffic_split,7,1.0,20.48,678.749828,1567.599372,0.0,1.0,0.295775,0.295775,1.0,402.420895,65.839008,103.266373,178.801223,54.51429,61.070388,16767.537281,1655.42308,2266.088,7.1,752.483907,895.839173,1.0
100,traffic_split,99,1.0,20.48,652.605093,1493.008517,0.0,1.0,0.2906,0.2906,1.0,400.129101,65.279856,103.26353,177.025455,54.56026,61.420177,16672.045868,1697.472267,2288.894667,7.1,738.80656,951.565707,1.0
100,laca,42,1.0,20.48,684.433244,1637.1291,0.0,1.0,0.191452,0.191452,1.0,451.605968,56.627712,103.275615,238.65929,53.043351,54.419121,18816.915334,1663.921333,2171.685333,7.1,774.555893,882.26544,1.0
100,laca,7,1.0,20.48,688.216342,1702.592718,0.0,1.0,0.172088,0.172088,1.0,443.642242,55.155264,103.267795,232.00533,53.213853,55.395987,18485.093436,1622.848147,2047.02,7.1,754.297107,861.45104,1.0
100,laca,99,1.0,20.48,688.032805,1708.618332,0.0,1.0,0.185099,0.185099,1.0,447.64281,56.102496,103.261397,235.146165,53.132752,54.900915,18651.783761,1610.285853,2112.66,7.1,733.84016,869.345693,1.0
100,rl,42,0.998333,20.445867,1012.34346,2563.521373,0.001667,0.999933,0.316047,0.316047,1.0,462.859685,67.898352,103.274194,238.67549,53.01165,53.007511,19318.016904,1641.54264,1983.694667,7.1,777.76664,856.676,1.0
100,rl,7,0.9975,20.4288,961.264924,2524.842344,0.0025,0.999902,0.316369,0.316369,1.0,454.3902,67.847328,103.262108,230.053321,53.227443,53.950459,18980.37592,1577.19212,1929.218667,7.1,754.415573,815.676547,1.0
100,rl,99,0.958333,19.626667,1391.902147,4007.458286,0.041667,0.998302,0.36783,0.36783,1.0,472.510045,71.157264,103.193147,245.32256,52.837074,49.844443,20543.915014,1534.579973,1905.32,7.1,739.214067,788.265907,1.0
200,no_raw,42,0.243542,9.975467,2876.836683,4885.268567,0.756458,0.967682,0.923747,0.851678,1.0,2559.214125,101.687712,101.598879,2355.927533,0.0,2.338718,437846.727893,10925.493049,24961.359907,7.1,1513.22816,9405.164889,1.0
200,no_raw,7,0.246667,10.103467,2797.952689,4899.376667,0.753333,0.965998,0.922723,0.850469,1.0,2559.197452,101.663808,101.605633,2355.928011,0.0,2.368743,432296.866847,10611.60384,24645.064,7.1,1500.361667,9104.142173,1.0
200,no_raw,99,0.24375,9.984,2760.921593,4844.589081,0.75625,0.96701,0.922742,0.851427,1.0,2559.212817,101.684616,101.601012,2355.927189,0.0,2.34072,437472.276467,10681.874333,25000.661333,7.1,1517.446367,9157.327967,1.0
200,static,42,0.474375,19.4304,3170.451969,8356.159123,0.525625,0.744868,0.470493,0.470314,1.0,442.989476,44.465616,102.321187,243.232163,52.970509,26.317194,38909.92322,3199.984033,3935.788,7.1,1506.4168,1686.467233,1.0
200,static,7,0.466667,19.114667,3193.580824,8080.948413,0.533333,0.721044,0.479771,0.479234,1.0,443.925684,44.559456,102.313012,244.104715,52.948501,25.834955,39636.221773,3231.9189,3960.446667,7.1,1510.32128,1714.49762,1.0
200,static,99,0.475208,19.464533,3167.302296,8518.869701,0.524792,0.727544,0.473637,0.472561,1.0,442.749249,44.482872,102.316211,242.973191,52.976976,26.37773,38820.626869,3198.02166,3942.204,7.1,1516.17786,1674.7438,1.0
200,adaptive,42,0.977708,40.046933,1561.835831,4006.916155,0.022292,0.997954,0.366393,0.366393,1.0,491.882568,72.031752,103.222295,264.26774,52.36078,48.849383,20962.393694,3559.204147,5076.857333,7.1,1513.073267,2039.03088,1.0
200,adaptive,7,0.98875,40.4992,1552.300549,3861.21011,0.01125,0.999153,0.358674,0.358674,1.0,492.42297,71.914464,103.246823,264.917007,52.344677,49.346845,20751.07334,3638.513867,5164.289333,7.1,1500.692373,2130.721493,1.0
200,adaptive,99,0.984167,40.311467,1530.076447,3873.868562,0.015833,0.99863,0.355859,0.355859,1.0,487.864942,71.38404,103.236159,260.795469,52.449275,49.576999,20654.739309,3620.438253,5142.917333,7.1,1517.34302,2095.995233,1.0
200,cluster_csv,42,0.507708,20.795733,2703.679719,8857.160467,0.492292,0.651331,0.408849,0.40752,1.0,438.033488,41.675328,102.382683,240.940419,53.035058,28.485128,35948.583324,3252.6607,4120.904,7.1,1512.013747,1733.546953,1.0
200,cluster_csv,7,0.50125,20.5312,2667.705385,9020.179184,0.49875,0.651397,0.411597,0.410646,1.0,436.036814,41.626488,102.378773,238.946479,53.085074,28.25156,36245.78669,3178.325573,3969.770667,7.1,1509.924533,1661.30104,1.0
200,cluster_csv,99,0.499583,20.462933,2763.241554,8918.870005,0.500417,0.657039,0.420369,0.418863,1.0,438.053943,42.114096,102.36491,240.530712,53.044225,28.027964,36534.941023,3193.621827,3999.48,7.1,1510.636007,1675.88582,1.0
200,traffic_split,42,0.982292,40.234667,1497.427076,3699.285467,0.017708,0.998519,0.36859,0.36859,1.0,492.294915,72.710592,103.232604,263.98586,52.365859,49.037273,20882.074863,3696.698493,5294.444,7.1,1513.718507,2175.879987,1.0
200,traffic_split,7,0.953958,39.074133,1554.80569,4080.076565,0.046042,0.991425,0.386306,0.386306,1.0,485.552576,72.850176,103.183194,256.978144,52.541062,48.284122,21207.799799,3513.75818,4962.884,7.1,1499.750973,2006.907207,1.0
200,traffic_split,99,0.983125,40.2688,1441.326612,3610.586481,0.016875,0.997204,0.344856,0.344856,1.0,485.521127,70.027848,103.23367,259.78119,52.478419,49.763602,20577.288705,3631.955947,5047.676,7.1,1514.62356,2110.232387,1.0
200,laca,42,0.937083,38.382933,1859.594493,4555.805024,0.062917,0.989359,0.352963,0.352963,1.0,532.790282,67.485264,103.146581,310.951511,51.206926,43.224812,23690.097033,3432.425933,4559.4,7.1,1513.3206,1912.005333,1.0
200,laca,7,0.941667,38.570667,1919.545239,4625.910068,0.058333,0.993271,0.350429,0.350429,1.0,532.580466,67.61688,103.157956,310.590127,51.215503,43.45334,23565.507338,3425.677587,4486.068,7.1,1503.0636,1915.513987,1.0
200,laca,99,0.940625,38.528,1948.675144,4715.010492,0.059375,0.992648,0.353394,0.353272,1.0,534.623339,67.856328,103.153335,312.445177,51.168499,43.239414,23682.096979,3433.696547,4538.828,7.1,1517.7911,1908.805447,1.0
200,rl,42,0.97,39.7312,1852.63,4383.935549,0.03,0.997402,0.359755,0.359755,1.0,522.874511,70.567848,103.205233,297.568977,51.532454,45.591666,22460.245323,3583.107327,4900.137333,7.1,1513.810407,2062.19692,1.0
200,rl,7,0.972292,39.825067,1822.708821,4327.43791,0.027708,0.997796,0.363647,0.363647,1.0,518.652125,71.237112,103.213764,292.545127,51.656122,46.07142,22226.36061,3562.363133,4702.290667,7.1,1500.361667,2054.901467,1.0
200,rl,99,0.947917,38.826667,1964.902715,4622.639106,0.052083,0.994337,0.363593,0.363593,1.0,534.86302,69.522072,103.163643,310.976806,51.200498,43.555077,23510.462405,3595.2624,4926.294667,7.1,1516.883033,2071.279367,1.0
400,no_raw,42,0.130208,10.666667,2873.785881,5052.196173,0.869792,0.876234,0.865136,0.803083,1.0,2513.438186,50.207796,101.575241,2361.655149,0.0,1.273156,804300.21952,32780.260053,81693.464,7.1,3036.44997,29736.710083,1.0
400,no_raw,7,0.127188,10.4192,2869.346239,5001.086153,0.872812,0.879656,0.866233,0.805248,1.0,2513.45501,50.231328,101.569198,2361.654484,0.0,1.243611,823408.684597,33497.01441,83363.924,7.1,3026.00269,30463.91172,1.0
400,no_raw,99,0.129479,10.606933,2864.56814,5061.670584,0.870521,0.876474,0.865591,0.803563,1.0,2513.448049,50.219976,101.573819,2361.654255,0.0,1.266022,808832.839732,31889.170247,79843.22,7.1,3038.56755,28843.502697,1.0
400,static,42,0.364896,29.892267,3242.718613,8663.462893,0.635104,0.669713,0.491221,0.490692,1.0,465.222756,36.81246,102.130657,274.056953,52.222685,19.276099,53122.781128,7403.61986,10433.825333,7.1,3035.545883,4360.973977,1.0
400,static,7,0.366042,29.986133,3332.740538,8965.871661,0.633958,0.671991,0.489422,0.488894,1.0,472.616972,36.803172,102.132079,281.648818,52.032903,19.034103,53798.17551,7548.776936,10456.462667,7.1,3035.364314,4506.312622,0.9975
400,static,99,0.366354,30.011733,3290.718318,8910.219637,0.633646,0.668538,0.489684,0.488837,1.0,464.754579,36.792768,102.133857,273.593658,52.234296,19.372633,52858.069819,7417.152357,10397.589333,7.1,3045.394247,4364.65811,1.0
400,adaptive,42,0.427396,35.012267,3125.121782,7772.606517,0.572604,0.769392,0.501969,0.501603,1.0,487.173521,43.369128,102.24103,289.752162,51.811202,21.560449,47494.372039,7978.398683,11998.448,7.1,3031.186903,4940.11178,1.0
400,adaptive,7,0.430312,35.2512,3162.236386,7844.248989,0.569688,0.769283,0.500733,0.500183,1.0,489.148007,43.332756,102.241207,291.814295,51.759748,21.619959,47363.641409,7830.108184,11921.232,7.1,3029.442339,4793.565845,0.9975
400,adaptive,99,0.429688,35.2,3213.99822,8192.830248,0.570312,0.777409,0.500962,0.500137,1.0,485.797043,43.380192,102.24334,288.326723,51.846788,21.737473,47107.592074,7861.129513,12002.358667,7.1,3032.249587,4821.779927,1.0
400,cluster_csv,42,0.475208,38.929067,2812.33098,7501.972047,0.524792,0.744124,0.471957,0.470709,1.0,481.38349,44.716836,102.328475,282.346279,51.9919,24.260741,42208.109574,7724.13513,11511.197333,7.1,3038.603497,4678.431633,1.0
400,cluster_csv,7,0.474792,38.894933,2813.33149,7628.759322,0.525208,0.738581,0.473403,0.471532,1.0,482.899372,44.7549,102.323853,283.8668,51.953818,24.163378,42378.180991,7783.326807,11837.66,7.1,3032.4778,4743.749007,1.0
400,cluster_csv,99,0.482708,39.543467,2738.028546,7530.513765,0.517292,0.744414,0.463129,0.461607,1.0,485.965555,44.532852,102.341982,287.220269,51.870452,24.411277,41947.825223,7731.130165,12135.698667,7.1,3040.608211,4683.421955,0.9975
400,traffic_split,42,0.441875,36.1984,3133.147839,7856.88167,0.558125,0.787963,0.50427,0.503469,1.0,488.50676,44.844012,102.268934,289.582698,51.811116,22.23003,46063.815199,8007.720713,12584.206667,7.1,3048.00516,4952.615553,1.0
400,traffic_split,7,0.443333,36.317867,3116.166472,7922.119076,0.556667,0.787956,0.498969,0.49879,1.0,492.932145,44.465868,102.264135,294.513199,51.688943,22.103164,46328.209076,7911.958437,12484.333333,7.1,3028.88628,4875.972157,1.0
400,traffic_split,99,0.448542,36.744533,2976.485297,7384.85811,0.551458,0.724917,0.503182,0.502917,1.0,489.765865,45.14508,102.274444,290.560552,51.785789,22.507408,45496.132382,7635.686597,11988.418667,7.1,3047.48184,4581.104757,1.0
400,laca,42,0.385104,31.547733,3668.073759,9073.828949,0.614896,0.752811,0.480809,0.480187,1.0,483.368254,37.647912,102.165849,291.777425,51.777069,19.579937,52298.431605,7282.875479,10178.985333,7.1,3028.458667,4247.316812,0.9975
400,laca,7,0.383437,31.4112,3824.230896,9421.644639,0.616563,0.756176,0.481881,0.481881,1.0,477.342258,37.605348,102.160161,285.646236,51.930513,19.741307,51870.932652,7260.582907,10152.209333,7.1,3026.00269,4227.480217,1.0
400,laca,99,0.381979,31.291733,3755.65761,9444.959965,0.618021,0.747332,0.482597,0.481766,1.0,477.316812,37.580928,102.162294,285.642945,51.930645,19.667273,52066.191653,7246.099723,9954.558667,7.1,3040.394107,4198.605617,1.0
400,rl,42,0.529062,43.3408,3571.169059,8973.37174,0.470938,0.845235,0.396016,0.396016,1.0,440.705857,42.381108,102.424273,242.917132,52.983344,29.503216,34708.080918,7227.05823,10465.076,7.1,3030.862833,4189.095397,1.0
400,rl,7,0.535729,43.886933,3619.025406,9009.088109,0.464271,0.866889,0.388816,0.388816,1.0,445.811183,42.305268,102.432804,248.222253,52.850858,29.532862,34673.23995,7197.659312,10101.504,7.1,3027.03328,4163.526032,0.9975
400,rl,99,0.524167,42.939733,3651.835827,8993.40791,0.475833,0.861799,0.39942,0.399327,1.0,440.274953,42.402204,102.417519,242.460473,52.994757,29.258807,34998.008956,7201.74339,10152.761333,7.1,3038.501277,4156.142113,1.0
600,no_raw,42,0.084931,10.436267,2958.193753,5054.899515,0.915069,0.813169,0.818231,0.764934,1.0,2498.237645,33.138856,101.533686,2363.565103,0.0,0.83549,1225627.626143,47727.624901,119616.204,7.1,4043.695162,43676.829739,0.821667
600,no_raw,7,0.086181,10.589867,2935.010529,5047.71785,0.913819,0.801618,0.816361,0.763428,1.0,2498.237787,33.13964,101.532867,2363.56528,0.0,0.847787,1207850.662584,47143.285615,119988.316,7.1,4028.337604,43107.848011,0.813333
600,no_raw,99,0.085139,10.461867,2941.576991,5028.098352,0.914861,0.804696,0.817554,0.764783,1.0,2498.233246,33.1332,101.534614,2363.565432,0.0,0.837541,1222626.384731,48341.464934,119808.32,7.1,4047.779777,44286.585157,0.818333
600,static,42,0.262986,32.315733,3749.238456,9172.697205,0.737014,0.716979,0.497575,0.496969,1.0,512.434289,28.876672,101.963114,330.766153,50.82835,12.612635,81188.427044,12306.075209,19208.562667,7.1,4550.547469,7748.42774,1.0
600,static,7,0.262639,32.273067,3599.806983,8798.897284,0.737361,0.70708,0.497531,0.497271,1.0,508.200701,28.859952,101.961929,326.442318,50.936502,12.700914,80624.119708,11920.342967,18795.862667,7.1,4559.539397,7353.70357,0.998333
600,static,99,0.261389,32.119467,3735.776002,9223.358895,0.738611,0.731154,0.49909,0.498744,1.0,511.011519,28.863392,101.961337,329.322293,50.864498,12.570936,81457.734228,12065.055953,18945.656,7.1,4568.58357,7489.372383,0.998333
600,adaptive,42,0.248472,30.532267,4160.414178,10079.714605,0.751528,0.671729,0.528156,0.527467,1.0,530.365975,29.076544,101.924961,348.992015,50.372456,11.51366,88937.838206,12737.5538,20228.294667,7.1,4556.506216,8173.947584,1.0
600,adaptive,7,0.249097,30.609067,4066.631619,10012.119308,0.750903,0.656652,0.527938,0.526474,1.0,529.590733,29.080576,101.92733,348.190359,50.392467,11.559517,88585.012422,12703.659769,19987.869333,7.1,4559.046636,8137.513133,1.0
600,adaptive,99,0.247639,30.429867,4059.098513,10078.463323,0.752361,0.664428,0.528642,0.527952,1.0,525.503197,29.062232,101.925079,344.019067,50.496818,11.58123,88418.933829,12499.320318,19722.364,7.1,4570.760896,7921.459422,1.0
600,cluster_csv,42,0.294931,36.241067,3217.083643,8398.829419,0.705069,0.659489,0.463375,0.462359,1.0,506.665203,29.670144,102.026861,323.972731,50.995467,14.305726,71579.732055,12171.552856,19472.417333,7.1,4575.039291,7589.413564,1.0
600,cluster_csv,7,0.301389,37.034667,3339.378529,8871.732334,0.698611,0.646195,0.45589,0.455467,1.0,506.194507,29.740328,102.039421,323.405404,51.009354,14.632583,69980.807431,11980.816187,19330.093333,7.1,4566.907947,7406.80824,1.0
600,cluster_csv,99,0.300833,36.9664,3312.578896,8391.607444,0.699167,0.669755,0.466939,0.466189,1.0,513.06997,30.264392,102.034089,329.926577,50.844912,14.409886,71062.322751,12271.881624,19653.065333,7.1,4561.707553,7703.074071,1.0
600,traffic_split,42,0.239028,29.371733,3954.781125,10006.449599,0.760972,0.558559,0.543467,0.542524,1.0,540.974128,29.231016,101.907543,359.731899,50.10367,10.858831,94301.126271,12457.289298,19607.308,7.1,4556.015045,7894.174253,0.998333
600,traffic_split,7,0.256319,31.496533,4076.051625,10755.986639,0.743681,0.641497,0.526503,0.52608,1.0,524.107933,29.659728,101.938824,341.96293,50.546451,12.019102,85197.713299,12248.485198,19209.658667,7.1,4540.31258,7701.072618,1.0
600,traffic_split,99,0.238681,29.329067,4318.918849,11181.19361,0.761319,0.587132,0.544295,0.543525,1.0,533.147323,29.287328,101.907306,351.647052,50.305637,11.002237,93071.979527,12402.461916,19798.334667,7.1,4558.898198,7836.463718,1.0
600,laca,42,0.225903,27.758933,4927.601168,12933.004838,0.774097,0.657325,0.501592,0.501592,1.0,500.016146,25.346248,101.887163,321.717756,51.064979,11.103215,92225.541804,11159.033247,15949.661333,7.1,4550.105042,6601.828204,1.0
600,laca,7,0.222153,27.298133,4969.208137,13199.449165,0.777847,0.660883,0.50816,0.507677,1.0,503.211675,25.322936,101.880409,325.025936,50.982394,10.849563,94381.683292,11145.640968,15821.849333,7.1,4563.472525,6575.068443,0.998333
600,laca,99,0.219028,26.914133,5026.633388,13271.189607,0.780972,0.646779,0.512162,0.511583,1.0,501.941118,25.352728,101.875551,323.697272,51.015567,10.72402,95486.579191,11259.69042,15951.968,7.1,4565.003869,6687.586551,1.0
600,rl,42,0.308542,37.9136,4712.165373,12010.184379,0.691458,0.736274,0.437434,0.437434,1.0,478.039671,28.486024,102.03717,295.813832,51.702646,15.862114,64556.336446,11594.162342,17967.592,7.1,4566.317231,7020.745111,1.0
600,rl,7,0.30875,37.9392,4821.159746,12078.485834,0.69125,0.737186,0.437681,0.437681,1.0,476.235202,28.493456,102.035748,293.95694,51.749059,15.932967,64269.258092,11458.341102,17264.758667,7.1,4556.401933,6894.839169,1.0
600,rl,99,0.306806,37.700267,4730.049304,12067.733298,0.693194,0.745513,0.441001,0.440826,1.0,476.830795,28.523744,102.031956,294.540683,51.734412,15.812849,64757.464186,11507.695058,17576.176,7.1,4555.1931,6945.401958,1.0
800,no_raw,42,0.06349,10.402133,2821.07284,5004.212467,0.93651,0.803883,0.775923,0.726229,1.0,2490.670544,24.65529,101.495079,2364.520175,0.0,0.626466,1634566.394837,49138.992914,119709.572,7.1,4582.064214,44549.8287,0.6
800,no_raw,7,0.063542,10.410667,2848.744651,4977.480583,0.936458,0.791766,0.776637,0.72623,1.0,2490.675123,24.661452,101.493752,2364.519919,0.0,0.626979,1633229.588634,49409.653043,119575.968,7.1,4563.078615,44839.474428,0.60875
800,no_raw,99,0.062865,10.299733,2878.772419,5066.2205,0.937135,0.802264,0.77787,0.727039,1.0,2490.67443,24.662004,101.492006,2364.520421,0.0,0.620298,1650819.837835,49585.67433,119943.932,7.1,4562.67691,45015.89742,0.59875
800,static,42,0.189583,31.061333,3649.801361,8945.964256,0.810417,0.716195,0.465178,0.464764,1.0,545.77614,21.445386,101.851083,372.677561,49.802111,8.536833,119950.800087,15952.581748,25182.549333,7.1,6093.888307,9851.593442,1.0
800,static,7,0.188698,30.916267,3792.329807,9010.270689,0.811302,0.705877,0.467251,0.466589,1.0,545.92306,21.44937,101.846906,372.828423,49.798362,8.494677,120546.080141,15965.18903,24751.265333,7.1,6051.723233,9906.365797,1.0
800,static,99,0.19,31.1296,3740.242098,8994.697096,0.81,0.717833,0.466149,0.465818,1.0,548.935113,21.463974,101.849128,375.90051,49.721501,8.506361,120380.507258,16128.065807,25002.049333,7.1,6085.041392,10035.924415,1.0
800,adaptive,42,0.17026,27.895467,5025.496119,13543.425742,0.82974,0.616398,0.529215,0.528154,1.0,595.684541,21.803808,101.788343,423.562903,48.529488,7.024389,145777.80148,17466.402595,28138.394667,7.1,6088.635278,11370.667317,1.0
800,adaptive,7,0.170469,27.9296,5005.060714,13920.465976,0.829531,0.608362,0.529124,0.527982,1.0,598.113616,21.807906,101.786566,426.051879,48.467266,7.004422,146193.367915,17602.516037,28193.894667,7.1,6047.580605,11547.835432,1.0
800,adaptive,99,0.169115,27.707733,5002.662505,13123.95076,0.830885,0.622682,0.53114,0.530242,1.0,602.143086,21.808602,101.786425,430.184099,48.36396,6.90228,148356.7813,17682.257076,28408.749333,7.1,6086.273534,11588.883543,0.99875
800,cluster_csv,42,0.21901,35.882667,3208.268935,8437.931577,0.78099,0.66597,0.431971,0.43141,1.0,543.33069,22.326498,101.906447,369.211886,49.885859,9.906306,103368.502226,15777.058635,24952.346667,7.1,6094.021518,9675.937117,1.0
800,cluster_csv,7,0.217708,35.669333,3046.210157,8364.414555,0.782292,0.654085,0.42401,0.42344,1.0,534.300777,21.866064,101.902714,360.425163,50.106836,10.013835,102258.522006,15505.893297,24704.82,7.1,6051.036872,9447.756425,1.0
800,cluster_csv,99,0.215417,35.293867,3029.193352,8013.492324,0.784583,0.652393,0.426334,0.425518,1.0,532.609113,21.833964,101.900493,358.725215,50.149442,9.939898,103019.17086,15429.851107,24420.641333,7.1,6092.825645,9329.925462,1.0
800,traffic_split,42,0.177448,29.073067,5417.292281,15499.57776,0.822552,0.562408,0.516656,0.516003,1.0,585.841858,21.796242,101.801673,413.46202,48.781923,7.44392,137561.927307,16720.121753,27011.116,7.1,6081.00086,10632.020893,1.0
800,traffic_split,7,0.177969,29.1584,5577.645166,17866.2974,0.822031,0.515379,0.51365,0.513324,1.0,585.361576,21.76887,101.802028,412.997057,48.79362,7.471895,137046.901082,16553.600517,27235.436,7.1,6038.000747,10508.49977,1.0
800,traffic_split,99,0.175729,28.791467,5196.013923,15475.06821,0.824271,0.535077,0.521314,0.520906,1.0,594.874286,21.839364,101.79723,422.686464,48.551228,7.259887,141049.03049,17182.083612,27932.458667,7.1,6082.47694,11092.506672,1.0
800,laca,42,0.148906,24.3968,5995.049102,16921.583599,0.851094,0.616729,0.51402,0.513839,1.0,550.670712,19.133334,101.752441,380.162738,49.622199,6.645569,154087.642347,15188.580567,21867.593333,7.1,6058.147245,9123.333322,1.0
800,laca,7,0.149062,24.4224,5818.671409,15526.628156,0.850938,0.612955,0.514366,0.513824,1.0,551.444439,19.163688,101.751286,380.926434,49.603032,6.643208,154142.400968,15231.644297,21934.34,7.1,6049.104103,9175.440193,1.0
800,laca,99,0.151146,24.763733,5921.533041,16782.927195,0.848854,0.613943,0.508928,0.508837,1.0,553.736706,19.095192,101.75701,383.34171,49.542794,6.70817,152649.677848,15237.20559,21715.621333,7.1,6084.767903,9145.337687,0.99875
800,rl,42,0.235677,38.613333,6042.153775,16239.503177,0.764323,0.739705,0.402228,0.402228,1.0,511.721798,21.116328,101.91089,338.025742,50.668838,11.31865,90470.152052,15067.106152,22938.436,7.1,6090.649748,8969.356403,1.0
800,rl,7,0.23599,38.664533,5832.093983,15253.418073,0.76401,0.73077,0.401239,0.401239,1.0,514.038148,21.137754,101.910535,340.379933,50.609927,11.282587,90759.328744,15193.773837,22983.014667,7.1,6051.018495,9135.655342,1.0
800,rl,99,0.23724,38.869333,5960.042887,15674.326843,0.76276,0.724802,0.39938,0.39938,1.0,516.004225,21.115848,101.912616,342.41671,50.559051,11.299132,90626.428075,15151.204472,22558.946667,7.1,6083.754989,9060.349484,0.99875
1000,no_raw,42,0.049083,10.052267,2868.344273,5024.010971,0.950917,0.793454,0.739345,0.692754,1.0,2486.132099,19.5684,101.470331,2365.093369,0.0,0.4852,2110468.675224,51166.399781,119458.24,7.1,5156.346686,46002.953095,0.482
1000,no_raw,7,0.049542,10.146133,2925.537089,5020.923859,0.950458,0.790585,0.738555,0.691895,1.0,2486.128244,19.562582,101.472274,2365.093388,0.0,0.489732,2090940.491348,51950.356941,119800.948,7.1,5178.90969,46764.347251,0.486
1000,no_raw,99,0.048917,10.018133,2855.264518,5018.924593,0.951083,0.813725,0.739223,0.692884,1.0,2486.134185,19.570286,101.470934,2365.092964,0.0,0.483552,2117661.145667,50526.505932,119802.268,7.1,5158.569549,45360.836383,0.488
1000,static,42,0.149208,30.557867,3778.311168,9032.259359,0.850792,0.7161,0.431183,0.430787,1.0,598.946939,16.984906,101.787134,431.838916,48.335983,6.122319,167256.894458,19835.35464,30828.870667,7.1,7604.933649,12223.320991,1.0
1000,static,7,0.144833,29.661867,3628.854774,8951.563961,0.855167,0.712626,0.437871,0.437554,1.0,606.14461,16.997861,101.7823,439.21281,48.151638,5.872236,174379.922219,20218.735477,31554.04,7.1,7608.188143,12603.447335,1.0
1000,static,99,0.148542,30.421333,3677.15272,8917.898371,0.851458,0.708765,0.432334,0.432255,1.0,603.730424,16.994971,101.78621,436.7357,48.213543,6.046672,169349.347632,20095.468704,31122.876,7.1,7575.749412,12512.619292,1.0
1000,adaptive,42,0.126917,25.992533,5930.107419,16784.465676,0.873083,0.628513,0.521975,0.521199,1.0,681.148408,17.409509,101.714335,515.787899,46.236666,4.579184,223620.619941,22748.549979,36969.508,7.1,7615.248151,15126.201828,1.0
1000,adaptive,7,0.12525,25.6512,5945.067929,16410.313193,0.87475,0.629864,0.525924,0.525303,1.0,682.389622,17.417419,101.71078,517.056464,46.204958,4.510831,227009.188798,22827.718396,37199.610667,7.1,7616.880317,15203.738079,1.0
1000,adaptive,99,0.126292,25.864533,5960.758134,16907.240696,0.873708,0.606247,0.524689,0.523913,1.0,678.550149,17.413262,101.710668,513.122909,46.30331,4.574082,223870.058964,22508.803673,36482.374667,7.1,7586.192597,14915.511076,0.999
1000,cluster_csv,42,0.167125,34.2272,2986.786004,8077.137764,0.832875,0.65686,0.400498,0.399875,1.0,597.096249,17.363088,101.824316,429.516143,48.392702,6.87873,148864.684452,19841.261177,31607.296,7.1,7608.979863,12225.181315,1.0
1000,cluster_csv,7,0.166708,34.141867,3058.85477,8086.974667,0.833292,0.665276,0.400452,0.399906,1.0,590.148623,17.340686,101.824885,422.412706,48.570345,6.94236,147500.280607,19485.675656,30330.908,7.1,7626.413596,11852.16206,1.0
1000,cluster_csv,99,0.165667,33.928533,2995.164886,8102.303862,0.834333,0.66784,0.404201,0.403578,1.0,597.008214,17.380853,101.819867,429.412208,48.395287,6.819712,150152.971448,19728.82647,31460.112,7.1,7557.589423,12164.137048,0.999
1000,traffic_split,42,0.143167,29.320533,7073.801902,23021.496911,0.856833,0.527454,0.484169,0.483778,1.0,663.082086,17.25972,101.74526,497.380078,46.697028,5.306227,192980.816653,21655.160915,34989.942667,7.1,7610.663084,14037.397831,1.0
1000,traffic_split,7,0.145417,29.781333,7120.888673,27417.175497,0.854583,0.518826,0.474986,0.474595,1.0,662.260898,17.233306,101.754289,496.555664,46.717639,5.396302,189759.569593,21599.323896,33762.173333,7.1,7624.981575,13967.242321,1.0
1000,traffic_split,99,0.148458,30.404267,6999.441736,23982.043221,0.851542,0.508727,0.472103,0.471164,1.0,664.922642,17.237448,101.756239,499.279438,46.649517,5.487123,186618.760051,21680.928831,35129.446667,7.1,7599.818862,14074.00997,0.999
1000,laca,42,0.111208,22.775467,7285.879327,21916.501744,0.888792,0.611097,0.507507,0.507422,1.0,614.755154,15.360494,101.687319,449.815454,47.891887,4.445763,230331.642671,19389.894479,27936.770667,7.1,7630.148813,11752.645665,1.0
1000,laca,7,0.111583,22.852267,7280.087391,21436.588451,0.888417,0.61098,0.507674,0.507077,1.0,617.469953,15.378312,101.686253,452.582724,47.822664,4.441142,230571.304187,19535.762276,27994.801333,7.1,7611.567584,11917.094692,1.0
1000,laca,99,0.109875,22.5024,7256.776544,21121.898048,0.890125,0.614236,0.509246,0.509161,1.0,614.645464,15.38245,101.685897,449.681942,47.895175,4.393245,233085.120895,19386.294899,27940.08,7.1,7591.963795,11787.231104,1.0
1000,rl,42,0.190375,38.9888,7362.323895,20256.265171,0.809625,0.72272,0.372898,0.372898,1.0,567.603421,16.724549,101.832918,399.911429,49.134524,8.242826,124229.245034,18930.117917,28468.418667,7.1,7605.929732,11317.088185,1.0
1000,rl,7,0.190792,39.074133,7252.982397,20168.329774,0.809208,0.719115,0.372568,0.372568,1.0,565.789919,16.727678,101.833914,398.047214,49.181113,8.287345,123561.895319,18849.255979,28511.164,7.1,7611.153143,11231.002836,1.0
1000,rl,99,0.189583,38.826667,7340.498467,19844.869984,0.810417,0.71774,0.373469,0.373469,1.0,563.515128,16.72777,101.832847,395.715087,49.239424,8.268101,123849.478642,18714.320315,28038.053333,7.1,7583.329239,11123.891076,1.0
