mode,n,pdr_mean,pdr_ci_lo,pdr_ci_hi,tput_kbps_mean,tput_kbps_ci_lo,tput_kbps_ci_hi,avg_delay_ms_mean,avg_delay_ms_ci_lo,avg_delay_ms_ci_hi,p95_delay_ms_mean,p95_delay_ms_ci_lo,p95_delay_ms_ci_hi,drop_rate_mean,drop_rate_ci_lo,drop_rate_ci_hi,fairness_mean,fairness_ci_lo,fairness_ci_hi,col_rate_mean,col_rate_ci_lo,col_rate_ci_hi,retry_rate_mean,retry_rate_ci_lo,retry_rate_ci_hi,e_total_mj_mean,e_total_mj_ci_lo,e_total_mj_ci_hi,e_sleep_mj_mean,e_sleep_mj_ci_lo,e_sleep_mj_ci_hi,e_idle_mj_mean,e_idle_mj_ci_lo,e_idle_mj_ci_hi,ee_kbit_j_mean,ee_kbit_j_ci_lo,ee_kbit_j_ci_hi,e_per_pkt_uj_mean,e_per_pkt_uj_ci_lo,e_per_pkt_uj_ci_hi
tabular,100,0.973333,0.901229,1.045437,19.933867,18.457175,21.410558,1024.634591,462.81429,1586.454892,3053.514931,1122.759637,4984.270226,0.026667,-0.045437,0.098771,0.997138,0.987219,1.007057,0.290342,0.152454,0.428231,0.290261,0.152695,0.427826,442.470924,406.930414,478.011434,53.442241,52.740376,54.144106,221.913318,194.832589,248.994047,54.13237,45.900903,62.363838,18964.537229,16043.938385,21885.136072
tabular,200,0.693056,0.54477,0.841341,28.387556,22.313768,34.461343,2384.702464,1907.53379,2861.871137,6221.170255,4781.258928,7661.081581,0.306944,0.158659,0.45523,0.951441,0.908862,0.99402,0.457723,0.370128,0.545318,0.45737,0.370492,0.544247,462.521069,386.152458,538.88968,52.874081,51.16222,54.585942,245.022796,177.708193,312.337399,36.79455,34.832313,38.756788,27838.667156,26370.233856,29307.100455
tabular,400,0.345139,0.079234,0.611044,28.273778,6.490842,50.056714,4130.448578,2248.96574,6011.931416,10938.728337,4674.009754,17203.446919,0.654861,0.388956,0.920766,0.745587,0.584251,0.906922,0.480942,0.41907,0.542815,0.480629,0.419043,0.542215,446.045805,374.198304,517.893307,52.657715,51.262269,54.053161,256.939154,203.387559,310.49075,18.818886,6.577364,31.060408,57405.447837,14654.90565,100155.990024
tabular,600,0.237847,0.134497,0.341197,29.226667,16.526993,41.92634,5928.475471,3750.453761,8106.497182,16633.350371,8673.15857,24593.542172,0.762153,0.658803,0.865503,0.705425,0.655909,0.754941,0.451408,0.442495,0.46032,0.451337,0.442346,0.460328,462.666898,421.579836,503.753959,51.981944,51.088703,52.875185,285.232462,250.272284,320.19264,12.60158,7.930615,17.272545,82599.408255,49133.888605,116064.927905
tabular,800,0.173264,0.10078,0.245748,28.387556,16.511751,40.26336,7245.685885,6018.505707,8472.866063,19404.267665,15080.880076,23727.655254,0.826736,0.754252,0.89922,0.690185,0.617663,0.762706,0.431236,0.396576,0.465896,0.431236,0.396576,0.465896,483.803823,436.777732,530.829915,51.302139,50.15986,52.444417,313.122645,267.723306,358.521983,8.795321,5.285241,12.305402,118583.789525,68375.671883,168791.907167
tabular,1000,0.149833,0.129055,0.170612,30.685867,26.430429,34.941304,8582.146706,7295.321491,9868.97192,24017.625481,19592.721432,28442.529531,0.850167,0.829388,0.870945,0.692193,0.629733,0.754653,0.412148,0.361929,0.462368,0.412148,0.361929,0.462368,534.30454,504.461454,564.147626,49.950472,49.179946,50.720997,367.475548,336.620491,398.330604,6.899389,5.589871,8.208906,149020.97654,119647.362765,178394.590316
tabular_ddqn,100,0.951389,0.846782,1.055996,19.484444,17.342087,21.626802,1335.573138,139.476115,2531.670162,3572.503861,255.013685,6889.994037,0.048611,-0.055996,0.153218,0.998178,0.994083,1.002273,0.273407,0.120348,0.426466,0.273407,0.120348,0.426466,437.655425,381.346777,493.964072,53.497634,52.242601,54.752667,220.038579,170.70276,269.374398,53.594694,40.947373,66.242016,19217.220978,14865.745632,23568.696324
tabular_ddqn,200,0.837917,0.683142,0.992691,34.321067,27.98151,40.660624,2280.890656,1776.980061,2784.801251,5685.575128,4063.352316,7307.797941,0.162083,0.007309,0.316858,0.982208,0.952475,1.011941,0.372111,0.197372,0.546849,0.372111,0.197372,0.546849,486.53324,410.932583,562.133896,52.293503,50.604303,53.982703,268.013324,201.623739,334.40291,42.505728,29.596773,55.414683,24318.850091,17365.523573,31272.17661
tabular_ddqn,400,0.408889,0.264088,0.553689,33.496178,21.634118,45.358237,4097.499396,3566.059245,4628.939547,10648.812936,7782.026805,13515.599067,0.591111,0.446311,0.735912,0.787155,0.720508,0.853802,0.446012,0.374775,0.517248,0.445945,0.374479,0.51741,446.465071,424.685535,468.244607,52.71131,52.055646,53.366975,254.45474,227.661964,281.247517,22.532545,14.092013,30.973077,46198.825809,27553.376497,64844.275122
tabular_ddqn,600,0.278171,0.263911,0.292432,34.181689,32.429367,35.934011,5196.821065,4720.448806,5673.193324,13518.515441,11668.286271,15368.744611,0.721829,0.707568,0.736089,0.729103,0.690016,0.768191,0.44489,0.411569,0.47821,0.444829,0.411604,0.478053,463.042024,441.228329,484.855719,52.040036,51.479831,52.60024,282.561496,260.135594,304.987399,14.77117,13.329786,16.212555,69394.325632,62743.380303,76045.270962
tabular_ddqn,800,0.173212,0.123941,0.222483,28.379022,20.306497,36.451548,7947.76408,3887.50963,12008.018529,23389.30654,4917.214552,41861.398527,0.826788,0.777517,0.876059,0.698394,0.61038,0.786408,0.441099,0.367907,0.514292,0.440982,0.368294,0.513669,487.693765,415.045342,560.342189,51.210765,49.443269,52.978261,316.737239,246.499906,386.974572,8.734407,6.317214,11.151599,118177.060341,86706.619533,149647.501149
tabular_ddqn,1000,0.154278,0.018671,0.289885,31.596089,3.823769,59.368409,9499.744847,7448.605947,11550.883747,30049.282622,20160.017521,39938.547723,0.845722,0.710115,0.981329,0.712581,0.514478,0.910684,0.373043,0.110838,0.635247,0.373043,0.110838,0.635247,539.362691,487.10983,591.615552,49.801125,48.408985,51.193266,373.542139,317.541029,429.543248,7.102067,0.097262,14.106871,158207.56371,25313.980795,291101.146625
dqn,100,0.946667,0.831878,1.061455,19.387733,17.036861,21.738606,1462.829082,359.616507,2566.041657,3711.396523,171.020809,7251.772236,0.053333,-0.061455,0.168122,0.997573,0.992089,1.003056,0.21926,0.008006,0.430514,0.21926,0.008006,0.430514,388.392542,335.489587,441.295496,54.655764,53.213334,56.098194,174.227149,115.827379,232.626919,60.134322,44.254205,76.01444,17150.581765,12871.556557,21429.606974
dqn,200,0.760694,0.331839,1.18955,31.158044,13.592133,48.723956,2433.97624,372.967678,4494.984802,6611.805971,-523.960536,13747.572477,0.239306,-0.18955,0.668161,0.977723,0.9272,1.028246,0.411202,0.18104,0.641365,0.411001,0.181706,0.640295,457.321668,335.828723,578.814612,53.007181,50.519905,55.494457,239.673325,143.306559,336.04009,40.639687,26.57483,54.704544,25514.066089,17013.332942,34014.799236
dqn,400,0.408576,0.301678,0.515475,33.470578,24.713431,42.227725,4603.291138,3467.853191,5738.729086,12507.661347,5476.882801,19538.439893,0.591424,0.484525,0.698322,0.842338,0.79129,0.893386,0.371001,0.303401,0.438601,0.371001,0.303401,0.438601,423.945722,378.266791,469.624652,53.182641,52.284163,54.081118,236.117463,201.544726,270.6902,23.644336,19.832535,27.456138,43429.722526,36461.781876,50397.663177
dqn,600,0.234653,0.114078,0.355227,28.834133,14.017949,43.650318,5622.240091,4107.486136,7136.994046,14496.8591,10822.535013,18171.183188,0.765347,0.644773,0.885922,0.726701,0.645176,0.808227,0.440529,0.323365,0.557692,0.440493,0.323457,0.55753,450.057662,430.804808,469.310516,52.285252,51.874453,52.69605,273.198798,257.117126,289.280469,12.806363,6.399636,19.21309,81950.436798,45107.714014,118793.159583
dqn,800,0.157274,0.020325,0.294224,25.767822,3.330057,48.205588,8983.275301,-397.087457,18363.638059,30245.446864,-15600.647622,76091.54135,0.842726,0.705776,0.979675,0.718372,0.58591,0.850834,0.372173,0.165747,0.578598,0.372173,0.165747,0.578598,489.790957,464.455977,515.125938,51.090998,50.6025,51.579497,321.853423,302.740545,340.966302,7.880922,1.051536,14.710307,142220.416536,8465.120671,275975.712402
dqn,1000,0.149667,0.110673,0.188661,30.651733,22.66578,38.637686,8278.337755,5910.588079,10646.08743,24139.561185,19568.920903,28710.201467,0.850333,0.811339,0.889327,0.708717,0.613748,0.803686,0.406263,0.272641,0.539886,0.406235,0.272715,0.539756,542.940961,473.804949,612.076972,49.725361,47.972683,51.478039,376.497577,306.471957,446.523198,6.809601,4.153663,9.465538,152690.828216,97710.302824,207671.353607
ddqn,100,0.95625,0.881326,1.031174,19.584,18.049547,21.118453,1370.549862,682.833075,2058.266649,3709.477755,2156.296227,5262.659284,0.04375,-0.031174,0.118674,0.997256,0.989392,1.005119,0.242441,0.169106,0.315775,0.242441,0.169106,0.315775,414.918963,248.294361,581.543566,54.020838,49.844829,58.196847,199.400278,32.845005,365.955552,57.484907,37.979734,76.99008,18030.362922,12094.656821,23966.069023
ddqn,200,0.919861,0.814589,1.025133,37.677511,33.365559,41.989463,2042.919485,1602.410913,2483.428057,5169.38066,3747.898461,6590.862859,0.080139,-0.025133,0.185411,0.993369,0.9856,1.001138,0.340469,0.216615,0.464323,0.340429,0.216588,0.46427,482.642463,343.254215,622.030712,52.448894,49.221414,55.676373,261.491673,134.104227,388.879119,47.197267,34.996529,59.398006,21851.243365,16288.378535,27414.108195
ddqn,400,0.348924,0.081925,0.615922,28.583822,6.711321,50.456324,5130.222611,644.47144,9615.973781,13638.785778,-101.890352,27379.461907,0.651076,0.384078,0.918075,0.78575,0.773892,0.797609,0.400836,0.27093,0.530743,0.400764,0.271119,0.53041,402.034528,271.361705,532.707351,53.689771,50.921642,56.457901,216.124687,108.349779,323.899595,20.977573,10.756467,31.19868,50214.355031,23521.843143,76906.866919
ddqn,600,0.28794,0.210141,0.365739,35.382044,25.82213,44.941959,6100.923305,3662.970214,8538.876396,18185.604757,2585.79695,33785.412563,0.71206,0.634261,0.789859,0.771859,0.752013,0.791705,0.375607,0.303196,0.448017,0.375574,0.303211,0.447937,433.441335,395.861404,471.021267,52.739845,51.90771,53.57198,254.852613,222.172482,287.532743,16.310577,12.672807,19.948347,63111.664757,49386.770953,76836.55856
ddqn,800,0.197101,0.096037,0.298164,32.292978,15.734702,48.851254,7050.23005,5563.695913,8536.764188,21273.35788,9312.736081,33233.979679,0.802899,0.701836,0.903963,0.748471,0.572664,0.924278,0.395181,0.045814,0.744548,0.395061,0.045952,0.74417,493.730797,402.361919,585.099676,51.065343,48.816838,53.313848,322.497449,232.965387,412.029512,9.954437,2.773356,17.135518,108072.611814,41286.21445,174859.009178
ddqn,1000,0.167736,0.146972,0.1885,34.352356,30.099911,38.6048,7411.423984,6449.705066,8373.142902,21258.715787,18258.368363,24259.063212,0.832264,0.8115,0.853028,0.705749,0.65837,0.753129,0.364129,0.27179,0.456469,0.364129,0.27179,0.456469,595.130552,555.345237,634.915867,48.392568,47.394554,49.390581,429.773553,389.957873,469.589232,6.924139,6.496067,7.352212,147949.103095,138860.101001,157038.105189
ppo,100,0.98,0.916585,1.043415,20.0704,18.77167,21.36913,1250.417433,180.665183,2320.169683,2856.007148,808.152075,4903.862221,0.02,-0.043415,0.083415,0.999223,0.996921,1.001526,0.153054,-0.092573,0.398682,0.153054,-0.092573,0.398682,383.100112,319.062649,447.137574,54.725041,53.408513,56.041568,171.766331,120.528182,223.00448,63.008114,54.649659,71.366568,16283.812143,14054.984047,18512.640239
ppo,200,0.918819,0.847473,0.990166,37.634844,34.71249,40.557199,2182.296852,1419.759563,2944.834141,5447.438073,2853.638991,8041.237155,0.081181,0.009834,0.152527,0.995529,0.991398,0.999661,0.304322,0.263093,0.345551,0.304322,0.263093,0.345551,456.421943,423.322388,489.521499,53.015317,52.320376,53.710258,239.355693,212.291944,266.419443,49.477292,47.150186,51.804399,20701.263617,19736.618795,21665.908438
ppo,400,0.357083,0.037494,0.676672,29.252267,3.07153,55.433003,4533.930264,2606.424298,6461.43623,12163.726758,4444.359392,19883.094124,0.642917,0.323328,0.962506,0.782556,0.56768,0.997432,0.432867,0.381185,0.48455,0.432725,0.381266,0.484184,432.513734,355.972431,509.055037,52.958849,51.47673,54.440968,245.110121,188.244666,301.975575,20.01823,4.545575,35.490885,55496.962637,3431.464674,107562.4606
ppo,600,0.223449,0.156695,0.290203,27.457422,19.254696,35.660148,7022.742221,3667.050584,10378.433858,21304.517816,9093.243841,33515.79179,0.776551,0.709797,0.843305,0.750567,0.646285,0.854848,0.376162,0.259863,0.492461,0.376162,0.259863,0.492461,427.613542,366.337967,488.889117,52.791785,51.45265,54.13092,253.275498,200.870289,305.680706,12.813349,10.802685,14.824012,80122.362676,67985.88607,92258.839281
ppo,800,0.186076,0.158461,0.213692,30.486756,25.962207,35.011304,6759.407315,5797.298921,7721.515709,19011.062194,14856.503303,23165.621086,0.813924,0.786308,0.841539,0.69327,0.644978,0.741561,0.415383,0.323633,0.507133,0.415383,0.323633,0.507133,511.694807,439.040968,584.348647,50.598498,48.770803,52.426194,341.206323,268.25659,414.156057,8.974539,6.444437,11.50464,115082.098165,82781.288812,147382.907518
ppo,1000,0.138028,0.065686,0.21037,28.268089,13.452415,43.083763,10321.24352,6725.232338,13917.254701,33321.780248,12644.734388,53998.826107,0.861972,0.78963,0.934314,0.724014,0.641373,0.806656,0.34759,0.1942,0.500981,0.34759,0.1942,0.500981,545.680035,518.368716,572.991354,49.598354,48.94532,50.251388,381.858639,355.909199,407.808079,6.221126,2.922961,9.51929,170433.067805,68454.0517,272412.083909
