mode,n,seed,pdr,tput_kbps,avg_delay_ms,p95_delay_ms,drop_rate,fairness,col_rate,retry_rate,e_total_mj,e_sleep_mj,e_idle_mj,ee_kbit_j,e_per_pkt_uj
tabular,100,42,0.940833,19.268267,1284.783999,3934.04493,0.059167,0.992556,0.349253,0.349008,456.622349,53.167814,232.470809,50.636856,20222.424666
tabular,100,7,0.996667,20.411733,874.984164,2463.267409,0.003333,0.999871,0.23903,0.23903,428.015541,53.732205,210.699322,57.227081,17893.626293
tabular,100,99,0.9825,20.1216,914.135609,2763.232455,0.0175,0.998987,0.282744,0.282744,442.774882,53.426704,222.569821,54.533175,18777.560727
tabular,200,42,0.692708,28.373333,2196.268192,5777.902993,0.307292,0.945103,0.496002,0.495387,466.843784,52.889943,243.768054,36.46616,28080.829092
tabular,200,7,0.633542,25.949867,2580.214034,6877.046424,0.366458,0.938375,0.450592,0.450148,429.848491,53.555075,218.576378,36.221879,28270.206604
tabular,200,99,0.752917,30.839467,2377.625165,6008.561347,0.247083,0.970847,0.426574,0.426574,490.870931,52.177226,272.723957,37.695612,27164.965771
tabular,400,42,0.387917,31.778133,3632.078927,9409.390799,0.612083,0.739683,0.485011,0.484707,466.80326,52.226071,273.695498,20.422822,50139.984914
tabular,400,7,0.424167,34.747733,3757.314297,9557.531164,0.575833,0.813277,0.454254,0.454053,458.321498,52.454292,264.50043,22.744558,45021.758126
tabular,400,99,0.223333,18.295467,5001.95251,13849.263048,0.776667,0.683799,0.503563,0.503126,413.012659,53.292782,232.621535,13.289278,77054.600471
tabular,600,42,0.270139,33.194667,5044.941382,12979.84601,0.729861,0.70099,0.454146,0.454052,481.273017,51.569085,301.420212,13.794526,74232.342008
tabular,600,7,0.2525,31.0272,5942.305347,18965.577996,0.7475,0.7272,0.452731,0.452731,457.08929,52.15048,278.361382,13.575991,75427.275638
tabular,600,99,0.190903,23.458133,6798.179685,17954.627107,0.809097,0.688084,0.447347,0.447228,449.638385,52.226267,275.915793,10.434222,98138.607118
tabular,800,42,0.192917,31.607467,7016.298115,18019.851752,0.807083,0.723242,0.415302,0.415302,472.49585,51.615957,300.444635,10.034205,102050.939444
tabular,800,7,0.13974,22.894933,7812.63962,21357.839861,0.86026,0.679359,0.43715,0.43715,473.258886,51.516103,304.853498,7.256578,141113.346546
tabular,800,99,0.187135,30.660267,6908.11992,18835.111382,0.812865,0.667952,0.441257,0.441257,505.656735,50.774356,334.069802,9.095182,112587.082585
tabular,1000,42,0.140208,28.714667,8001.040281,21965.829312,0.859792,0.663422,0.434711,0.434711,546.665424,49.633484,380.159475,6.303234,162456.292305
tabular,1000,7,0.153958,31.530667,8750.084064,24921.101294,0.846042,0.70322,0.39569,0.39569,533.574449,49.964625,366.929328,7.091194,144404.451675
tabular,1000,99,0.155333,31.812267,8995.315772,25165.945838,0.844667,0.709935,0.406044,0.406044,522.673748,50.253305,355.33784,7.303738,140202.185642
tabular_ddqn,100,42,1.0,20.48,814.070407,2127.032064,0.0,1.0,0.208592,0.208592,414.165038,54.034639,198.85501,59.338664,17256.876587
tabular_ddqn,100,7,0.927917,19.003733,1763.133023,4760.158485,0.072083,0.99679,0.331212,0.331212,459.394316,53.03184,238.233766,49.640318,20628.393167
tabular_ddqn,100,99,0.92625,18.9696,1429.515984,3830.321033,0.07375,0.997745,0.280417,0.280417,439.40692,53.426423,223.026961,51.805101,19766.393179
tabular_ddqn,200,42,0.845208,34.619733,2392.747239,5763.905659,0.154792,0.976126,0.410461,0.410461,515.352092,51.65727,292.960161,40.306114,25405.575133
tabular_ddqn,200,7,0.89625,36.7104,2046.754362,4996.96322,0.10375,0.995996,0.290934,0.290934,454.712748,53.01002,239.811795,48.4399,21139.597753
tabular_ddqn,200,99,0.772292,31.633067,2403.170367,6295.856506,0.227708,0.974502,0.414937,0.414937,489.53488,52.213219,271.268018,38.77117,26411.377388
tabular_ddqn,400,42,0.345521,28.305067,4341.997212,11981.08413,0.654479,0.756268,0.47654,0.47654,453.875681,52.453251,265.135529,18.708912,54733.274767
tabular_ddqn,400,7,0.420938,34.4832,3944.824388,9963.28946,0.579063,0.800553,0.441848,0.441848,436.787514,52.980723,243.569101,23.684193,43235.586642
tabular_ddqn,400,99,0.460208,37.700267,4005.676588,10002.065218,0.539792,0.804644,0.419646,0.419446,448.732019,52.699957,254.65959,25.204531,40627.61602
tabular_ddqn,600,42,0.275139,33.809067,5340.653205,13950.639785,0.724861,0.733982,0.433506,0.433506,464.308744,51.98876,284.704968,14.563183,70314.297463
tabular_ddqn,600,7,0.284792,34.9952,5270.686894,13946.359273,0.715208,0.74182,0.441489,0.441397,453.696977,52.286752,272.655776,15.426684,66378.489667
tabular_ddqn,600,99,0.274583,33.7408,4979.123096,12658.547265,0.725417,0.711508,0.459675,0.459583,471.120351,51.844595,290.323746,14.323644,71490.189766
tabular_ddqn,800,42,0.15099,24.738133,9746.110087,31864.286536,0.84901,0.663001,0.42619,0.42619,468.19373,51.65999,299.023994,7.925608,129201.443205
tabular_ddqn,800,7,0.189115,30.984533,7544.103405,20341.972048,0.810885,0.733856,0.422072,0.422072,473.570385,51.581818,301.845399,9.814127,104339.385393
tabular_ddqn,800,99,0.179531,29.4144,6553.078747,17961.661035,0.820469,0.698326,0.475035,0.474682,521.317181,50.390488,349.342325,8.463485,120990.352425
tabular_ddqn,1000,42,0.216125,44.2624,8572.303755,25467.22058,0.783875,0.800853,0.258677,0.258677,515.077876,50.448181,347.513328,10.31201,99301.69197
tabular_ddqn,1000,7,0.133875,27.4176,9772.281791,32655.042746,0.866125,0.691127,0.39376,0.39376,551.2422,49.477159,386.604029,5.968542,171566.199781
tabular_ddqn,1000,99,0.112833,23.108267,10154.648996,32025.584541,0.887167,0.645761,0.466691,0.466691,551.767997,49.478036,386.509059,5.025648,203754.79938
dqn,100,42,0.92125,18.8672,1782.677663,4982.305842,0.07875,0.995686,0.31685,0.31685,396.767099,54.594919,175.919157,57.062796,17945.142415
dqn,100,7,1.0,20.48,955.819572,2170.712931,0.0,1.0,0.179848,0.179848,364.183787,55.2644,149.919686,67.482411,15174.324466
dqn,100,99,0.91875,18.816,1649.990011,3981.170795,0.08125,0.997032,0.161082,0.161082,404.226739,54.107973,196.842604,55.85776,18332.278414
dqn,200,42,0.649792,26.615467,3373.666793,9866.86672,0.350208,0.980128,0.361401,0.361401,406.053005,53.997361,201.697274,39.328068,26037.384107
dqn,200,7,0.959583,39.304533,1802.968107,4433.325277,0.040417,0.99675,0.354109,0.354109,503.454776,51.995348,279.228472,46.841784,21860.823978
dqn,200,99,0.672708,27.554133,2125.29382,5535.225915,0.327292,0.956291,0.518097,0.517492,462.457221,53.028835,238.094228,35.749209,28643.990182
dqn,400,42,0.363542,29.781333,5082.592833,15585.799324,0.636458,0.866048,0.340626,0.340626,403.043633,53.597084,220.152649,22.167327,46194.112609
dqn,400,7,0.412917,33.826133,4554.916293,11918.819173,0.587083,0.829706,0.379227,0.379227,431.171869,53.01984,242.516751,23.535487,43508.765829
dqn,400,99,0.449271,36.804267,4172.364289,10018.365543,0.550729,0.831261,0.393149,0.393149,437.621663,52.930998,245.682991,25.230195,40586.289141
dqn,600,42,0.206806,25.412267,5090.435929,12985.698217,0.793194,0.690176,0.486441,0.486335,456.053304,52.131167,279.376035,11.144428,91884.480331
dqn,600,7,0.290694,35.720533,5488.582003,14563.439429,0.709306,0.753699,0.392211,0.392211,452.812833,52.264642,273.754888,15.777174,64903.893892
dqn,600,99,0.206458,25.3696,6287.702343,15941.439654,0.793542,0.736229,0.442934,0.442934,441.306849,52.459946,266.46547,11.497488,89062.936173
dqn,800,42,0.209271,34.286933,6898.431595,19044.977064,0.790729,0.744664,0.365505,0.365505,486.541444,51.240355,315.536691,10.57061,96872.363178
dqn,800,7,0.099479,16.298667,13341.829129,51544.852576,0.900521,0.753438,0.292617,0.292617,481.613815,51.164418,319.602374,5.076266,201723.06369
dqn,800,99,0.163073,26.717867,6709.565178,20146.510951,0.836927,0.657013,0.458396,0.458396,501.217614,50.868221,330.421205,7.995888,128065.822741
dqn,1000,42,0.167167,34.235733,9260.486438,26037.144101,0.832833,0.749059,0.351784,0.351784,511.278303,50.525281,344.551665,8.035326,127437.264026
dqn,1000,7,0.136833,28.023467,7357.284905,22363.617099,0.863167,0.673031,0.459328,0.459244,554.024019,49.458869,387.076884,6.069802,168704.025319
dqn,1000,99,0.145,29.696,8217.241921,24017.922356,0.855,0.704061,0.407678,0.407678,563.52056,49.191933,397.864183,6.323673,161931.195301
ddqn,100,42,0.922083,18.884267,1658.364791,4261.927097,0.077917,0.993603,0.255556,0.255556,343.42024,55.834812,126.946984,65.986559,15518.311815
ddqn,100,7,0.979167,20.053333,1106.2192,3030.808821,0.020833,0.999186,0.26313,0.26313,476.44305,52.515801,259.239094,50.50761,20274.172351
ddqn,100,99,0.9675,19.8144,1347.065595,3835.697349,0.0325,0.998978,0.208637,0.208637,424.893599,53.7119,212.014756,55.960551,18298.604601
ddqn,200,42,0.899792,36.855467,2236.850072,5656.961962,0.100208,0.991156,0.38797,0.38797,518.542337,51.614529,294.454412,42.645081,24012.14803
ddqn,200,7,0.968542,39.671467,1889.08997,4539.474298,0.031458,0.996946,0.344882,0.344761,511.397682,51.786439,287.60541,46.544755,22000.330469
ddqn,200,99,0.89125,36.5056,2002.818414,5311.70572,0.10875,0.992004,0.288556,0.288556,417.987372,53.945713,202.415198,52.401966,19541.251597
ddqn,400,42,0.434271,35.575467,4108.261961,10950.353396,0.565729,0.786294,0.403871,0.403871,436.983292,52.933663,245.650445,24.423451,41926.916988
ddqn,400,7,0.228229,18.696533,7215.030257,20000.00562,0.771771,0.790229,0.347095,0.347095,341.542065,54.969346,166.316875,16.422457,62353.640291
ddqn,400,99,0.384271,31.479467,4067.375614,9965.998317,0.615729,0.780728,0.451543,0.451326,427.578228,53.166305,236.406742,22.086812,46362.507814
ddqn,600,42,0.317708,39.04,5411.540364,14175.404775,0.682292,0.778527,0.397358,0.397358,435.945789,52.737469,254.636261,17.910484,57173.218282
ddqn,600,7,0.290833,35.7376,5666.788771,14959.276674,0.709167,0.763005,0.386972,0.386874,447.159545,52.406087,268.113916,15.984272,64062.972057
ddqn,600,99,0.255278,31.368533,7224.440781,25422.132822,0.744722,0.774045,0.342489,0.342489,417.218672,53.075979,241.807662,15.036975,68098.803932
ddqn,800,42,0.244062,39.9872,7735.911218,26804.265437,0.755938,0.830004,0.232803,0.232803,451.263325,52.110416,280.884366,13.291752,77040.260383
ddqn,800,7,0.174531,28.5952,6780.998937,18993.018827,0.825469,0.712404,0.477411,0.477232,514.906814,50.547633,343.094384,8.330206,122926.126822
ddqn,800,99,0.172708,28.296533,6633.779997,18022.789375,0.827292,0.703005,0.47533,0.475149,515.022253,50.537982,343.513598,8.241353,124251.448236
ddqn,1000,42,0.1625,33.28,7735.45634,22478.530298,0.8375,0.696237,0.323906,0.323906,589.918313,48.494968,425.83062,6.769751,151261.105882
ddqn,1000,7,0.163333,33.450667,7516.069635,21234.120878,0.836667,0.693304,0.397205,0.397205,582.371545,48.733179,416.086339,6.892644,148564.169712
ddqn,1000,99,0.177375,36.3264,6982.745977,20063.496186,0.822625,0.727705,0.371277,0.371277,613.101797,47.949556,447.403699,7.110023,144022.033692
ppo,100,42,0.98875,20.2496,1031.098597,2931.167757,0.01125,0.999473,0.219093,0.219093,410.996213,54.120891,195.385128,59.123464,17319.688712
ppo,100,7,0.95125,19.4816,1746.521523,3640.158955,0.04875,0.998198,0.039384,0.039384,360.164185,55.111252,157.314411,64.909064,15775.917015
ppo,100,99,1.0,20.48,973.632178,1996.694731,0.0,1.0,0.200685,0.200685,378.139937,54.942978,162.599454,64.991813,15755.830702
ppo,200,42,0.886875,36.3264,2520.342816,6643.421605,0.113125,0.993719,0.293008,0.293008,446.833943,53.187323,232.849243,48.778389,20992.90313
ppo,200,7,0.927083,37.973333,2105.493736,4980.898241,0.072917,0.995881,0.296585,0.296585,450.7966,53.166081,233.285653,50.541641,20260.521369
ppo,200,99,0.9425,38.6048,1921.054003,4717.994374,0.0575,0.996988,0.323373,0.323373,471.635287,52.692547,251.932184,49.111847,20850.366351
ppo,400,42,0.208542,17.083733,5412.405864,15710.881268,0.791458,0.682748,0.451949,0.451628,398.749101,53.59285,220.93867,12.852994,79670.150104
ppo,400,7,0.430937,35.3024,3942.463102,9923.19955,0.569063,0.829349,0.435963,0.435963,459.101183,52.408512,266.455357,23.068379,44389.76868
ppo,400,99,0.431771,35.370667,4246.921825,10857.099456,0.568229,0.835572,0.41069,0.410583,439.690918,52.875186,247.936335,24.133316,42430.969126
ppo,600,42,0.204722,25.156267,8343.395928,25482.08196,0.795278,0.795258,0.336831,0.336831,406.077333,53.266822,234.660521,12.38989,82648.032496
ppo,600,7,0.254236,31.240533,5643.805432,15888.399317,0.745764,0.711975,0.427941,0.427941,454.521459,52.205972,276.187347,13.74656,74491.361765
ppo,600,99,0.211389,25.975467,7081.025301,22543.072171,0.788611,0.744467,0.363715,0.363715,422.241833,52.90256,248.978625,12.303597,83227.693765
ppo,800,42,0.183073,29.994667,6968.371168,20386.377684,0.816927,0.680744,0.389671,0.389671,504.977918,50.745572,335.44628,8.909697,114930.96285
ppo,800,7,0.198385,32.503467,6997.311486,19497.273229,0.801615,0.715662,0.398775,0.398775,486.392866,51.249539,315.149308,10.023831,102156.548464
ppo,800,99,0.176771,28.962133,6312.53929,17149.53567,0.823229,0.683403,0.457702,0.457702,543.713638,49.800384,373.023382,7.990088,128158.78318
ppo,1000,42,0.161667,33.109333,8691.77088,24769.764541,0.838333,0.72666,0.38125,0.38125,553.102766,49.459574,387.151152,7.183331,142552.259376
ppo,1000,7,0.1055,21.6064,11458.145574,33800.562474,0.8945,0.689506,0.385189,0.385189,550.886746,49.43397,388.598246,4.706535,217569.805037
ppo,1000,99,0.146917,30.088533,10813.814105,41395.013727,0.853083,0.755878,0.276332,0.276332,533.050592,49.901519,369.826518,6.773511,151177.139001
