label,n,pdr_mean,pdr_ci_lo,pdr_ci_hi,tput_kbps_mean,tput_kbps_ci_lo,tput_kbps_ci_hi,avg_delay_ms_mean,avg_delay_ms_ci_lo,avg_delay_ms_ci_hi,p95_delay_ms_mean,p95_delay_ms_ci_lo,p95_delay_ms_ci_hi,drop_rate_mean,drop_rate_ci_lo,drop_rate_ci_hi,fairness_mean,fairness_ci_lo,fairness_ci_hi,col_rate_mean,col_rate_ci_lo,col_rate_ci_hi,retry_rate_mean,retry_rate_ci_lo,retry_rate_ci_hi,e_total_mj_mean,e_total_mj_ci_lo,e_total_mj_ci_hi,e_sleep_mj_mean,e_sleep_mj_ci_lo,e_sleep_mj_ci_hi,e_idle_mj_mean,e_idle_mj_ci_lo,e_idle_mj_ci_hi,ee_kbit_j_mean,ee_kbit_j_ci_lo,ee_kbit_j_ci_hi,e_per_pkt_uj_mean,e_per_pkt_uj_ci_lo,e_per_pkt_uj_ci_hi
tabular+,100,0.979167,0.955494,1.00284,20.053333,19.568514,20.538153,919.695506,862.467363,976.92365,2548.513353,1839.049167,3257.977539,0.020833,-0.00284,0.044506,0.998843,0.997099,1.000586,0.282125,0.236783,0.327466,0.282125,0.236783,0.327466,444.016079,426.415538,461.616621,53.388709,52.871733,53.905685,224.120052,203.132793,245.107311,54.199895,53.326384,55.073407,18893.555474,18589.041411,19198.069538
tabular+,200,0.927083,0.905469,0.948698,37.973333,37.088008,38.858658,1773.488163,1712.379975,1834.596351,4344.94936,4177.918058,4511.980661,0.072917,0.051302,0.094531,0.994128,0.990186,0.998071,0.399862,0.386803,0.412922,0.399862,0.386803,0.412922,517.142338,511.323615,522.961061,51.726732,51.584874,51.86859,289.583957,283.949557,295.218356,44.05686,43.525256,44.588465,23243.055778,22963.30525,23522.806306
tabular+,400,0.402535,0.372576,0.432494,32.975644,30.52139,35.429899,3565.087776,3257.929454,3872.246097,8776.9141,8218.927315,9334.900885,0.597465,0.567506,0.627424,0.764407,0.711829,0.816985,0.489554,0.473461,0.505648,0.48893,0.472819,0.50504,480.302943,463.852343,496.753543,51.907601,51.456612,52.35859,286.29586,268.058155,304.533565,20.600831,18.768221,22.433441,49749.725065,45274.77675,54224.67338
tabular+,600,0.251019,0.223405,0.278632,30.845156,27.452058,34.238253,4728.509185,4538.036712,4918.981658,12218.43861,11704.117776,12732.759444,0.748981,0.721368,0.776595,0.694626,0.67062,0.718632,0.487179,0.473756,0.500602,0.487086,0.4738,0.500372,506.832451,486.044356,527.620546,50.922391,50.371277,51.473505,327.25349,305.111849,349.395131,12.176783,10.550755,13.80281,84261.948764,72650.302184,95873.595344
tabular+,800,0.197691,0.170666,0.224716,32.389689,27.961982,36.817396,6295.940168,5095.512406,7496.36793,16728.694995,13532.450246,19924.939744,0.802309,0.775284,0.829334,0.686266,0.678104,0.694429,0.450233,0.426507,0.473958,0.450144,0.426238,0.47405,513.177496,509.003066,517.351925,50.612065,50.45628,50.76785,340.408016,333.881533,346.934499,9.46806,8.133698,10.802422,108393.224351,92618.900144,124167.548558
tabular+,1000,0.149139,0.135693,0.162585,30.543644,27.789942,33.297347,7561.903294,7128.684877,7995.121711,20218.345219,19553.541482,20883.148956,0.850861,0.837415,0.864307,0.66381,0.639385,0.688236,0.439837,0.416309,0.463365,0.439837,0.416309,0.463365,572.44858,551.045394,593.851766,48.993151,48.419922,49.56638,405.667736,382.612505,428.722968,6.405973,5.593239,7.218706,160129.389742,139793.539586,180465.239898
tab_ddqn+,100,0.985556,0.973293,0.997818,20.184178,19.933041,20.435314,888.152484,856.943422,919.361546,2291.500503,2006.865735,2576.135271,0.014444,0.002182,0.026707,0.999372,0.998647,1.000097,0.269237,0.258095,0.280379,0.269237,0.258095,0.280379,446.690679,428.708254,464.673104,53.300763,52.835759,53.765768,227.729696,209.11248,246.346912,54.22981,52.710574,55.749047,18884.209797,18353.32309,19415.096505
tab_ddqn+,200,0.922569,0.837454,1.007685,37.788444,34.302122,41.274767,1766.79489,1624.414013,1909.175766,4343.444645,4018.426167,4668.463123,0.077431,-0.007685,0.162546,0.990252,0.97334,1.007164,0.403954,0.346041,0.461867,0.403915,0.345982,0.461848,513.416086,497.687542,529.144629,51.824143,51.330318,52.317968,285.68111,265.491904,305.870316,44.16037,40.408468,47.912272,23205.977726,21270.007079,25141.948373
tab_ddqn+,400,0.418854,0.383915,0.453793,34.312533,31.45034,37.174726,3327.683025,3186.116258,3469.249792,8253.838173,8110.754512,8396.921833,0.581146,0.546207,0.616085,0.765994,0.765222,0.766765,0.495712,0.485921,0.505503,0.495524,0.485995,0.505053,479.71215,461.786403,497.637896,51.968336,51.452454,52.484218,283.637438,262.715286,304.55959,21.46857,18.871954,24.065185,47771.475732,42118.641355,53424.310109
tab_ddqn+,600,0.2675,0.238244,0.296756,32.8704,29.275443,36.465357,4830.089355,4680.699181,4979.479529,12066.761262,11854.981188,12278.541336,0.7325,0.703244,0.761756,0.699651,0.654363,0.744939,0.473236,0.45321,0.493262,0.472872,0.452891,0.492854,484.420716,472.018851,496.822581,51.50971,51.160472,51.858949,303.692214,289.558361,317.826068,13.576042,11.740225,15.411859,75573.282958,65554.797999,85591.767918
tab_ddqn+,800,0.200556,0.195469,0.205642,32.859022,32.025647,33.692397,6064.155688,5943.949292,6184.362084,15981.773836,15882.219628,16081.328044,0.799444,0.794358,0.804531,0.680602,0.671185,0.690019,0.459175,0.448032,0.470319,0.459147,0.44795,0.470344,513.391128,499.44118,527.341076,50.621728,50.26416,50.979297,339.946458,325.640761,354.252154,9.601654,9.175735,10.027573,106671.041716,101923.160056,111418.923376
tab_ddqn+,1000,0.148486,0.143883,0.153089,30.409956,29.467265,31.352647,7794.492901,7125.709697,8463.276106,21930.190951,19477.867094,24382.514807,0.851514,0.846911,0.856117,0.688381,0.649475,0.727287,0.428386,0.404975,0.451798,0.428386,0.404975,0.451798,578.112386,570.229918,585.994854,48.83587,48.645985,49.025756,412.018206,404.482318,419.554094,6.312381,6.099904,6.524858,162240.675168,156795.642276,167685.70806
dqn+,100,0.966667,0.884662,1.048672,19.797333,18.117869,21.476798,1334.061467,723.953111,1944.169824,3524.144568,1124.944101,5923.345035,0.033333,-0.048672,0.115338,0.997038,0.987744,1.006332,0.265995,-0.10272,0.63471,0.265995,-0.10272,0.63471,382.413354,246.942717,517.88399,54.951859,52.00622,57.897497,161.679638,46.214164,277.145111,63.084579,37.910208,88.25895,16540.899876,9369.820357,23711.979395
dqn+,200,0.844861,0.468831,1.220891,34.605511,19.203311,50.007712,2326.137625,1538.985863,3113.289387,5959.548176,3322.687594,8596.408757,0.155139,-0.220891,0.531169,0.984509,0.930626,1.038392,0.307328,0.12859,0.486065,0.307328,0.12859,0.486065,429.513767,381.496165,477.53137,53.604873,52.462751,54.746995,216.291302,171.056099,261.526505,48.280015,28.707218,67.852813,21632.966183,11963.691224,31302.241142
dqn+,400,0.407326,0.02649,0.788163,33.368178,2.17003,64.566326,4207.917245,2372.306509,6043.527982,10622.791209,3683.259708,17562.32271,0.592674,0.211837,0.97351,0.773844,0.517975,1.029714,0.424017,0.356906,0.491129,0.42392,0.356579,0.491261,426.292287,338.4492,514.135375,53.182009,51.518216,54.845803,235.854894,172.330201,299.379588,23.081199,5.017129,41.145269,48267.728103,2101.497023,94433.959184
dqn+,600,0.283056,0.185024,0.381087,34.781867,22.735799,46.827934,5440.389039,4887.054474,5993.723604,14242.087821,12563.614872,15920.56077,0.716944,0.618913,0.814976,0.736992,0.608797,0.865186,0.422523,0.336455,0.508592,0.422491,0.336501,0.50848,461.562198,450.491275,472.63312,52.061254,51.750923,52.371584,281.791214,269.197617,294.38481,15.073042,9.833662,20.312422,68780.611511,46252.059344,91309.163678
dqn+,800,0.138368,0.057018,0.219718,22.670222,9.341834,35.998611,10671.864311,134.468302,21209.260319,31128.909852,-2704.134129,64961.953832,0.861632,0.780282,0.942982,0.706059,0.630779,0.781338,0.382364,0.19742,0.567308,0.382364,0.19742,0.567308,465.169214,310.626329,619.7121,51.691862,47.975995,55.407729,297.976851,150.568834,445.384867,7.258823,4.943048,9.574599,142753.973999,93857.110947,191650.83705
dqn+,1000,0.153125,0.112932,0.193318,31.36,23.128377,39.591623,9053.162642,8427.501298,9678.823986,28210.016935,22629.700372,33790.333497,0.846875,0.806682,0.887068,0.717142,0.642327,0.791957,0.325193,0.220286,0.430099,0.325193,0.220286,0.430099,539.415948,497.84348,580.988416,49.774066,48.74776,50.800372,374.748364,333.899012,415.597716,6.969876,5.471895,8.467857,147625.351409,117142.176529,178108.526289
ddqn+,100,0.950139,0.825554,1.074723,19.458844,16.907356,22.010333,1499.652934,204.150693,2795.155176,4203.379625,511.589811,7895.16944,0.049861,-0.074723,0.174446,0.995998,0.987566,1.00443,0.28877,-0.022563,0.600103,0.288699,-0.022333,0.599732,439.247518,380.67837,497.816667,53.521466,52.826891,54.216041,218.770499,194.935153,242.605846,53.221659,45.473778,60.96954,19283.790644,16515.929444,22051.651844
ddqn+,200,0.914583,0.815297,1.013869,37.461333,33.394584,41.528083,2259.737365,1990.009925,2529.464806,5271.623498,3885.843536,6657.403461,0.085417,-0.013869,0.184703,0.994763,0.987513,1.002013,0.287109,0.216934,0.357283,0.287109,0.216934,0.357283,463.805497,444.256754,483.35424,52.783497,52.375574,53.19142,248.837065,233.006484,264.667646,48.460392,43.749532,53.171252,21151.868113,19131.792515,23171.943711
ddqn+,400,0.442917,0.171307,0.714526,36.283733,14.033474,58.533993,3932.923215,3212.312693,4653.533738,10356.757379,5959.064387,14754.450371,0.557083,0.285474,0.828693,0.821065,0.652134,0.989997,0.38397,0.334903,0.433036,0.383935,0.334796,0.433074,445.69351,397.696848,493.690172,52.697059,51.458188,53.935929,255.174512,205.286859,305.062165,24.430183,9.255875,39.60449,43879.22984,14368.388978,73390.070703
ddqn+,600,0.173634,0.07438,0.272888,21.336178,9.139865,33.532491,6338.770675,3020.70506,9656.83629,17715.345034,5395.025947,30035.664121,0.826366,0.727112,0.92562,0.668922,0.570744,0.7671,0.472957,0.428211,0.517702,0.472957,0.428211,0.517702,447.831181,334.480152,561.182209,52.265024,49.5452,54.984848,274.410288,166.55107,382.269505,9.472679,5.439016,13.506341,110189.904245,64561.042781,155818.765709
ddqn+,800,0.187309,0.134804,0.239814,30.688711,22.086226,39.291196,7096.101738,4089.187337,10103.01614,20930.595248,11173.720754,30687.469741,0.812691,0.760186,0.865196,0.72019,0.638191,0.802188,0.389614,0.305126,0.474102,0.389614,0.305126,0.474102,511.299825,488.145958,534.453691,50.59266,50.14225,51.043069,341.516392,324.190455,358.842329,8.993768,6.812515,11.175021,114622.876163,85362.551959,143883.200367
ddqn+,1000,0.151125,0.101074,0.201176,30.9504,20.699941,41.200859,8165.962209,7527.75899,8804.165428,23052.892009,22425.378143,23680.405875,0.848875,0.798824,0.898926,0.692738,0.64571,0.739767,0.422214,0.328912,0.515517,0.422186,0.328989,0.515382,558.918341,541.930761,575.905921,49.326409,48.870621,49.782197,392.403614,374.049519,410.75771,6.6525,4.254451,9.050549,156005.999771,102501.86521,209510.134332
ppo,100,0.954583,0.848452,1.060714,19.549867,17.376304,21.723429,1485.06198,160.368879,2809.75508,4071.810426,1128.842007,7014.778845,0.045417,-0.060714,0.151548,0.997091,0.990631,1.003551,0.29373,0.179312,0.408149,0.29373,0.179312,0.408149,394.865591,352.588747,437.142436,54.634579,53.654827,55.614331,174.367222,135.645327,213.089117,59.547918,47.269456,71.826379,17277.438385,13628.273581,20926.60319
ppo,200,0.741597,0.309379,1.173816,30.375822,12.672151,48.079494,2745.194815,1032.459675,4457.929954,6866.886028,2323.335866,11410.43619,0.258403,-0.173816,0.690621,0.959378,0.850935,1.067822,0.399915,0.313349,0.486481,0.399868,0.313206,0.486531,468.665534,372.911606,564.419462,52.636782,50.755898,54.517665,254.884266,182.622972,327.145561,38.564378,23.401789,53.726967,27033.386599,15695.199218,38371.57398
ppo,400,0.402569,0.249089,0.55605,32.978489,20.405353,45.551625,4654.980384,3156.3792,6153.581567,12394.540182,7868.251106,16920.829257,0.597431,0.44395,0.750911,0.822172,0.68369,0.960654,0.371426,0.256598,0.486254,0.371426,0.256598,0.486254,422.14039,377.196443,467.084337,53.213708,52.235906,54.191509,234.951969,196.740476,273.163463,23.381608,16.187204,30.576012,44237.380712,30899.571494,57575.18993
ppo,600,0.21875,0.035629,0.401871,26.88,4.378064,49.381936,6646.258045,2080.560947,11211.955142,17519.29895,6074.245156,28964.352744,0.78125,0.598129,0.964371,0.727476,0.65496,0.799992,0.422767,0.398019,0.447514,0.422767,0.398019,0.447514,441.504222,323.131591,559.876854,52.46165,49.75586,55.167441,266.357873,159.809865,372.905881,11.964119,4.624123,19.304116,89742.919306,26885.920888,152599.917725
ppo,800,0.189774,0.136649,0.242899,31.092622,22.3886,39.796645,8391.106072,5729.995685,11052.216459,24457.976255,16779.750972,32136.201537,0.810226,0.757101,0.863351,0.755571,0.732205,0.778938,0.335833,0.269773,0.401892,0.335833,0.269773,0.401892,477.714154,429.167339,526.260969,51.414686,50.221036,52.608337,308.824568,261.306674,356.342463,9.770091,6.993652,12.54653,105792.509672,73763.461062,137821.558283
ppo,1000,0.129458,0.105028,0.153888,26.513067,21.509806,31.516327,7892.251185,5835.113094,9949.389276,23412.140502,16930.225599,29894.055406,0.870542,0.846112,0.894972,0.657393,0.608058,0.706728,0.440893,0.367996,0.51379,0.440893,0.367996,0.51379,589.373298,478.461459,700.285137,48.525716,45.688722,51.36271,424.536123,311.077972,537.994274,5.439927,3.365923,7.513932,191099.024311,121429.38218,260768.666441
