label,n,seed,pdr,tput_kbps,avg_delay_ms,p95_delay_ms,drop_rate,fairness,col_rate,retry_rate,e_total_mj,e_sleep_mj,e_idle_mj,ee_kbit_j,e_per_pkt_uj
tabular+,100,42,0.98625,20.1984,904.645925,2371.022145,0.01375,0.99932,0.267602,0.267602,450.122931,53.210696,231.340307,53.84769,19016.600375
tabular+,100,7,0.968333,19.831467,946.214243,2877.936279,0.031667,0.998037,0.302611,0.302611,436.248704,53.617489,214.829544,54.550901,18771.458849
tabular+,100,99,0.982917,20.130133,908.22635,2396.581635,0.017083,0.999171,0.276161,0.276161,445.676604,53.337942,226.190305,54.201095,18892.607199
tabular+,200,42,0.937083,38.382933,1750.764295,4310.997048,0.062917,0.995924,0.39439,0.39439,519.84459,51.661751,292.157164,44.30124,23114.477096
tabular+,200,7,0.922917,37.802667,1770.093741,4301.462274,0.077083,0.993545,0.400323,0.400323,515.886607,51.749549,288.718816,43.966251,23290.591753
tabular+,200,99,0.92125,37.7344,1799.606452,4422.388758,0.07875,0.992916,0.404874,0.404874,515.695817,51.768897,287.87589,43.90309,23324.098484
tabular+,400,42,0.415729,34.056533,3434.992425,8549.828955,0.584271,0.755358,0.496923,0.49626,480.772941,51.938867,284.827728,21.251113,48185.711965
tabular+,400,7,0.399792,32.750933,3681.054273,8998.947283,0.600208,0.788591,0.486988,0.486589,473.458742,52.071471,279.799797,20.752136,49344.319174
tabular+,400,99,0.392083,32.119467,3579.216628,8781.966062,0.607917,0.749272,0.484753,0.48394,486.677146,51.712466,294.260056,19.799245,51719.144055
tabular+,600,42,0.23875,29.3376,4789.593971,12196.350062,0.76125,0.683544,0.492836,0.492647,513.740386,50.72989,335.033229,11.421177,89658.008063
tabular+,600,7,0.253889,31.197867,4753.461551,12435.622502,0.746111,0.701292,0.486631,0.486631,497.52801,51.164992,317.529306,12.54115,81651.205121
tabular+,600,99,0.260417,32.0,4642.472032,12023.343266,0.739583,0.699043,0.482071,0.48198,509.228957,50.872291,329.197935,12.568021,81476.633109
tabular+,800,42,0.18526,30.353067,6849.377543,18214.261934,0.81474,0.683078,0.439386,0.439203,514.424394,50.546944,343.179184,8.850591,115698.486167
tabular+,800,7,0.205469,33.664,5957.896048,15992.924128,0.794531,0.686079,0.457376,0.457293,513.841422,50.617211,340.091013,9.827156,104201.048771
tabular+,800,99,0.202344,33.152,6080.546912,15978.898923,0.797656,0.689642,0.453936,0.453936,511.266671,50.672041,337.953851,9.726431,105280.138115
tabular+,1000,42,0.149625,30.6432,7487.371012,19951.175362,0.850375,0.658494,0.450277,0.450277,574.145963,48.957296,407.065084,6.404615,159884.701498
tabular+,1000,7,0.154292,31.598933,7437.175543,20217.491138,0.845708,0.657782,0.437439,0.437439,563.110976,49.239717,395.768071,6.733792,152068.856542
tabular+,1000,99,0.1435,29.3888,7761.163328,20486.369157,0.8565,0.675156,0.431797,0.431797,580.088801,48.78244,414.170054,6.079511,168434.611187
tab_ddqn+,100,42,0.9825,20.1216,891.020279,2299.146496,0.0175,0.999239,0.269984,0.269984,440.89459,53.447209,221.881851,54.765743,18697.819773
tab_ddqn+,100,7,0.99125,20.3008,874.404213,2173.297347,0.00875,0.999707,0.264426,0.264426,454.80382,53.089883,236.177165,53.563666,19117.436747
tab_ddqn+,100,99,0.982917,20.130133,899.03296,2402.057665,0.017083,0.999171,0.273302,0.273302,444.373626,53.365198,225.130072,54.360022,18837.372873
tab_ddqn+,200,42,0.96125,39.3728,1712.142084,4192.385098,0.03875,0.997741,0.382383,0.382383,514.770452,51.789279,287.060569,45.891678,22313.413621
tab_ddqn+,200,7,0.896042,36.701867,1761.804136,4420.182724,0.103958,0.984439,0.428684,0.428684,506.51742,52.038044,276.953076,43.475543,23553.472227
tab_ddqn+,200,99,0.910417,37.290667,1826.438449,4417.766114,0.089583,0.988575,0.400796,0.400679,518.960384,51.645106,293.029685,43.113888,23751.04733
tab_ddqn+,400,42,0.413021,33.834667,3391.30976,8320.310464,0.586979,0.765798,0.499811,0.499432,481.071832,51.931187,285.136341,21.099552,48531.836779
tab_ddqn+,400,7,0.434896,35.626667,3281.348283,8218.819764,0.565104,0.765831,0.49195,0.491765,471.913537,52.192057,274.56701,22.648217,45213.272999
tab_ddqn+,400,99,0.408646,33.476267,3310.391033,8222.384289,0.591354,0.766352,0.495375,0.495375,486.151081,51.781764,291.208962,20.65794,49569.317418
tab_ddqn+,600,42,0.257361,31.624533,4834.35784,11980.433772,0.742639,0.685967,0.480815,0.480539,487.986585,51.407178,307.852179,12.961231,79004.84373
tab_ddqn+,600,7,0.280417,34.4576,4887.974167,12150.883109,0.719583,0.720345,0.464767,0.464499,478.715576,51.669958,297.209072,14.395855,71131.58639
tab_ddqn+,600,99,0.264722,32.529067,4767.936059,12068.966906,0.735278,0.692642,0.474126,0.473579,486.559987,51.451995,306.015392,13.371041,76583.418756
tab_ddqn+,800,42,0.202083,33.109333,6009.850154,16012.515218,0.797917,0.676323,0.464342,0.464342,516.111826,50.559369,342.404239,9.622721,106414.809439
tab_ddqn+,800,7,0.198229,32.477867,6102.681925,15996.353923,0.801771,0.681947,0.456905,0.45682,517.127674,50.519495,344.068092,9.420652,108697.356676
tab_ddqn+,800,99,0.201354,32.989867,6079.934985,15936.452368,0.798646,0.683537,0.45628,0.45628,506.933885,50.786321,333.367043,9.761589,104900.959034
tab_ddqn+,1000,42,0.150625,30.848,7866.695759,21952.145452,0.849375,0.697307,0.418807,0.418807,578.068159,48.833611,412.124231,6.403674,159908.204351
tab_ddqn+,1000,7,0.147375,30.1824,8020.228372,22906.144103,0.852625,0.697538,0.428706,0.428706,574.961867,48.913408,408.933225,6.299353,162556.366136
tab_ddqn+,1000,99,0.147458,30.199467,7496.554574,20932.283298,0.852542,0.670298,0.437646,0.437646,581.307133,48.760592,414.997162,6.234116,164257.455018
dqn+,100,42,0.995833,20.394667,1161.892402,2419.328364,0.004167,0.999842,0.122089,0.122089,366.655496,55.105016,156.762199,66.748215,15341.234129
dqn+,100,7,0.930833,19.063467,1225.008096,3945.515613,0.069167,0.99279,0.418543,0.418543,443.086923,53.697039,210.420198,51.629057,19833.792432
dqn+,100,99,0.973333,19.933867,1615.283904,4207.589728,0.026667,0.998481,0.257353,0.257353,337.497643,56.05352,117.856516,70.876465,14447.673066
dqn+,200,42,0.96125,39.3728,2139.369533,4925.708497,0.03875,0.998433,0.25,0.25,451.390575,53.101096,236.114782,52.335342,19566.12807
dqn+,200,7,0.67375,27.5968,2691.972452,7046.50129,0.32625,0.959519,0.388062,0.388062,422.40034,53.711825,212.4466,39.199968,26122.469998
dqn+,200,99,0.899583,36.846933,2147.070891,5906.434739,0.100417,0.995575,0.283921,0.283921,414.750387,54.001699,200.312524,53.304736,19210.300481
dqn+,400,42,0.230417,18.875733,5061.028586,13848.21759,0.769583,0.65575,0.455166,0.455166,385.576663,53.952705,206.432913,14.686366,69724.532231
dqn+,400,7,0.500938,41.0368,3790.541771,9017.81831,0.499062,0.84505,0.40988,0.40988,449.280594,52.741556,252.707979,27.401673,37369.980791
dqn+,400,99,0.490625,40.192,3772.181378,9002.337727,0.509375,0.820734,0.407006,0.406714,444.019604,52.851767,248.423791,27.155558,37708.671288
dqn+,600,42,0.266319,32.725333,5617.412306,15009.508344,0.733681,0.710095,0.440023,0.440023,456.897719,52.175444,277.256548,14.325015,71483.345816
dqn+,600,7,0.328125,40.32,5190.3059,13736.870089,0.671875,0.796485,0.38262,0.38262,462.012825,52.080474,280.853184,17.454061,58668.29523
dqn+,600,99,0.254722,31.300267,5513.448912,13979.885029,0.745278,0.704395,0.444927,0.444829,465.77605,51.927843,287.263909,13.44005,76190.193487
dqn+,800,42,0.173177,28.373333,6634.484758,18982.729833,0.826823,0.67134,0.458812,0.458812,536.99951,49.965168,366.469841,7.925519,129202.889505
dqn+,800,7,0.108177,17.723733,15091.648588,45851.693346,0.891823,0.71966,0.3101,0.3101,429.238324,52.522537,265.202011,6.193669,165330.120107
dqn+,800,99,0.13375,21.9136,10289.459587,28552.306376,0.86625,0.727177,0.37818,0.37818,429.269809,52.587879,262.2587,7.657282,133728.912384
dqn+,1000,42,0.170125,34.8416,9100.648309,28725.283149,0.829875,0.748691,0.27969,0.27969,546.282734,49.597995,381.783258,7.653531,133794.448614
dqn+,1000,7,0.137917,28.245333,9277.88179,30153.811295,0.862083,0.714032,0.33277,0.33277,520.341066,50.246041,355.958499,6.513881,157202.739024
dqn+,1000,99,0.151333,30.993067,8780.957826,25750.95636,0.848667,0.688703,0.363119,0.363119,551.624043,49.478162,386.503333,6.742215,151878.86659
ddqn+,100,42,0.897917,18.389333,2100.929143,5840.673378,0.102083,0.993991,0.20231,0.20231,419.148868,53.766387,210.31127,52.647643,19450.063473
ddqn+,100,7,0.997917,20.437333,1171.107864,2940.071612,0.002083,0.999917,0.231509,0.231509,433.396201,53.581148,216.804906,56.587483,18095.874778
ddqn+,100,99,0.954583,19.549867,1226.921796,3829.393887,0.045417,0.994087,0.432489,0.432278,465.197486,53.216862,229.195321,50.429851,20305.433681
ddqn+,200,42,0.884792,36.241067,2212.447657,4956.869079,0.115208,0.995475,0.298929,0.298929,455.002658,52.96797,241.677971,47.790138,21427.014755
ddqn+,200,7,0.96,39.3216,2182.831457,4942.333145,0.04,0.99726,0.254872,0.254872,466.257448,52.729184,250.945268,50.600714,20236.868422
ddqn+,200,99,0.898958,36.821333,2383.932982,5915.66827,0.101042,0.991555,0.307525,0.307525,470.156384,52.653336,253.887957,46.990322,21791.721163
ddqn+,400,42,0.319583,26.180267,4266.110761,12363.568853,0.680417,0.743446,0.406773,0.406773,437.827762,52.73922,254.313383,17.938744,57083.150198
ddqn+,400,7,0.48125,39.424,3795.91217,9689.537968,0.51875,0.849616,0.372855,0.372751,467.705328,52.178644,275.672085,25.287717,40493.967813
ddqn+,400,99,0.527917,43.246933,3736.746715,9017.165316,0.472083,0.870134,0.372281,0.372281,431.547441,53.173312,235.538067,30.064087,34060.57151
ddqn+,600,42,0.129792,15.9488,7816.462086,23321.136724,0.870208,0.629739,0.461858,0.461858,398.735714,53.429049,228.329512,7.999685,128005.044591
ddqn+,600,7,0.183125,22.5024,5217.654525,13900.053247,0.816875,0.668259,0.493738,0.493738,488.931279,51.255992,314.548697,9.204729,111247.162369
ddqn+,600,99,0.207986,25.557333,5982.195414,15924.84513,0.792014,0.708768,0.463275,0.463275,455.82655,52.110031,280.352653,11.213622,91317.505774
ddqn+,800,42,0.197396,32.341333,6239.959906,18624.395168,0.802604,0.688833,0.401615,0.401615,519.359941,50.419,348.295679,9.340728,109627.428197
ddqn+,800,7,0.163021,26.709333,8480.838091,25465.290597,0.836979,0.754629,0.351232,0.351232,501.094246,50.780738,334.362637,7.995302,128075.206758
ddqn+,800,99,0.20151,33.015467,6567.507218,18702.099977,0.79849,0.717106,0.415995,0.415995,513.445286,50.578241,341.890859,9.645273,106165.993533
ddqn+,1000,42,0.134875,27.6224,8458.518048,22959.827964,0.865125,0.696455,0.459611,0.459525,566.062476,49.13666,400.034484,5.855693,174872.5598
ddqn+,1000,7,0.173667,35.566933,8062.123764,22860.039448,0.826333,0.709534,0.3845,0.3845,552.434666,49.502866,385.285339,7.725858,132541.906534
ddqn+,1000,99,0.144833,29.661867,7977.244815,23338.808616,0.855167,0.672225,0.422533,0.422533,558.257881,49.339701,391.89102,6.375949,160603.53298
ppo,100,42,0.949583,19.447467,1480.453624,4066.249557,0.050417,0.996344,0.290099,0.290099,386.307101,54.83296,166.536283,60.410383,16950.728448
ppo,100,7,0.999583,20.471467,954.163395,2889.992045,0.000417,0.999983,0.249598,0.249598,383.826407,54.890371,164.249045,64.002267,15999.433386
ppo,100,99,0.914583,18.730667,2020.56892,5259.189676,0.085417,0.994946,0.341495,0.341495,414.463265,54.180406,192.316338,54.231103,18882.153322
ppo,200,42,0.761458,31.189333,2692.829881,6961.803645,0.238542,0.978669,0.38058,0.380441,466.902777,52.69339,252.552063,40.080293,25548.715562
ppo,200,7,0.558542,22.877867,3459.297165,8646.456438,0.441458,0.909406,0.44014,0.44014,431.034124,53.363985,227.033839,31.846017,32154.72764
ppo,200,99,0.904792,37.060267,2083.457398,4992.398002,0.095208,0.990061,0.379024,0.379024,508.059701,51.85297,285.066897,43.766825,23396.716594
ppo,400,42,0.462083,37.853867,4196.989364,11551.625232,0.537917,0.885018,0.318759,0.318759,429.004001,53.064442,240.766533,26.470989,38683.859427
ppo,400,7,0.406875,33.3312,4429.49058,11146.702026,0.593125,0.802789,0.405244,0.405244,435.795107,52.916588,246.577991,22.945095,44628.27519
ppo,400,99,0.33875,27.7504,5338.461208,14485.293287,0.66125,0.77871,0.390276,0.390276,401.622061,53.660093,217.511384,20.728742,49400.007519
ppo,600,42,0.241875,29.7216,5812.495682,15823.623726,0.758125,0.737288,0.434167,0.434167,456.627436,52.126317,279.505999,13.017877,78661.056991
ppo,600,7,0.13625,16.7424,8753.142182,22733.700309,0.86375,0.694645,0.418392,0.418392,388.13044,53.679025,218.435103,8.627203,118694.324061
ppo,600,99,0.278125,34.176,5373.13627,14000.572815,0.721875,0.750495,0.415741,0.415741,479.754791,51.579608,301.132519,14.247278,71873.376867
ppo,800,42,0.206979,33.911467,7157.304395,20889.243248,0.793021,0.746685,0.357267,0.357267,496.058295,50.990429,325.561988,10.254279,99860.753958
ppo,800,7,0.19651,32.196267,8932.692119,26226.870154,0.80349,0.754608,0.306077,0.306077,457.163343,51.936421,287.976453,10.563927,96933.65338
ppo,800,99,0.165833,27.170133,9083.321703,26257.815361,0.834167,0.765422,0.344155,0.344155,479.920824,51.317209,312.935263,8.492067,120583.121678
ppo,1000,42,0.139333,28.535467,8619.328168,25770.037883,0.860667,0.679054,0.407603,0.407603,538.472295,49.82605,372.541305,6.359206,161026.40409
ppo,1000,7,0.119667,24.507733,8066.461697,23857.292103,0.880333,0.653079,0.462999,0.462999,621.890636,47.686072,458.155551,4.729012,216535.736606
ppo,1000,99,0.129375,26.496,6990.96369,20609.091521,0.870625,0.640047,0.452076,0.452076,607.756965,48.065026,442.911512,5.231565,195734.932237
