policy,n,pdr_mean,pdr_ci_lo,pdr_ci_hi,tput_kbps_mean,tput_kbps_ci_lo,tput_kbps_ci_hi,avg_delay_ms_mean,avg_delay_ms_ci_lo,avg_delay_ms_ci_hi,p95_delay_ms_mean,p95_delay_ms_ci_lo,p95_delay_ms_ci_hi,drop_rate_mean,drop_rate_ci_lo,drop_rate_ci_hi,fairness_mean,fairness_ci_lo,fairness_ci_hi,col_rate_mean,col_rate_ci_lo,col_rate_ci_hi,retry_rate_mean,retry_rate_ci_lo,retry_rate_ci_hi,raw_fit_pass_mean,raw_fit_pass_ci_lo,raw_fit_pass_ci_hi,e_total_mj_mean,e_total_mj_ci_lo,e_total_mj_ci_hi,e_sleep_mj_mean,e_sleep_mj_ci_lo,e_sleep_mj_ci_hi,e_idle_mj_mean,e_idle_mj_ci_lo,e_idle_mj_ci_hi,ee_kbit_j_mean,ee_kbit_j_ci_lo,ee_kbit_j_ci_hi,e_per_pkt_uj_mean,e_per_pkt_uj_ci_lo,e_per_pkt_uj_ci_hi
no_raw,100,0.600139,0.578197,0.622081,12.290844,11.841464,12.740224,1929.827474,1866.084267,1993.570682,4610.450543,4531.785925,4689.115161,0.399861,0.377919,0.421803,0.981434,0.974761,0.988106,0.892696,0.881275,0.904117,0.847805,0.839772,0.855839,1.0,1.0,1.0,2649.135476,2648.794489,2649.476462,0.0,0.0,0.0,2344.554116,2344.537224,2344.571008,5.567484,5.363222,5.771747,183951.730536,177225.18541,190678.275662
static,100,0.498889,0.490085,0.507693,10.217244,10.036943,10.397546,3051.622688,2960.110714,3143.134663,7981.647754,7385.65809,8577.637417,0.501111,0.492307,0.509915,0.778848,0.743436,0.814259,0.472523,0.462991,0.482055,0.471491,0.463607,0.479375,1.0,1.0,1.0,436.472007,433.935735,439.008278,53.186936,53.126502,53.24737,234.323409,231.927332,236.719486,28.090828,27.444099,28.737557,36455.262263,35617.843675,37292.680852
laca,100,1.0,1.0,1.0,20.48,20.48,20.48,686.89413,681.594628,692.193633,1682.78005,1584.277247,1781.282853,0.0,0.0,0.0,1.0,1.0,1.0,0.18288,0.158356,0.207404,0.18288,0.158356,0.207404,1.0,1.0,1.0,447.63034,437.73801,457.52267,53.129985,52.918109,53.341862,235.270262,227.000608,243.539916,54.905341,53.691871,56.118811,18651.264177,18239.083752,19063.444603
tabular,100,0.989028,0.965415,1.01264,20.255289,19.771707,20.738871,992.242515,384.214912,1600.270118,2581.165748,1526.527159,3635.804337,0.010972,-0.01264,0.034585,0.999368,0.998006,1.000729,0.265976,0.117992,0.413961,0.265976,0.117992,0.413961,1.0,1.0,1.0,433.157078,396.706906,469.607251,53.652258,53.009426,54.295089,213.646677,189.300991,237.992363,56.152658,51.786156,60.51916,18247.822847,16840.341718,19655.303977
tab_ddqn,100,0.987778,0.95494,1.020615,20.229689,19.557176,20.902201,1192.138013,409.51423,1974.761796,3271.309399,1732.054745,4810.564053,0.012222,-0.020615,0.04506,0.999396,0.997866,1.000926,0.202893,0.070405,0.335381,0.202893,0.070405,0.335381,1.0,1.0,1.0,394.793813,322.001934,467.585693,54.506485,52.825159,56.187811,180.109687,113.747744,246.471629,61.75746,48.213991,75.300928,16663.359544,13186.204162,20140.514925
dqn,100,0.992778,0.977413,1.008143,20.332089,20.017409,20.646769,1058.253926,614.168315,1502.339536,2988.007345,1172.693592,4803.321097,0.007222,-0.008143,0.022587,0.999701,0.999074,1.000328,0.19385,0.007797,0.379903,0.19385,0.007797,0.379903,1.0,1.0,1.0,422.349547,259.855669,584.843426,53.79628,49.932465,57.660096,208.533199,55.444671,361.621727,58.701363,36.224711,81.178015,17722.832603,10959.966771,24485.698435
ddqn,100,0.968889,0.888505,1.049273,19.842844,18.196578,21.489111,1411.323147,524.343751,2298.302543,3731.776553,937.262489,6526.290616,0.031111,-0.049273,0.111495,0.997832,0.990994,1.004671,0.21935,0.040734,0.397967,0.21935,0.040734,0.397967,1.0,1.0,1.0,420.812892,351.990903,489.634882,53.849888,52.349909,55.349867,206.329223,147.601972,265.056473,56.781121,44.965973,68.596268,18120.66003,14268.56638,21972.75368
ppo,100,0.862917,0.725734,1.000099,17.672533,14.863035,20.482032,2298.384229,1841.968707,2754.799751,6835.441926,6205.306711,7465.577141,0.137083,-9.9e-05,0.274266,0.99078,0.977506,1.004054,0.302448,0.277172,0.327725,0.302448,0.277172,0.327725,1.0,1.0,1.0,435.340559,377.932832,492.748287,53.463335,52.136718,54.789952,221.909879,169.60175,274.218008,48.700128,46.003743,51.396513,21033.640832,19862.747542,22204.534123
no_raw,200,0.244653,0.240312,0.248993,10.020978,9.843187,10.198769,2811.903655,2664.822249,2958.985061,4876.411438,4805.738394,4947.084482,0.755347,0.751007,0.759688,0.966897,0.96479,0.969004,0.92307,0.921616,0.924525,0.851191,0.849606,0.852777,1.0,1.0,1.0,2559.208131,2559.185097,2559.231165,0.0,0.0,0.0,2355.927578,2355.926553,2355.928602,2.349393,2.30769,2.391097,435871.957069,428166.099768,443577.81437
static,200,0.472083,0.460383,0.483783,19.336533,18.857308,19.815759,3177.111697,3141.463024,3212.760369,8318.659079,7768.736051,8868.582107,0.527917,0.516217,0.539617,0.731152,0.700557,0.761747,0.474634,0.462912,0.486356,0.474036,0.462511,0.485562,1.0,1.0,1.0,443.22147,441.677247,444.765692,52.965329,52.928243,53.002414,243.43669,241.963872,244.909507,26.176626,25.437684,26.915568,39122.257287,38010.913424,40233.60115
laca,200,0.939792,0.933823,0.945761,38.493867,38.24938,38.738353,1909.271625,1796.432313,2022.110937,4632.241862,4434.013093,4830.47063,0.060208,0.054239,0.066177,0.99176,0.986538,0.996982,0.352262,0.348283,0.356242,0.352221,0.348347,0.356096,1.0,1.0,1.0,533.331362,530.539483,536.123242,51.196976,51.134788,51.259164,311.328938,308.885757,313.77212,43.305855,42.988025,43.623686,23645.90045,23472.649436,23819.151464
tabular,200,0.903472,0.793713,1.013232,37.006222,32.510472,41.501972,2129.921107,1982.429941,2277.412273,4965.544249,4875.329103,5055.759394,0.096528,-0.013232,0.206287,0.993971,0.984429,1.003513,0.289677,0.268937,0.310417,0.289677,0.268937,0.310417,1.0,1.0,1.0,460.434782,419.261243,501.60832,52.873731,52.010252,53.737211,245.209746,211.652469,278.767023,48.208202,46.6338,49.782603,21243.661164,20545.654108,21941.66822
tab_ddqn,200,0.920903,0.888729,0.953077,37.720178,36.402326,39.03803,2035.335751,1958.873086,2111.798416,4906.272633,4873.77252,4938.772747,0.079097,0.046923,0.111271,0.993893,0.987246,1.00054,0.347273,0.227193,0.467353,0.347273,0.227193,0.467353,1.0,1.0,1.0,454.796179,432.016848,477.575509,53.160627,52.607621,53.713634,233.038,210.802521,255.27348,49.77369,47.246248,52.301132,20578.90435,19523.928546,21633.880153
dqn,200,0.937222,0.827226,1.047218,38.388622,33.883186,42.894058,2360.179479,1788.974719,2931.38424,5299.882004,3859.989483,6739.774526,0.062778,-0.047218,0.172774,0.995228,0.983989,1.006467,0.243685,0.183756,0.303614,0.243685,0.183756,0.303614,1.0,1.0,1.0,463.39727,441.988822,484.805718,52.743365,52.2385,53.248231,250.678394,230.669529,270.687258,49.71811,43.3785,56.05772,20633.457415,17922.350988,23344.563842
ddqn,200,0.845625,0.712405,0.978845,34.6368,29.180114,40.093486,2444.741749,1890.91415,2998.569349,6618.49051,3035.034682,10201.946337,0.154375,0.021155,0.287595,0.987273,0.970317,1.004229,0.308481,0.202707,0.414255,0.308481,0.202707,0.414255,1.0,1.0,1.0,406.214964,310.228868,502.201061,54.216054,51.812196,56.619911,191.77622,95.790104,287.762337,51.344695,41.796742,60.892647,20016.676342,16378.083756,23655.268929
ppo,200,0.948611,0.901115,0.996107,38.855111,36.909662,40.80056,2087.002537,2025.501665,2148.50341,4928.892723,4854.835917,5002.949528,0.051389,0.003893,0.098885,0.997545,0.996728,0.998362,0.240157,0.204222,0.276091,0.240157,0.204222,0.276091,1.0,1.0,1.0,459.994997,451.247055,468.74294,52.845884,52.620206,53.071563,246.496623,237.479352,255.513895,50.677982,49.068906,52.287059,20208.230544,19561.830542,20854.630547
no_raw,400,0.128958,0.125042,0.132874,10.564267,10.243457,10.885076,2869.23342,2857.780855,2880.685985,5038.317637,4957.354177,5119.281097,0.871042,0.867126,0.874958,0.877455,0.872709,0.8822,0.865654,0.864284,0.867023,0.803964,0.801139,0.80679,1.0,1.0,1.0,2513.447082,2513.42608,2513.468083,0.0,0.0,0.0,2361.654629,2361.653475,2361.655784,1.26093,1.222629,1.299231,812180.581283,787375.874486,836985.28808
static,400,0.365764,0.363856,0.367671,29.963378,29.807112,30.119643,3288.725823,3176.821228,3400.630418,8846.518064,8446.653943,9246.382185,0.634236,0.632329,0.636144,0.67008,0.665719,0.674442,0.490109,0.487695,0.492523,0.489474,0.486854,0.492095,1.0,1.0,1.0,467.531435,456.57446,478.488411,52.163295,51.882386,52.444203,276.433143,265.196872,287.669415,19.227612,18.794353,19.660871,53259.675486,52055.335746,54464.015225
laca,400,0.383507,0.379622,0.387392,31.416889,31.098658,31.73512,3749.320755,3554.868639,3943.772871,9313.477851,8797.060491,9829.895211,0.616493,0.612608,0.620378,0.752106,0.741016,0.763196,0.481763,0.479527,0.483999,0.481278,0.478926,0.483631,1.0,1.0,1.0,479.342441,470.680847,488.004035,51.879409,51.659224,52.099594,287.688869,278.892339,296.485398,19.662839,19.462163,19.863514,52078.518637,51546.830764,52610.20651
tabular,400,0.479132,0.3849,0.573364,39.250489,31.530998,46.969979,4143.234403,3760.907466,4525.56134,10195.306272,9482.538019,10908.074526,0.520868,0.426636,0.6151,0.855071,0.795005,0.915138,0.383132,0.279582,0.486682,0.383099,0.279616,0.486581,1.0,1.0,1.0,438.453547,397.272761,479.634332,52.929567,51.926296,53.932839,245.634143,205.73946,285.528827,26.901019,20.172275,33.629763,38310.149513,29254.060726,47366.2383
tab_ddqn,400,0.510521,0.44965,0.571391,41.821867,36.835342,46.808392,3969.208646,3751.11612,4187.301171,9942.112832,9904.875432,9979.350231,0.489479,0.428609,0.55035,0.859019,0.811187,0.906852,0.382346,0.348127,0.416565,0.382314,0.347973,0.416655,1.0,1.0,1.0,436.140113,422.432598,449.847627,53.044679,52.646809,53.442549,240.743581,224.579647,256.907515,28.781354,24.462169,33.100538,35662.902614,30460.636624,40865.168604
dqn,400,0.457778,0.36185,0.553705,37.501156,29.64278,45.359532,3954.992658,3627.326834,4282.658483,10317.465278,9242.667462,11392.263094,0.542222,0.446295,0.63815,0.844138,0.825417,0.86286,0.395371,0.392558,0.398184,0.395336,0.392642,0.398029,1.0,1.0,1.0,417.683037,369.863045,465.503029,53.456152,52.302416,54.609888,224.606658,178.782153,270.431163,26.934154,22.269718,31.598589,38138.358667,31736.684634,44540.0327
ddqn,400,0.496146,0.458788,0.533503,40.644267,37.583939,43.704594,3969.045785,3420.387849,4517.703721,9337.462745,7941.367144,10733.558347,0.503854,0.466497,0.541212,0.845594,0.819784,0.871404,0.392156,0.371214,0.413099,0.392124,0.371307,0.412941,1.0,1.0,1.0,441.401896,430.102325,452.701467,52.905472,52.533697,53.277247,246.338056,231.048947,261.627165,27.631647,24.855866,30.407428,37099.941446,33322.089707,40877.793185
ppo,400,0.566076,0.546381,0.585772,46.372978,44.759525,47.98643,4114.213377,3936.331253,4292.095501,10850.231852,10421.360945,11279.102758,0.433924,0.414228,0.453619,0.942356,0.932254,0.952458,0.234995,0.179246,0.290745,0.234995,0.179246,0.290745,1.0,1.0,1.0,408.867027,391.643713,426.09034,53.625392,53.209678,54.041105,218.068072,201.559722,234.576422,34.033474,31.947766,36.119182,30100.361295,28236.581861,31964.140729
no_raw,600,0.085417,0.083753,0.08708,10.496,10.291558,10.700442,2944.927091,2915.241293,2974.612889,5043.571906,5009.106047,5078.037764,0.914583,0.91292,0.916247,0.806494,0.791634,0.821355,0.817382,0.81503,0.819734,0.764382,0.76232,0.766443,1.0,1.0,1.0,2498.236226,2498.229812,2498.242639,0.0,0.0,0.0,2363.565272,2363.564863,2363.565681,0.840273,0.823907,0.856639,1218701.557819,1195060.0665,1242343.049139
static,600,0.262338,0.260251,0.264425,32.236089,31.97964,32.492538,3694.94048,3489.578763,3900.302197,9064.984461,8489.049485,9640.919438,0.737662,0.735575,0.739749,0.718404,0.688344,0.748465,0.498065,0.495859,0.500271,0.497661,0.495302,0.50002,1.0,1.0,1.0,510.548836,505.196617,515.901056,50.87645,50.739668,51.013232,328.843588,323.374795,334.31238,12.628162,12.463288,12.793035,81090.09366,80033.211736,82146.975584
laca,600,0.222361,0.213809,0.230913,27.323733,26.272904,28.374562,4974.480898,4850.944156,5098.017639,13134.54787,12691.865792,13577.229948,0.777639,0.769087,0.786191,0.654995,0.636773,0.673217,0.507305,0.494047,0.520563,0.506951,0.494443,0.519459,1.0,1.0,1.0,501.72298,497.725943,505.720016,51.02098,50.917736,51.124224,323.480321,319.344578,327.616065,10.892266,10.412365,11.372167,94031.268096,89910.94669,98151.589502
tabular,600,0.322639,0.282996,0.362282,39.645867,34.774504,44.51723,5292.649738,4904.53561,5680.763866,13887.182033,13045.795374,14728.568692,0.677361,0.637718,0.717004,0.788409,0.779268,0.797549,0.386827,0.361829,0.411826,0.386827,0.361829,0.411826,1.0,1.0,1.0,448.250177,443.451548,453.048806,52.429696,52.291741,52.567651,266.904557,261.276437,272.532676,17.690556,15.42059,19.960522,57988.695493,50431.904966,65545.486019
tab_ddqn,600,0.296204,0.187447,0.404961,36.397511,23.033428,49.761594,5544.452946,4456.272365,6632.633527,14709.52089,12159.259515,17259.782265,0.703796,0.595039,0.812553,0.769917,0.727046,0.812788,0.395064,0.324984,0.465144,0.395064,0.324984,0.465144,1.0,1.0,1.0,444.096574,434.792861,453.400287,52.49759,52.133717,52.861464,264.38872,249.163427,279.614014,16.405868,10.047159,22.764577,63431.611944,39092.747891,87770.475997
dqn,600,0.337199,0.329313,0.345085,41.435022,40.466001,42.404043,5256.858192,4636.987265,5876.729118,13985.556898,11915.752599,16055.361196,0.662801,0.654915,0.670687,0.785604,0.74156,0.829647,0.349481,0.286173,0.412789,0.349481,0.286173,0.412789,1.0,1.0,1.0,453.02117,433.421914,472.620427,52.292714,51.806237,52.779192,272.448082,253.046083,291.850081,18.298113,17.128117,19.46811,55986.843704,52397.131965,59576.555442
ddqn,600,0.340023,0.303454,0.376593,41.782044,37.288394,46.275695,5582.831418,4818.103303,6347.559532,15806.691592,14788.922902,16824.460283,0.659977,0.623407,0.696546,0.826137,0.802869,0.849405,0.293095,0.276682,0.309507,0.293095,0.276682,0.309507,1.0,1.0,1.0,434.322207,420.593681,448.050734,52.719753,52.395884,53.043623,255.620465,242.783683,268.457247,19.239563,17.311827,21.167298,53280.152062,48060.605552,58499.698572
ppo,600,0.416991,0.408275,0.425707,51.239822,50.168801,52.310844,5083.222914,4753.122138,5413.323691,14999.89725,14530.865566,15468.928934,0.583009,0.574293,0.591725,0.893667,0.871549,0.915785,0.215718,0.193689,0.237746,0.215718,0.193689,0.237746,1.0,1.0,1.0,413.922187,412.10726,415.737113,53.279709,53.226034,53.333383,233.009803,230.802241,235.217364,24.758429,24.154425,25.362433,41362.314719,40351.720454,42372.908984
no_raw,800,0.063299,0.062363,0.064235,10.370844,10.217482,10.524207,2849.52997,2777.837423,2921.222517,5015.971183,4902.875285,5129.067082,0.936701,0.935765,0.937637,0.799304,0.782962,0.815647,0.77681,0.774364,0.779257,0.726499,0.725338,0.727661,1.0,1.0,1.0,2490.673366,2490.667234,2490.679497,0.0,0.0,0.0,2364.520172,2364.519548,2364.520795,0.624581,0.615344,0.633817,1639538.607102,1615210.302591,1663866.911613
static,800,0.189427,0.187775,0.191079,31.035733,30.765074,31.306393,3727.457755,3548.289442,3906.626069,8983.644014,8900.299843,9066.988185,0.810573,0.808921,0.812225,0.713301,0.697198,0.729405,0.466193,0.463615,0.46877,0.465724,0.463448,0.468,1.0,1.0,1.0,546.878105,542.44869,551.30752,49.773991,49.660963,49.88702,373.802165,369.283686,378.320643,8.512624,8.458552,8.566695,120292.462495,119529.145808,121055.779182
laca,800,0.149705,0.146599,0.152811,24.527644,24.018705,25.036584,5911.751184,5691.651771,6131.850597,16410.37965,14501.203436,18319.555864,0.850295,0.847189,0.853401,0.614543,0.609681,0.619404,0.512438,0.504874,0.520002,0.512166,0.505003,0.51933,1.0,1.0,1.0,551.950619,547.989487,555.911752,49.589342,49.486403,49.69228,381.476961,377.354324,385.599597,6.665649,6.574117,6.75718,153626.573721,151523.681895,155729.465547
tabular,800,0.251146,0.225007,0.277285,41.147733,36.865134,45.430332,6667.587649,6237.603138,7097.572159,18739.261799,14991.362031,22487.161566,0.748854,0.722715,0.774993,0.786369,0.738172,0.834566,0.332721,0.236007,0.429434,0.332721,0.236007,0.429434,1.0,1.0,1.0,484.54702,454.823385,514.270655,51.332044,50.599366,52.064723,311.653684,282.466177,340.84119,12.750883,10.694007,14.807759,80529.108509,67843.837618,93214.379401
tab_ddqn,800,0.234931,0.191387,0.278474,38.491022,31.356884,45.62516,6918.301775,5815.669003,8020.934546,19107.164154,16317.734938,21896.59337,0.765069,0.721526,0.808613,0.765052,0.674548,0.855556,0.345947,0.265503,0.426391,0.345947,0.265503,0.426391,1.0,1.0,1.0,488.571311,467.068148,510.074475,51.211514,50.671566,51.751461,316.566875,295.004814,338.128936,11.829101,9.168523,14.489679,87051.578204,67048.301006,107054.855403
dqn,800,0.221458,0.144304,0.298612,36.283733,23.642817,48.924649,9299.89658,5380.550298,13219.242863,28244.946625,11166.923722,45322.969529,0.778542,0.701388,0.855696,0.802736,0.778484,0.826987,0.254284,0.242062,0.266505,0.254284,0.242062,0.266505,1.0,1.0,1.0,449.013945,433.427961,464.599928,52.148136,51.846265,52.450006,279.483416,267.890531,291.076302,12.108043,8.23717,15.978915,85587.357283,56170.584685,115004.129881
ddqn,800,0.224514,0.152843,0.296185,36.784356,25.041828,48.526883,6213.934902,4358.98082,8068.888983,18255.5664,11162.045793,25349.087007,0.775486,0.703815,0.847157,0.780105,0.661659,0.89855,0.357531,0.09887,0.616193,0.357389,0.099248,0.61553,1.0,1.0,1.0,492.90672,456.21883,529.59461,51.099628,50.249123,51.950134,321.04951,287.433994,354.665027,11.229336,6.818696,15.639976,92743.893534,55958.508311,129529.278757
ppo,800,0.280608,0.268654,0.292561,45.974756,44.016298,47.933213,6985.903566,5912.09351,8059.713622,21894.814372,21023.596304,22766.03244,0.719392,0.707439,0.731346,0.814924,0.799613,0.830235,0.227016,0.196615,0.257417,0.227016,0.196615,0.257417,1.0,1.0,1.0,461.024728,454.909896,467.13956,51.903309,51.731487,52.075131,288.943534,281.997445,295.889623,14.958852,14.266237,15.651466,68470.413919,65278.614237,71662.213602
no_raw,1000,0.049181,0.048377,0.049985,10.072178,9.90751,10.236845,2883.048627,2790.202089,2975.895165,5021.286475,5014.920348,5027.652601,0.950819,0.950015,0.951623,0.799255,0.767919,0.830591,0.739041,0.737985,0.740097,0.692511,0.691176,0.693846,1.0,1.0,1.0,2486.13151,2486.124022,2486.138997,0.0,0.0,0.0,2365.09324,2365.092646,2365.093835,0.486161,0.478212,0.494111,2106356.770746,2072006.434392,2140707.107101
static,1000,0.147528,0.141672,0.153384,30.213689,29.014391,31.412987,3694.772887,3505.291708,3884.254067,8967.240564,8821.235734,9113.245393,0.852472,0.846616,0.858328,0.712497,0.703382,0.721612,0.433796,0.424913,0.442679,0.433532,0.424689,0.442376,1.0,1.0,1.0,602.940658,593.839901,612.041414,48.233721,48.000655,48.466787,435.929142,426.606589,445.251696,6.013742,5.69512,6.332364,170328.721436,161233.27428,179424.168592
laca,1000,0.110889,0.108658,0.113119,22.710044,22.253225,23.166864,7274.247754,7235.976121,7312.519387,21491.662748,20497.543577,22485.781918,0.889111,0.886881,0.891342,0.612105,0.607516,0.616693,0.508142,0.505759,0.510526,0.507887,0.505112,0.510661,1.0,1.0,1.0,615.623524,611.648596,619.598452,47.869908,47.76818,47.971637,450.693373,446.625054,454.761693,4.426717,4.354473,4.49896,231329.355918,227540.115125,235118.596711
tabular,1000,0.180667,0.157465,0.203868,37.000533,32.248823,41.752243,8171.32357,6321.634806,10021.012335,23537.368506,17616.225065,29458.511948,0.819333,0.796132,0.842535,0.746805,0.730874,0.762737,0.354953,0.336263,0.373644,0.354953,0.336263,0.373644,1.0,1.0,1.0,540.419549,497.02917,583.809928,49.803837,48.71059,50.897084,373.277427,329.644613,416.910241,8.215871,7.419422,9.01232,124765.673713,112458.210337,137073.137089
tab_ddqn,1000,0.170056,0.100889,0.239222,34.827378,20.662143,48.992613,8744.138985,6036.497795,11451.780176,25977.212047,15342.893491,36611.530603,0.829944,0.760778,0.899111,0.733021,0.588693,0.87735,0.348105,0.314824,0.381386,0.348105,0.314824,0.381386,1.0,1.0,1.0,527.343189,475.109259,579.577119,50.119042,48.867223,51.370862,360.771168,311.145051,410.397284,7.904368,5.245782,10.562954,131281.058347,83580.565023,178981.551672
dqn,1000,0.180417,0.155263,0.205571,36.949333,31.79781,42.100857,7970.623999,6579.856718,9361.39128,22502.696688,18769.19257,26236.200806,0.819583,0.794429,0.844737,0.736212,0.675024,0.7974,0.359791,0.325443,0.394138,0.359791,0.325443,0.394138,1.0,1.0,1.0,546.268557,515.084152,577.452963,49.658343,48.876373,50.440313,379.075231,347.893357,410.257104,8.113195,7.384681,8.841709,126325.839424,114808.428129,137843.250718
ddqn,1000,0.196431,0.192753,0.200108,40.228978,39.475767,40.982188,9002.642084,8327.27838,9678.005787,25526.07385,21320.938181,29731.209519,0.803569,0.799892,0.807247,0.779513,0.768569,0.790458,0.276895,0.213716,0.340074,0.276895,0.213716,0.340074,1.0,1.0,1.0,518.771821,507.851149,529.692493,50.336644,50.081269,50.592019,352.065084,341.964948,362.165221,9.306409,8.942209,9.670609,110050.072994,105703.914286,114396.231703
ppo,1000,0.210181,0.159978,0.260383,43.044978,32.76356,53.326396,8300.343569,5745.589338,10855.097801,25281.310289,20104.094964,30458.525613,0.789819,0.739617,0.840022,0.786195,0.782233,0.790157,0.254098,0.205396,0.3028,0.254098,0.205396,0.3028,1.0,1.0,1.0,511.206399,509.230435,513.182363,50.535586,50.450215,50.620956,344.077432,340.428705,347.726159,10.10446,7.684432,12.524489,101990.930386,76852.977501,127128.883271
