policy,n,seed,pdr,tput_kbps,avg_delay_ms,p95_delay_ms,drop_rate,fairness,col_rate,retry_rate,raw_fit_pass,e_total_mj,e_sleep_mj,e_idle_mj,ee_kbit_j,e_per_pkt_uj
no_raw,100,42,0.609583,12.484267,1911.828477,4588.99523,0.390417,0.978812,0.887504,0.84415,1.0,2648.979203,0.0,2344.561867,5.655431,181064.880602
no_raw,100,7,0.592083,12.125867,1959.207386,4595.53888,0.407917,0.984179,0.896251,0.850294,1.0,2649.236481,0.0,2344.549157,5.492541,186434.657321
no_raw,100,99,0.59875,12.2624,1918.44656,4646.817517,0.40125,0.981309,0.894332,0.848972,1.0,2649.190743,0.0,2344.551323,5.554481,184355.653686
no_raw,200,42,0.243542,9.975467,2876.836683,4885.268567,0.756458,0.967682,0.923747,0.851678,1.0,2559.214125,0.0,2355.927533,2.338718,437846.727893
no_raw,200,7,0.246667,10.103467,2797.952689,4899.376667,0.753333,0.965998,0.922723,0.850469,1.0,2559.197452,0.0,2355.928011,2.368743,432296.866847
no_raw,200,99,0.24375,9.984,2760.921593,4844.589081,0.75625,0.96701,0.922742,0.851427,1.0,2559.212817,0.0,2355.927189,2.34072,437472.276467
no_raw,400,42,0.130208,10.666667,2873.785881,5052.196173,0.869792,0.876234,0.865136,0.803083,1.0,2513.438186,0.0,2361.655149,1.273156,804300.21952
no_raw,400,7,0.127188,10.4192,2869.346239,5001.086153,0.872812,0.879656,0.866233,0.805248,1.0,2513.45501,0.0,2361.654484,1.243611,823408.684597
no_raw,400,99,0.129479,10.606933,2864.56814,5061.670584,0.870521,0.876474,0.865591,0.803563,1.0,2513.448049,0.0,2361.654255,1.266022,808832.839732
no_raw,600,42,0.084931,10.436267,2958.193753,5054.899515,0.915069,0.813169,0.818231,0.764934,1.0,2498.237645,0.0,2363.565103,0.83549,1225627.626143
no_raw,600,7,0.086181,10.589867,2935.010529,5047.71785,0.913819,0.801618,0.816361,0.763428,1.0,2498.237787,0.0,2363.56528,0.847787,1207850.662584
no_raw,600,99,0.085139,10.461867,2941.576991,5028.098352,0.914861,0.804696,0.817554,0.764783,1.0,2498.233246,0.0,2363.565432,0.837541,1222626.384731
no_raw,800,42,0.06349,10.402133,2821.07284,5004.212467,0.93651,0.803883,0.775923,0.726229,1.0,2490.670544,0.0,2364.520175,0.626466,1634566.394837
no_raw,800,7,0.063542,10.410667,2848.744651,4977.480583,0.936458,0.791766,0.776637,0.72623,1.0,2490.675123,0.0,2364.519919,0.626979,1633229.588634
no_raw,800,99,0.062865,10.299733,2878.772419,5066.2205,0.937135,0.802264,0.77787,0.727039,1.0,2490.67443,0.0,2364.520421,0.620298,1650819.837835
no_raw,1000,42,0.049083,10.052267,2868.344273,5024.010971,0.950917,0.793454,0.739345,0.692754,1.0,2486.132099,0.0,2365.093369,0.4852,2110468.675224
no_raw,1000,7,0.049542,10.146133,2925.537089,5020.923859,0.950458,0.790585,0.738555,0.691895,1.0,2486.128244,0.0,2365.093388,0.489732,2090940.491348
no_raw,1000,99,0.048917,10.018133,2855.264518,5018.924593,0.951083,0.813725,0.739223,0.692884,1.0,2486.134185,0.0,2365.092964,0.483552,2117661.145667
static,100,42,0.49875,10.2144,3068.711514,8219.917263,0.50125,0.782913,0.471458,0.470426,1.0,437.029689,53.174377,234.815125,28.04679,36510.416809
static,100,7,0.495417,10.146133,3076.810116,7984.873725,0.504583,0.790627,0.47678,0.47506,1.0,437.092603,53.171456,234.942923,27.855333,36761.362723
static,100,99,0.5025,10.2912,3009.346435,7740.152273,0.4975,0.763003,0.469331,0.468987,1.0,435.293728,53.214974,233.212179,28.370361,36094.007258
static,200,42,0.474375,19.4304,3170.451969,8356.159123,0.525625,0.744868,0.470493,0.470314,1.0,442.989476,52.970509,243.232163,26.317194,38909.92322
static,200,7,0.466667,19.114667,3193.580824,8080.948413,0.533333,0.721044,0.479771,0.479234,1.0,443.925684,52.948501,244.104715,25.834955,39636.221773
static,200,99,0.475208,19.464533,3167.302296,8518.869701,0.524792,0.727544,0.473637,0.472561,1.0,442.749249,52.976976,242.973191,26.37773,38820.626869
static,400,42,0.364896,29.892267,3242.718613,8663.462893,0.635104,0.669713,0.491221,0.490692,1.0,465.222756,52.222685,274.056953,19.276099,53122.781128
static,400,7,0.366042,29.986133,3332.740538,8965.871661,0.633958,0.671991,0.489422,0.488894,1.0,472.616972,52.032903,281.648818,19.034103,53798.17551
static,400,99,0.366354,30.011733,3290.718318,8910.219637,0.633646,0.668538,0.489684,0.488837,1.0,464.754579,52.234296,273.593658,19.372633,52858.069819
static,600,42,0.262986,32.315733,3749.238456,9172.697205,0.737014,0.716979,0.497575,0.496969,1.0,512.434289,50.82835,330.766153,12.612635,81188.427044
static,600,7,0.262639,32.273067,3599.806983,8798.897284,0.737361,0.70708,0.497531,0.497271,1.0,508.200701,50.936502,326.442318,12.700914,80624.119708
static,600,99,0.261389,32.119467,3735.776002,9223.358895,0.738611,0.731154,0.49909,0.498744,1.0,511.011519,50.864498,329.322293,12.570936,81457.734228
static,800,42,0.189583,31.061333,3649.801361,8945.964256,0.810417,0.716195,0.465178,0.464764,1.0,545.77614,49.802111,372.677561,8.536833,119950.800087
static,800,7,0.188698,30.916267,3792.329807,9010.270689,0.811302,0.705877,0.467251,0.466589,1.0,545.92306,49.798362,372.828423,8.494677,120546.080141
static,800,99,0.19,31.1296,3740.242098,8994.697096,0.81,0.717833,0.466149,0.465818,1.0,548.935113,49.721501,375.90051,8.506361,120380.507258
static,1000,42,0.149208,30.557867,3778.311168,9032.259359,0.850792,0.7161,0.431183,0.430787,1.0,598.946939,48.335983,431.838916,6.122319,167256.894458
static,1000,7,0.144833,29.661867,3628.854774,8951.563961,0.855167,0.712626,0.437871,0.437554,1.0,606.14461,48.151638,439.21281,5.872236,174379.922219
static,1000,99,0.148542,30.421333,3677.15272,8917.898371,0.851458,0.708765,0.432334,0.432255,1.0,603.730424,48.213543,436.7357,6.046672,169349.347632
laca,100,42,1.0,20.48,684.433244,1637.1291,0.0,1.0,0.191452,0.191452,1.0,451.605968,53.043351,238.65929,54.419121,18816.915334
laca,100,7,1.0,20.48,688.216342,1702.592718,0.0,1.0,0.172088,0.172088,1.0,443.642242,53.213853,232.00533,55.395987,18485.093436
laca,100,99,1.0,20.48,688.032805,1708.618332,0.0,1.0,0.185099,0.185099,1.0,447.64281,53.132752,235.146165,54.900915,18651.783761
laca,200,42,0.937083,38.382933,1859.594493,4555.805024,0.062917,0.989359,0.352963,0.352963,1.0,532.790282,51.206926,310.951511,43.224812,23690.097033
laca,200,7,0.941667,38.570667,1919.545239,4625.910068,0.058333,0.993271,0.350429,0.350429,1.0,532.580466,51.215503,310.590127,43.45334,23565.507338
laca,200,99,0.940625,38.528,1948.675144,4715.010492,0.059375,0.992648,0.353394,0.353272,1.0,534.623339,51.168499,312.445177,43.239414,23682.096979
laca,400,42,0.385104,31.547733,3668.073759,9073.828949,0.614896,0.752811,0.480809,0.480187,1.0,483.368254,51.777069,291.777425,19.579937,52298.431605
laca,400,7,0.383437,31.4112,3824.230896,9421.644639,0.616563,0.756176,0.481881,0.481881,1.0,477.342258,51.930513,285.646236,19.741307,51870.932652
laca,400,99,0.381979,31.291733,3755.65761,9444.959965,0.618021,0.747332,0.482597,0.481766,1.0,477.316812,51.930645,285.642945,19.667273,52066.191653
laca,600,42,0.225903,27.758933,4927.601168,12933.004838,0.774097,0.657325,0.501592,0.501592,1.0,500.016146,51.064979,321.717756,11.103215,92225.541804
laca,600,7,0.222153,27.298133,4969.208137,13199.449165,0.777847,0.660883,0.50816,0.507677,1.0,503.211675,50.982394,325.025936,10.849563,94381.683292
laca,600,99,0.219028,26.914133,5026.633388,13271.189607,0.780972,0.646779,0.512162,0.511583,1.0,501.941118,51.015567,323.697272,10.72402,95486.579191
laca,800,42,0.148906,24.3968,5995.049102,16921.583599,0.851094,0.616729,0.51402,0.513839,1.0,550.670712,49.622199,380.162738,6.645569,154087.642347
laca,800,7,0.149062,24.4224,5818.671409,15526.628156,0.850938,0.612955,0.514366,0.513824,1.0,551.444439,49.603032,380.926434,6.643208,154142.400968
laca,800,99,0.151146,24.763733,5921.533041,16782.927195,0.848854,0.613943,0.508928,0.508837,1.0,553.736706,49.542794,383.34171,6.70817,152649.677848
laca,1000,42,0.111208,22.775467,7285.879327,21916.501744,0.888792,0.611097,0.507507,0.507422,1.0,614.755154,47.891887,449.815454,4.445763,230331.642671
laca,1000,7,0.111583,22.852267,7280.087391,21436.588451,0.888417,0.61098,0.507674,0.507077,1.0,617.469953,47.822664,452.582724,4.441142,230571.304187
laca,1000,99,0.109875,22.5024,7256.776544,21121.898048,0.890125,0.614236,0.509246,0.509161,1.0,614.645464,47.895175,449.681942,4.393245,233085.120895
tabular,100,42,0.990833,20.292267,1016.350497,2848.382654,0.009167,0.999661,0.235974,0.235974,1.0,425.371208,53.787235,208.560225,57.245811,17887.771583
tabular,100,7,0.8425,17.2544,1553.738628,4787.507489,0.1575,0.993411,0.330704,0.330704,1.0,452.556193,53.049,238.360928,45.751843,22381.611942
tabular,100,99,0.9875,20.224,968.81941,2746.526841,0.0125,0.999555,0.264667,0.264667,1.0,455.402378,53.069827,237.004374,53.290894,19215.290205
tabular,200,42,0.880417,36.061867,2169.866936,5130.443805,0.119583,0.988875,0.388746,0.388746,1.0,507.746766,51.856141,284.970918,42.613999,24029.66236
tabular,200,7,0.820208,33.595733,2111.123062,5858.521827,0.179792,0.97746,0.40028,0.400153,1.0,495.543333,52.103885,275.401844,40.677452,25173.651675
tabular,200,99,0.77,31.5392,1904.923416,5306.965492,0.23,0.968989,0.47789,0.47789,1.0,464.903773,53.004407,238.848845,40.704165,25157.130556
tabular,400,42,0.470833,38.570667,4219.887935,9988.908121,0.529167,0.844059,0.396596,0.396493,1.0,447.475498,52.711688,254.285643,25.858846,39599.601558
tabular,400,7,0.447292,36.642133,3750.601552,8992.294714,0.552708,0.813929,0.431282,0.431081,1.0,456.809964,52.493014,262.942004,24.063923,42553.326889
tabular,400,99,0.391042,32.034133,4090.167543,11028.385978,0.608958,0.771406,0.4498,0.4498,1.0,451.130694,52.562552,260.555345,21.302563,48069.333372
tabular,600,42,0.294375,36.1728,5234.439845,13948.849242,0.705625,0.738249,0.404278,0.404278,1.0,450.648495,52.341127,270.590973,16.053665,63786.057356
tabular,600,7,0.258958,31.8208,4821.922913,12901.358135,0.741042,0.692865,0.472238,0.472145,1.0,480.865388,51.582639,300.867321,13.234806,77371.743907
tabular,600,99,0.281597,34.602667,4519.013887,11062.670451,0.718403,0.685088,0.460014,0.459745,1.0,509.16064,50.885919,328.585792,13.592043,75338.19583
tabular,800,42,0.186719,30.592,6241.423694,16937.481097,0.813281,0.689113,0.455995,0.455995,1.0,517.393202,50.485126,345.582989,8.869077,115457.339273
tabular,800,7,0.14776,24.209067,11350.978296,39423.442565,0.85224,0.682869,0.421109,0.421109,1.0,455.822709,51.965243,286.874352,7.966606,128536.541203
tabular,800,99,0.202552,33.186133,6651.229815,18967.037826,0.797448,0.706401,0.414246,0.414246,1.0,489.654372,51.18849,317.47888,10.166191,100726.021534
tabular,1000,42,0.136417,27.938133,8088.971899,22950.520015,0.863583,0.667356,0.448822,0.448822,1.0,581.975195,48.731346,416.231264,5.760685,177756.626358
tabular,1000,7,0.114917,23.534933,9796.200135,29120.591583,0.885083,0.6376,0.464211,0.464211,1.0,547.798333,49.579841,382.43615,5.155532,198621.58568
tabular,1000,99,0.149375,30.592,8289.914599,22191.392429,0.850625,0.694602,0.445156,0.445156,1.0,527.481774,50.143322,359.676428,6.959558,147135.780696
tab_ddqn,100,42,0.99,20.2752,1051.894502,2875.697385,0.01,0.999642,0.135741,0.135741,1.0,338.39713,55.843366,127.163437,71.898482,14242.303443
tab_ddqn,100,7,0.996667,20.411733,1110.819889,3074.671252,0.003333,0.999871,0.285751,0.285751,1.0,456.878354,53.090594,235.883746,53.61182,19100.26565
tab_ddqn,100,99,1.0,20.48,991.223748,2359.826853,0.0,1.0,0.233716,0.233716,1.0,444.387823,53.306263,227.766055,55.303046,18516.159276
tab_ddqn,200,42,0.763542,31.274667,2105.348541,5170.84074,0.236458,0.976562,0.434338,0.434211,1.0,484.539327,52.376511,264.568369,38.727094,26441.436648
tab_ddqn,200,7,0.626875,25.6768,2318.097313,6019.095391,0.373125,0.918245,0.545488,0.544747,1.0,468.047484,52.848135,245.528559,32.915635,31109.836116
tab_ddqn,200,99,0.868333,35.566933,2023.057522,5001.379239,0.131667,0.984865,0.370017,0.370017,1.0,484.094101,52.395899,263.711019,44.082669,23229.08356
tab_ddqn,400,42,0.389375,31.8976,4026.110922,10520.752576,0.610625,0.757013,0.464848,0.464531,1.0,452.580098,52.548721,260.995475,21.143837,48430.187017
tab_ddqn,400,7,0.316354,25.915733,4295.566641,10247.392718,0.683646,0.775738,0.496047,0.495815,1.0,462.876275,52.193519,275.67982,16.79654,60964.935735
tab_ddqn,400,99,0.3825,31.3344,3824.487801,9929.00839,0.6175,0.759793,0.461506,0.461399,1.0,458.758275,52.37836,267.869367,20.490791,49973.668328
tab_ddqn,600,42,0.198125,24.3456,6328.196648,19046.130927,0.801875,0.711858,0.461625,0.461625,1.0,461.490237,51.949496,286.851759,10.550862,97053.67768
tab_ddqn,600,7,0.254722,31.300267,5144.43482,13893.59743,0.745278,0.699986,0.44922,0.44922,1.0,470.236628,51.822856,291.416486,13.31256,76919.840923
tab_ddqn,600,99,0.263194,32.341333,5453.50203,14028.939592,0.736806,0.744084,0.433879,0.433782,1.0,468.019632,51.879391,289.152222,13.820503,74092.817795
tab_ddqn,800,42,0.185729,30.429867,7181.754475,19037.25647,0.814271,0.694427,0.417197,0.417197,1.0,488.54488,51.190235,317.546512,9.343011,109600.646072
tab_ddqn,800,7,0.192552,31.547733,7025.634538,19513.158918,0.807448,0.717034,0.417013,0.417013,1.0,482.666056,51.35533,310.869617,9.804211,104444.913326
tab_ddqn,800,99,0.160469,26.2912,8439.067171,25310.882642,0.839531,0.697203,0.429765,0.429765,1.0,474.909354,51.508171,304.993399,8.304069,123313.042348
tab_ddqn,1000,42,0.136708,27.997867,8025.40505,22914.029475,0.863292,0.648087,0.448768,0.448768,1.0,565.245117,49.161188,399.033097,5.943871,172278.304572
tab_ddqn,1000,7,0.111667,22.869333,13787.029833,45239.170539,0.888333,0.682513,0.415699,0.415699,1.0,506.687966,50.592681,342.124658,5.416193,189062.674052
tab_ddqn,1000,99,0.140583,28.791467,7749.136687,20920.952698,0.859417,0.678905,0.439678,0.439678,1.0,586.261751,48.62153,420.621562,5.893231,173758.669497
dqn,100,42,0.87125,17.8432,2026.227135,7073.990851,0.12875,0.993858,0.262384,0.262384,1.0,416.976303,53.873396,205.797367,51.350256,19941.4779
dqn,100,7,1.0,20.48,1104.688027,2350.101033,0.0,1.0,0.129624,0.129624,1.0,362.616111,55.223776,151.938633,67.774154,15109.004612
dqn,100,99,0.98375,20.1472,876.33402,2057.491672,0.01625,0.999573,0.227692,0.227692,1.0,438.403022,53.426828,223.110415,55.147065,18568.531199
dqn,200,42,0.799375,32.7424,2323.790456,6060.802664,0.200625,0.987336,0.384698,0.384698,1.0,489.391248,52.183699,272.599087,40.142606,25509.056476
dqn,200,7,0.797083,32.648533,2694.067512,8101.368423,0.202917,0.985902,0.292197,0.292197,1.0,423.574163,53.672844,213.999389,46.247202,22141.879934
dqn,200,99,0.522917,21.418667,3192.972869,9878.808256,0.477083,0.935121,0.422964,0.422964,1.0,368.721045,54.850966,168.113735,34.853449,29380.162939
dqn,400,42,0.416979,34.158933,3806.301121,9151.183186,0.583021,0.799426,0.447366,0.44685,1.0,453.585643,52.548123,260.884151,22.592602,45324.57092
dqn,400,7,0.437812,35.8656,4584.179544,12731.852329,0.562188,0.871101,0.372606,0.372606,1.0,440.036908,52.811946,250.730597,24.451767,41878.363832
dqn,400,99,0.358229,29.346133,3729.154186,9091.746238,0.641771,0.739299,0.495922,0.49571,1.0,475.086329,51.968376,284.238272,18.531032,55258.659963
dqn,600,42,0.161597,19.857067,8477.581101,25858.555853,0.838403,0.75693,0.33919,0.33919,1.0,411.15259,53.081154,242.373289,9.65922,106012.700366
dqn,600,7,0.244514,30.045867,6419.070597,22041.927652,0.755486,0.819709,0.281974,0.281974,1.0,411.929615,53.15946,238.723839,14.587864,70195.333351
dqn,600,99,0.161181,19.805867,7886.868531,20768.721378,0.838819,0.713478,0.418109,0.418109,1.0,401.761799,53.37198,230.498865,9.859507,103859.146784
dqn,800,42,0.197396,32.341333,6590.761714,17908.180024,0.802604,0.718838,0.411059,0.411059,1.0,519.787103,50.409097,348.688574,9.333052,109717.594371
dqn,800,7,0.18099,29.653333,5535.190303,14569.193969,0.81901,0.68397,0.463368,0.463281,1.0,565.186348,49.274777,393.922072,7.869971,130114.842648
dqn,800,99,0.20875,34.2016,6954.909639,19707.757393,0.79125,0.732377,0.386393,0.386393,1.0,494.460131,51.051504,323.022562,10.375437,98694.636984
dqn,1000,42,0.178583,36.573867,8512.383991,24691.211668,0.821417,0.739227,0.28892,0.28892,1.0,552.650977,49.452081,387.531826,7.941475,128943.298344
dqn,1000,7,0.152042,31.138133,7498.771306,21857.647047,0.847958,0.672377,0.418392,0.418392,1.0,549.677343,49.571002,382.580037,6.797762,150637.802846
dqn,1000,99,0.138625,28.3904,7758.644261,25237.786924,0.861375,0.709228,0.362961,0.362961,1.0,591.336313,48.442734,428.008318,5.76127,177738.597349
ddqn,100,42,1.0,20.48,992.09659,2911.9459,0.0,1.0,0.292257,0.292257,1.0,433.978151,53.696419,211.556475,56.629579,18082.422944
ddqn,100,7,1.0,20.48,818.174324,1933.259327,0.0,1.0,0.229287,0.229287,1.0,423.175694,53.841633,206.39236,58.075169,17632.320581
ddqn,100,99,0.99,20.2752,1777.776721,3693.046357,0.01,0.999606,0.048011,0.048011,1.0,311.314286,56.41534,104.884504,78.153304,13102.453123
ddqn,200,42,0.740625,30.336,2407.021008,6016.635823,0.259375,0.986991,0.37086,0.37086,1.0,451.855463,53.02013,239.779623,40.281908,25420.841824
ddqn,200,7,0.870833,35.669333,2229.003305,5602.885885,0.129167,0.990342,0.308593,0.308593,1.0,465.152413,52.723705,251.370822,46.009866,22256.096303
ddqn,200,99,0.936875,38.3744,1951.474721,4563.5229,0.063125,0.996472,0.299322,0.299322,1.0,469.149644,52.714654,251.247214,49.07739,20865.005304
ddqn,400,42,0.444792,36.437333,3930.610153,9883.919302,0.555208,0.809488,0.416434,0.416331,1.0,471.20836,52.094071,279.044937,23.19823,44141.298345
ddqn,400,7,0.342187,28.032,4030.780763,10700.459773,0.657813,0.782504,0.402145,0.402145,1.0,406.784979,53.554486,221.603164,20.67333,49532.417527
ddqn,400,99,0.375417,30.754133,3970.67437,10513.789804,0.624583,0.789344,0.472969,0.472862,1.0,430.431111,53.103911,238.856165,21.434882,47772.598344
ddqn,600,42,0.172292,21.1712,8562.731204,22973.948953,0.827708,0.721279,0.366743,0.366743,1.0,376.786489,53.991603,205.810296,11.23777,91121.278987
ddqn,600,7,0.209028,25.685333,7088.338663,20200.829397,0.790972,0.783936,0.384856,0.384856,1.0,425.68803,52.808029,252.796361,12.067679,84854.756876
ddqn,600,99,0.269583,33.1264,5733.07833,15175.677062,0.730417,0.732517,0.39713,0.39713,1.0,467.251084,51.865147,289.885603,14.179272,72218.096394
ddqn,800,42,0.219583,35.976533,6773.763168,19739.429584,0.780417,0.740413,0.340978,0.340978,1.0,484.654866,51.289429,313.564831,11.134687,91964.870224
ddqn,800,7,0.16,26.2144,6005.304356,17266.583868,0.84,0.626446,0.512617,0.512357,1.0,539.092582,49.946752,367.040303,7.294035,140388.693273
ddqn,800,99,0.158698,26.001067,7681.343177,25695.128896,0.841302,0.655702,0.459992,0.459896,1.0,481.525266,51.362665,310.697078,8.099596,126426.062726
ddqn,1000,42,0.104417,21.384533,17198.496364,46580.511512,0.895583,0.754398,0.262676,0.262676,1.0,477.918507,51.243392,316.520842,5.369418,190709.699632
ddqn,1000,7,0.100833,20.650667,17254.20326,51559.374275,0.899167,0.761624,0.246049,0.246049,1.0,470.970199,51.412872,309.784258,5.261649,194615.784515
ddqn,1000,99,0.15025,30.7712,9735.97224,29499.790766,0.84975,0.758826,0.289849,0.289849,1.0,572.116431,48.91398,409.257231,6.454183,158656.802956
ppo,100,42,0.9225,18.8928,1429.525024,3905.283003,0.0775,0.996381,0.232572,0.232572,1.0,402.328922,54.266986,189.943975,56.350311,18172.038028
ppo,100,7,0.999583,20.471467,1179.987838,2905.727053,0.000417,0.999983,0.224868,0.224868,1.0,417.212463,53.985498,200.681975,58.880695,17391.098929
ppo,100,99,0.95875,19.6352,1587.485991,4904.061899,0.04125,0.998059,0.246085,0.246085,1.0,412.988521,54.078089,197.072864,57.053014,17948.219064
ppo,200,42,0.686042,28.100267,3179.338034,7970.758847,0.313958,0.973049,0.342602,0.342602,1.0,428.750232,53.460183,222.944778,39.323967,26040.099145
ppo,200,7,0.629375,25.7792,2954.055649,7823.641143,0.370625,0.93934,0.381448,0.381448,1.0,403.621346,54.101878,197.309599,38.321858,26721.042455
ppo,200,99,0.84875,34.7648,2237.016298,5269.916712,0.15125,0.98724,0.384406,0.384406,1.0,494.629529,52.097902,275.783049,42.170713,24282.254742
ppo,400,42,0.382708,31.351467,3896.75193,9630.334145,0.617292,0.783072,0.47399,0.473779,1.0,476.788786,51.928629,285.799252,19.726638,51909.503103
ppo,400,7,0.403438,33.0496,5057.870074,14887.298708,0.596562,0.815597,0.395067,0.395067,1.0,410.701056,53.542976,221.606176,24.141355,42416.8403
ppo,400,99,0.384479,31.496533,4839.637106,12935.423298,0.615521,0.802647,0.400096,0.400096,1.0,413.705464,53.434068,226.126898,22.839824,44833.970663
ppo,600,42,0.226111,27.784533,5402.061974,14107.622117,0.773889,0.700937,0.45826,0.458156,1.0,480.628165,51.511429,304.10525,11.561758,88567.843584
ppo,600,7,0.278472,34.218667,5497.291891,15976.467788,0.721528,0.766341,0.411373,0.411177,1.0,467.908697,51.880042,289.131131,14.626215,70011.276413
ppo,600,99,0.25,30.72,7871.762919,27183.34251,0.75,0.826245,0.258875,0.258875,1.0,405.992756,53.296807,233.3016,15.133275,67665.459398
ppo,800,42,0.162135,26.564267,6877.22541,19868.503318,0.837865,0.635644,0.462047,0.461858,1.0,516.724813,50.469715,346.366508,7.711339,132791.471495
ppo,800,7,0.089271,14.626133,16461.643819,52960.874223,0.910729,0.720384,0.366307,0.366307,1.0,451.196599,51.946836,288.303273,4.862448,210593.511997
ppo,800,99,0.122656,20.096,10547.838525,32177.350578,0.877344,0.757571,0.334188,0.334188,1.0,476.121348,51.346369,312.118372,6.331159,161739.735883
ppo,1000,42,0.129458,26.513067,10463.977262,32802.614344,0.870542,0.750949,0.346623,0.346623,1.0,585.235688,48.565603,423.263085,5.436388,188360.376067
ppo,1000,7,0.159375,32.64,8589.568843,25264.34964,0.840625,0.707511,0.369484,0.369484,1.0,541.572918,49.750299,375.544562,7.232267,141587.690906
ppo,1000,99,0.113292,23.202133,11006.354216,30955.376789,0.886708,0.723878,0.383379,0.383379,1.0,534.329207,49.861484,371.482124,5.21075,196516.810105
