policy,n,pdr_mean,pdr_ci_lo,pdr_ci_hi,tput_kbps_mean,tput_kbps_ci_lo,tput_kbps_ci_hi,avg_delay_ms_mean,avg_delay_ms_ci_lo,avg_delay_ms_ci_hi,p95_delay_ms_mean,p95_delay_ms_ci_lo,p95_delay_ms_ci_hi,drop_rate_mean,drop_rate_ci_lo,drop_rate_ci_hi,fairness_mean,fairness_ci_lo,fairness_ci_hi,col_rate_mean,col_rate_ci_lo,col_rate_ci_hi,retry_rate_mean,retry_rate_ci_lo,retry_rate_ci_hi,raw_fit_pass_mean,raw_fit_pass_ci_lo,raw_fit_pass_ci_hi,e_total_mj_mean,e_total_mj_ci_lo,e_total_mj_ci_hi,e_sleep_mj_mean,e_sleep_mj_ci_lo,e_sleep_mj_ci_hi,e_idle_mj_mean,e_idle_mj_ci_lo,e_idle_mj_ci_hi,ee_kbit_j_mean,ee_kbit_j_ci_lo,ee_kbit_j_ci_hi,e_per_pkt_uj_mean,e_per_pkt_uj_ci_lo,e_per_pkt_uj_ci_hi,aoi_s_mean,aoi_s_ci_lo,aoi_s_ci_hi,dvr_pct_mean,dvr_pct_ci_lo,dvr_pct_ci_hi,assoc_mean_s_mean,assoc_mean_s_ci_lo,assoc_mean_s_ci_hi,assoc_max_s_mean,assoc_max_s_ci_lo,assoc_max_s_ci_hi,assoc_frac_mean,assoc_frac_ci_lo,assoc_frac_ci_hi
no_raw,100,0.600139,0.578197,0.622081,12.290844,11.841464,12.740224,1929.827474,1866.084267,1993.570682,4610.450543,4531.785925,4689.115161,0.399861,0.377919,0.421803,0.981434,0.974761,0.988106,0.892696,0.881275,0.904117,0.847805,0.839772,0.855839,1.0,1.0,1.0,2649.135476,2648.794489,2649.476462,0.0,0.0,0.0,2344.554116,2344.537224,2344.571008,5.567484,5.363222,5.771747,183951.730536,177225.18541,190678.275662,7.4569,7.273014,7.640786,40.444444,37.946485,42.942403,2.818418,2.774095,2.862741,4.694545,4.523847,4.865243,1.0,1.0,1.0
static,100,0.498889,0.490085,0.507693,10.217244,10.036943,10.397546,3051.622688,2960.110714,3143.134663,7981.647754,7385.65809,8577.637417,0.501111,0.492307,0.509915,0.778848,0.743436,0.814259,0.472523,0.462991,0.482055,0.471491,0.463607,0.479375,1.0,1.0,1.0,436.472007,433.935735,439.008278,53.186936,53.126502,53.24737,234.323409,231.927332,236.719486,28.090828,27.444099,28.737557,36455.262263,35617.843675,37292.680852,18.613236,15.612909,21.613562,58.444444,57.505181,59.383708,1.532503,1.433381,1.631625,1.828226,1.721738,1.934714,1.0,1.0,1.0
adaptive,100,1.0,1.0,1.0,20.48,20.48,20.48,622.936285,618.831363,627.041208,1434.308776,1374.22959,1494.387961,0.0,0.0,0.0,1.0,1.0,1.0,0.212814,0.206476,0.219152,0.212814,0.206476,0.219152,1.0,1.0,1.0,387.430408,383.287778,391.573037,54.72693,54.627513,54.826347,171.132483,167.189434,175.075531,63.434111,62.75547,64.112753,16142.933653,15970.324103,16315.543203,3.036347,3.033095,3.039598,0.0,0.0,0.0,1.699481,1.574232,1.82473,2.393798,2.105682,2.681914,1.0,1.0,1.0
laca,100,1.0,1.0,1.0,20.48,20.48,20.48,686.89413,681.594628,692.193633,1682.78005,1584.277247,1781.282853,0.0,0.0,0.0,1.0,1.0,1.0,0.18288,0.158356,0.207404,0.18288,0.158356,0.207404,0.995945,0.992951,0.998938,447.63034,437.73801,457.52267,53.129985,52.918109,53.341862,235.270262,227.000608,243.539916,54.905341,53.691871,56.118811,18651.264177,18239.083752,19063.444603,3.098817,3.08943,3.108204,0.0,0.0,0.0,1.632352,1.56266,1.702043,2.110455,1.955527,2.265383,1.0,1.0,1.0
chang2019,100,1.0,1.0,1.0,20.48,20.48,20.48,746.509187,732.758133,760.260241,1598.907314,1554.696603,1643.118025,0.0,0.0,0.0,1.0,1.0,1.0,0.204457,0.194561,0.214353,0.204457,0.194561,0.214353,0.997345,0.993277,1.001413,420.830717,417.049579,424.611854,53.855001,53.776309,53.933692,206.084931,203.02705,209.142812,58.399288,57.875246,58.923329,17534.613193,17377.065787,17692.160599,3.159906,3.150118,3.169695,0.0,0.0,0.0,1.711598,1.634591,1.788604,2.410335,2.28936,2.53131,1.0,1.0,1.0
tasm_raw,100,1.0,1.0,1.0,20.48,20.48,20.48,677.455706,617.261469,737.649942,1558.800783,1405.109609,1712.491957,0.0,0.0,0.0,1.0,1.0,1.0,0.298566,0.274545,0.322587,0.298566,0.274545,0.322587,0.998888,0.99748,1.000295,401.136862,398.228674,404.045049,54.553901,54.462366,54.645436,177.183748,173.346874,181.020622,61.26622,60.82248,61.709961,16714.035903,16592.861413,16835.210394,3.091916,3.034791,3.149042,0.0,0.0,0.0,1.68728,1.617274,1.757286,2.30659,2.178213,2.434968,1.0,1.0,1.0
traw,100,1.0,1.0,1.0,20.48,20.48,20.48,970.377088,965.805793,974.948383,1946.964373,1928.528621,1965.400126,0.0,0.0,0.0,1.0,1.0,1.0,0.411261,0.39483,0.427693,0.411261,0.39483,0.427693,0.999619,0.999294,0.999945,432.566864,427.914025,437.219703,54.061447,53.998255,54.124639,195.35373,193.101749,197.60571,56.815047,56.205169,57.424924,18023.619332,17829.751025,18217.487638,3.383516,3.3753,3.391733,0.0,0.0,0.0,1.783322,1.749903,1.816741,2.429457,2.262905,2.596009,1.0,1.0,1.0
no_raw,200,0.244653,0.240312,0.248993,10.020978,9.843187,10.198769,2811.903655,2664.822249,2958.985061,4876.411438,4805.738394,4947.084482,0.755347,0.751007,0.759688,0.966897,0.96479,0.969004,0.92307,0.921616,0.924525,0.851191,0.849606,0.852777,1.0,1.0,1.0,2559.208131,2559.185097,2559.231165,0.0,0.0,0.0,2355.927578,2355.926553,2355.928602,2.349393,2.30769,2.391097,435871.957069,428166.099768,443577.81437,13.621043,13.603411,13.638676,76.166667,75.793441,76.539892,10.739657,10.330414,11.1489,24.869028,24.384702,25.353355,1.0,1.0,1.0
static,200,0.472083,0.460383,0.483783,19.336533,18.857308,19.815759,3177.111697,3141.463024,3212.760369,8318.659079,7768.736051,8868.582107,0.527917,0.516217,0.539617,0.731152,0.700557,0.761747,0.474634,0.462912,0.486356,0.474036,0.462511,0.485562,1.0,1.0,1.0,443.22147,441.677247,444.765692,52.965329,52.928243,53.002414,243.43669,241.963872,244.909507,26.176626,25.437684,26.915568,39122.257287,38010.913424,40233.60115,21.222673,20.197898,22.247447,60.375,59.099843,61.650157,3.209975,3.162699,3.25725,3.946146,3.914363,3.977929,1.0,1.0,1.0
adaptive,200,0.983542,0.96976,0.997323,40.285867,39.721381,40.850352,1548.070942,1507.584477,1588.557408,3913.998276,3713.468036,4114.528516,0.016458,0.002677,0.03024,0.998579,0.997085,1.000073,0.360309,0.34676,0.373858,0.360309,0.34676,0.373858,1.0,1.0,1.0,490.723494,484.536796,496.910191,52.384911,52.244994,52.524827,263.326739,257.821319,268.832158,49.257743,48.333813,50.181672,20789.402114,20398.447261,21180.356968,4.014302,3.862577,4.166026,2.993056,1.388309,4.597802,3.606052,3.502788,3.709316,5.128021,5.014786,5.241257,1.0,1.0,1.0
laca,200,0.939792,0.933823,0.945761,38.493867,38.24938,38.738353,1909.271625,1796.432313,2022.110937,4632.241862,4434.013093,4830.47063,0.060208,0.054239,0.066177,0.99176,0.986538,0.996982,0.352262,0.348283,0.356242,0.352221,0.348347,0.356096,0.992164,0.988864,0.995465,533.331362,530.539483,536.123242,51.196976,51.134788,51.259164,311.328938,308.885757,313.77212,43.305855,42.988025,43.623686,23645.90045,23472.649436,23819.151464,4.887059,4.731258,5.04286,9.131944,8.507991,9.755898,3.4306,3.419892,3.441308,4.528099,4.434128,4.622069,1.0,1.0,1.0
chang2019,200,0.434444,0.402266,0.466623,17.794844,16.476822,19.112867,2225.903101,2132.676065,2319.130137,5214.077227,5074.705435,5353.44902,0.565556,0.533377,0.597734,0.776791,0.748464,0.805118,0.696849,0.67244,0.721259,0.689742,0.666764,0.71272,1.0,1.0,1.0,646.162309,643.768477,648.556141,48.422205,48.391719,48.452691,421.964171,420.764258,423.164084,16.523957,15.254395,17.793518,62010.09011,57254.424586,66765.755633,20.242709,19.174105,21.311313,59.090278,55.857913,62.322642,3.513077,3.383988,3.642166,4.556444,4.06625,5.046639,1.0,1.0,1.0
tasm_raw,200,0.973125,0.931875,1.014375,39.8592,38.169597,41.548803,1497.853126,1356.889941,1638.816311,3796.649504,3176.982386,4416.316622,0.026875,-0.014375,0.068125,0.995716,0.98634,1.005092,0.366584,0.314916,0.418253,0.366584,0.314916,0.418253,0.997673,0.995621,0.999725,487.789539,478.096145,497.482933,52.46178,52.241223,52.682337,260.248398,251.485783,269.011013,49.028332,47.190468,50.866197,20889.054456,20105.709108,21672.399803,4.118856,3.421889,4.815824,4.083333,-0.921602,9.088269,3.614138,3.383684,3.844591,5.101668,4.673746,5.52959,1.0,1.0,1.0
traw,200,0.937292,0.924363,0.950221,38.391467,37.861899,38.921035,1597.44761,1570.487757,1624.407464,3905.593254,3860.874778,3950.31173,0.062708,0.049779,0.075637,0.996112,0.994411,0.997813,0.430538,0.419374,0.441702,0.430538,0.419374,0.441702,0.998327,0.996952,0.999702,506.47291,492.638626,520.307193,52.120141,51.780254,52.460028,273.258177,259.728034,286.788319,45.486463,43.625283,47.347643,22516.292756,21588.510709,23444.074804,4.571684,4.385591,4.757777,7.493056,6.394716,8.591395,4.240773,3.890337,4.59121,6.581425,5.690217,7.472633,1.0,1.0,1.0
no_raw,400,0.128958,0.125042,0.132874,10.564267,10.243457,10.885076,2869.23342,2857.780855,2880.685985,5038.317637,4957.354177,5119.281097,0.871042,0.867126,0.874958,0.877455,0.872709,0.8822,0.865654,0.864284,0.867023,0.803964,0.801139,0.80679,1.0,1.0,1.0,2513.447082,2513.42608,2513.468083,0.0,0.0,0.0,2361.654629,2361.653475,2361.655784,1.26093,1.222629,1.299231,812180.581283,787375.874486,836985.28808,21.986606,21.730326,22.242885,87.875,87.650885,88.099115,32.722148,30.721024,34.723272,81.633536,77.258326,86.008746,1.0,1.0,1.0
static,400,0.365764,0.363856,0.367671,29.963378,29.807112,30.119643,3288.725823,3176.821228,3400.630418,8846.518064,8446.653943,9246.382185,0.634236,0.632329,0.636144,0.67008,0.665719,0.674442,0.490109,0.487695,0.492523,0.489474,0.486854,0.492095,1.0,1.0,1.0,467.531435,456.57446,478.488411,52.163295,51.882386,52.444203,276.433143,265.196872,287.669415,19.227612,18.794353,19.660871,53259.675486,52055.335746,54464.015225,23.809571,23.140437,24.478704,70.586806,70.366711,70.8069,7.456516,7.257307,7.655725,10.429292,10.355514,10.50307,0.999167,0.995581,1.002752
adaptive,400,0.429132,0.425317,0.432947,35.154489,34.841958,35.46702,3167.118796,3056.220606,3278.016986,7936.561918,7378.064932,8495.058904,0.570868,0.567053,0.574683,0.772028,0.76045,0.783607,0.501221,0.499588,0.502855,0.500641,0.498571,0.502711,1.0,1.0,1.0,487.372857,483.188358,491.557356,51.805913,51.697197,51.914629,289.964393,285.608241,294.320546,21.639294,21.415501,21.863087,47321.868508,46833.088512,47810.648503,19.716888,19.031434,20.402341,64.052083,63.558353,64.545814,7.889879,7.695569,8.084188,11.974013,11.860351,12.087675,0.999167,0.995581,1.002752
laca,400,0.383507,0.379622,0.387392,31.416889,31.098658,31.73512,3749.320755,3554.868639,3943.772871,9313.477851,8797.060491,9829.895211,0.616493,0.612608,0.620378,0.752106,0.741016,0.763196,0.481763,0.479527,0.483999,0.481278,0.478926,0.483631,0.987774,0.983365,0.992184,479.342441,470.680847,488.004035,51.879409,51.659224,52.099594,287.688869,278.892339,296.485398,19.662839,19.462163,19.863514,52078.518637,51546.830764,52610.20651,21.844018,21.179116,22.508921,71.125,70.337085,71.912915,7.263186,7.217162,7.30921,10.095251,9.790729,10.399773,0.999167,0.995581,1.002752
chang2019,400,0.187604,0.182513,0.192695,15.368533,14.951486,15.78558,2529.734567,2420.105792,2639.363341,5164.857431,5095.016725,5234.698138,0.812396,0.807305,0.817487,0.692007,0.665366,0.718648,0.759508,0.749384,0.769633,0.735545,0.730261,0.740829,1.0,1.0,1.0,944.519289,875.832822,1013.205755,40.132032,38.372951,41.891113,756.799963,686.442475,827.15745,4.885242,4.393182,5.377303,209836.649733,189084.380779,230588.918687,28.22157,27.538869,28.904271,82.559028,81.841239,83.276817,11.553878,11.222781,11.884975,20.091918,19.675224,20.508613,0.999167,0.995581,1.002752
tasm_raw,400,0.444583,0.435876,0.45329,36.420267,35.706999,37.133535,3075.266536,2861.694472,3288.8386,7721.286285,6992.939004,8449.633567,0.555417,0.54671,0.564124,0.766946,0.676521,0.85737,0.502141,0.495186,0.509096,0.501726,0.495373,0.508078,0.999383,0.99914,0.999627,490.40159,484.736909,496.066271,51.76195,51.601756,51.922143,291.55215,285.066691,298.037609,22.280201,21.766591,22.79381,45962.718886,44906.500358,47018.937414,19.459645,17.928725,20.990566,62.246528,60.145368,64.347687,7.851789,7.37187,8.331708,12.35232,11.559619,13.14502,1.0,1.0,1.0
traw,400,0.442604,0.435757,0.449451,36.258133,35.697242,36.819024,2822.9116,2763.749795,2882.073406,6889.357027,6772.094662,7006.619392,0.557396,0.550549,0.564243,0.713269,0.675221,0.751316,0.516114,0.510872,0.521355,0.515073,0.509683,0.520463,0.99847,0.997111,0.999828,505.070173,500.856729,509.283618,51.416198,51.308567,51.523829,305.234997,300.928307,309.541686,21.536756,21.108308,21.965204,47548.662055,46599.239932,48498.084178,20.859845,18.987674,22.732016,60.28125,60.187944,60.374556,8.563029,8.283339,8.842718,13.373134,12.925505,13.820763,1.0,1.0,1.0
no_raw,600,0.085417,0.083753,0.08708,10.496,10.291558,10.700442,2944.927091,2915.241293,2974.612889,5043.571906,5009.106047,5078.037764,0.914583,0.91292,0.916247,0.806494,0.791634,0.821355,0.817382,0.81503,0.819734,0.764382,0.76232,0.766443,1.0,1.0,1.0,2498.236226,2498.229812,2498.242639,0.0,0.0,0.0,2363.565272,2363.564863,2363.565681,0.840273,0.823907,0.856639,1218701.557819,1195060.0665,1242343.049139,33.192079,32.799806,33.584351,91.953704,91.821937,92.085471,47.737458,46.248967,49.22595,119.80428,119.341972,120.266588,0.817778,0.807358,0.828198
static,600,0.262338,0.260251,0.264425,32.236089,31.97964,32.492538,3694.94048,3489.578763,3900.302197,9064.984461,8489.049485,9640.919438,0.737662,0.735575,0.739749,0.718404,0.688344,0.748465,0.498065,0.495859,0.500271,0.497661,0.495302,0.50002,1.0,1.0,1.0,510.548836,505.196617,515.901056,50.87645,50.739668,51.013232,328.843588,323.374795,334.31238,12.628162,12.463288,12.793035,81090.09366,80033.211736,82146.975584,29.985534,29.8988,30.072268,79.546296,78.770452,80.322141,12.097158,11.613061,12.581255,18.98336,18.464339,19.502382,0.998889,0.996498,1.001279
adaptive,600,0.248403,0.246585,0.25022,30.523733,30.300381,30.747086,4095.381437,3955.150942,4235.611931,10056.765746,9960.696362,10152.83513,0.751597,0.74978,0.753415,0.66427,0.645538,0.683001,0.528245,0.52735,0.52914,0.527298,0.525426,0.52917,1.0,1.0,1.0,528.486635,521.995935,534.977335,50.42058,50.254682,50.586479,347.067147,340.434031,353.700263,11.551469,11.465768,11.63717,88647.261486,87988.927575,89305.595397,27.799375,27.298862,28.299889,82.125,81.451274,82.798726,12.646845,12.326666,12.967023,19.979509,19.350801,20.608218,1.0,1.0,1.0
laca,600,0.222361,0.213809,0.230913,27.323733,26.272904,28.374562,4974.480898,4850.944156,5098.017639,13134.54787,12691.865792,13577.229948,0.777639,0.769087,0.786191,0.654995,0.636773,0.673217,0.507305,0.494047,0.520563,0.506951,0.494443,0.519459,0.981582,0.977292,0.985872,501.72298,497.725943,505.720016,51.02098,50.917736,51.124224,323.480321,319.344578,327.616065,10.892266,10.412365,11.372167,94031.268096,89910.94669,98151.589502,29.620557,29.10187,30.139244,85.895833,85.139086,86.65258,11.188122,11.033245,11.342998,15.907826,15.722825,16.092828,0.999444,0.997054,1.001835
chang2019,600,0.11787,0.115978,0.119763,14.483911,14.251358,14.716464,2978.287952,2880.563505,3076.012398,6287.151601,5758.911828,6815.391374,0.88213,0.880237,0.884022,0.651121,0.59683,0.705411,0.733584,0.732081,0.735087,0.709792,0.705773,0.71381,1.0,1.0,1.0,976.151213,954.075565,998.226861,38.973281,38.406651,39.539911,804.87038,782.20198,827.53878,2.967651,2.912123,3.02318,345067.069777,338605.088307,351529.051248,33.192157,32.21167,34.172643,89.650463,89.32986,89.971066,18.44491,18.251166,18.638654,32.016668,31.848461,32.184876,0.999444,0.997054,1.001835
tasm_raw,600,0.244676,0.219621,0.269731,30.065778,26.987051,33.144505,4116.583866,3655.93358,4577.234152,10647.876616,9170.224274,12125.528958,0.755324,0.730269,0.780379,0.595729,0.491058,0.7004,0.538088,0.513141,0.563036,0.537376,0.51304,0.561712,0.999509,0.997621,1.001397,532.743128,511.774421,553.711834,50.318586,49.767872,50.8693,351.11396,329.012116,373.215804,11.29339,9.721892,12.864888,90856.939699,78585.759151,103128.120247,29.725398,26.250735,33.200061,81.155093,78.955886,83.354299,12.369412,12.100472,12.638353,19.538434,18.792335,20.284532,0.999444,0.997054,1.001835
traw,600,0.277731,0.274624,0.280839,34.127644,33.745854,34.509435,3778.315103,3421.129912,4135.500293,9677.831502,8920.101747,10435.561258,0.722269,0.719161,0.725376,0.560405,0.531461,0.589349,0.514419,0.512603,0.516236,0.513134,0.511399,0.51487,0.997067,0.996056,0.998077,545.671549,536.16481,555.178288,50.020791,49.772857,50.268726,362.847335,352.909791,372.78488,12.508901,12.251088,12.766714,81865.462478,80178.094913,83552.830042,28.616992,27.404729,29.829255,77.722222,76.793315,78.651129,13.157495,12.657577,13.657412,21.327711,20.644615,22.010806,0.999444,0.997054,1.001835
no_raw,800,0.063299,0.062363,0.064235,10.370844,10.217482,10.524207,2849.52997,2777.837423,2921.222517,5015.971183,4902.875285,5129.067082,0.936701,0.935765,0.937637,0.799304,0.782962,0.815647,0.77681,0.774364,0.779257,0.726499,0.725338,0.727661,1.0,1.0,1.0,2490.673366,2490.667234,2490.679497,0.0,0.0,0.0,2364.520172,2364.519548,2364.520795,0.624581,0.615344,0.633817,1639538.607102,1615210.302591,1663866.911613,40.226466,39.805067,40.647865,93.991319,93.819012,94.163627,49.378107,48.819117,49.937096,119.743157,119.280407,120.205907,0.6025,0.588964,0.616036
static,800,0.189427,0.187775,0.191079,31.035733,30.765074,31.306393,3727.457755,3548.289442,3906.626069,8983.644014,8900.299843,9066.988185,0.810573,0.808921,0.812225,0.713301,0.697198,0.729405,0.466193,0.463615,0.46877,0.465724,0.463448,0.468,1.0,1.0,1.0,546.878105,542.44869,551.30752,49.773991,49.660963,49.88702,373.802165,369.283686,378.320643,8.512624,8.458552,8.566695,120292.462495,119529.145808,121055.779182,37.150575,36.821458,37.479693,85.284722,84.896472,85.672972,16.015279,15.772113,16.258445,24.978621,24.440528,25.516715,1.0,1.0,1.0
adaptive,800,0.169948,0.168136,0.171759,27.844267,27.547471,28.141062,5011.073113,4979.899351,5042.246874,13529.280826,12539.406309,14519.155343,0.830052,0.828241,0.831864,0.615814,0.597982,0.633646,0.529826,0.526997,0.532656,0.528793,0.525666,0.531919,1.0,1.0,1.0,598.647081,590.542791,606.751371,48.453571,48.245857,48.661285,426.599627,418.29098,434.908274,6.97703,6.814303,7.139757,146775.983565,143335.946566,150216.020564,31.449307,31.378574,31.52004,89.102431,88.758545,89.446316,17.583725,17.312567,17.854884,28.247013,27.892273,28.601752,0.999583,0.99779,1.001376
laca,800,0.149705,0.146599,0.152811,24.527644,24.018705,25.036584,5911.751184,5691.651771,6131.850597,16410.37965,14501.203436,18319.555864,0.850295,0.847189,0.853401,0.614543,0.609681,0.619404,0.512438,0.504874,0.520002,0.512166,0.505003,0.51933,0.979575,0.977548,0.981602,551.950619,547.989487,555.911752,49.589342,49.486403,49.69228,381.476961,377.354324,385.599597,6.665649,6.574117,6.75718,153626.573721,151523.681895,155729.465547,33.819689,33.590042,34.049337,91.439236,91.323263,91.555209,15.219143,15.153025,15.285261,21.839185,21.560709,22.117661,0.999583,0.99779,1.001376
chang2019,800,0.083056,0.081881,0.08423,13.607822,13.415461,13.800183,3564.565846,3490.86608,3638.265611,7657.931472,7049.907168,8265.955777,0.916944,0.91577,0.918119,0.714841,0.693295,0.736388,0.708899,0.706597,0.711201,0.685972,0.684409,0.687536,1.0,1.0,1.0,1062.334841,1055.727989,1068.941693,36.587707,36.417968,36.757445,901.162436,894.37134,907.953532,1.921414,1.890206,1.952621,532956.110473,524322.840035,541589.380911,35.243446,34.970996,35.515896,93.324653,93.253389,93.395917,25.136138,24.796284,25.475993,43.728116,43.169266,44.286966,0.999167,0.997374,1.00096
tasm_raw,800,0.177049,0.174137,0.17996,29.007644,28.530612,29.484677,5396.98379,4920.923862,5873.043718,16280.314457,12867.936338,19692.692575,0.822951,0.82004,0.825863,0.537621,0.478948,0.596295,0.517207,0.507614,0.526799,0.516744,0.507191,0.526297,0.999562,0.99929,0.999834,588.692573,575.379245,602.005902,48.708924,48.36933,49.048517,416.381847,402.805173,429.958522,7.391901,7.105755,7.678046,138552.619626,133143.625162,143961.61409,33.069005,31.36456,34.77345,88.104167,87.272423,88.935911,16.818602,16.009678,17.627526,27.393004,26.199386,28.586621,1.0,1.0,1.0
traw,800,0.204531,0.195006,0.214056,33.5104,31.949809,35.070991,5052.448414,4226.375651,5878.521176,14867.604161,10731.436282,19003.77204,0.795469,0.785944,0.804994,0.461529,0.432751,0.490308,0.485741,0.457704,0.513779,0.484636,0.457072,0.5122,0.998848,0.997552,1.000144,602.632434,582.501673,622.763196,48.373424,47.85036,48.896488,429.682143,408.724727,450.639559,8.342218,7.830514,8.853921,122798.950882,115279.631151,130318.270612,34.505084,33.429916,35.580253,84.239583,83.023912,85.455254,17.531918,16.471648,18.592189,28.185241,25.167374,31.203108,0.999583,0.99779,1.001376
no_raw,1000,0.049181,0.048377,0.049985,10.072178,9.90751,10.236845,2883.048627,2790.202089,2975.895165,5021.286475,5014.920348,5027.652601,0.950819,0.950015,0.951623,0.799255,0.767919,0.830591,0.739041,0.737985,0.740097,0.692511,0.691176,0.693846,1.0,1.0,1.0,2486.13151,2486.124022,2486.138997,0.0,0.0,0.0,2365.09324,2365.092646,2365.093835,0.486161,0.478212,0.494111,2106356.770746,2072006.434392,2140707.107101,44.184912,43.81073,44.559095,95.351389,95.304712,95.398066,51.214421,49.442742,52.9861,119.687152,119.194645,120.179659,0.485333,0.477744,0.492923
static,1000,0.147528,0.141672,0.153384,30.213689,29.014391,31.412987,3694.772887,3505.291708,3884.254067,8967.240564,8821.235734,9113.245393,0.852472,0.846616,0.858328,0.712497,0.703382,0.721612,0.433796,0.424913,0.442679,0.433532,0.424689,0.442376,1.0,1.0,1.0,602.940658,593.839901,612.041414,48.233721,48.000655,48.466787,435.929142,426.606589,445.251696,6.013742,5.69512,6.332364,170328.721436,161233.27428,179424.168592,41.48422,41.474414,41.494027,88.625,88.329123,88.920877,20.049853,19.563621,20.536084,31.168596,30.262458,32.074733,1.0,1.0,1.0
adaptive,1000,0.126153,0.124061,0.128245,25.836089,25.407701,26.264476,5945.311161,5907.234193,5983.388128,16700.673188,16057.617603,17343.728773,0.873847,0.871755,0.875939,0.621542,0.588592,0.654491,0.524196,0.519178,0.529214,0.523472,0.518286,0.528657,1.0,1.0,1.0,680.69606,675.828498,685.563621,46.248311,46.1236,46.373023,515.322424,510.334708,520.31014,4.554699,4.460104,4.649294,224833.289234,220141.598841,229524.979627,33.391919,32.685333,34.098504,92.829167,92.604992,93.053341,22.695024,22.282479,23.107569,36.883831,35.974033,37.793629,0.999667,0.998232,1.001101
laca,1000,0.110889,0.108658,0.113119,22.710044,22.253225,23.166864,7274.247754,7235.976121,7312.519387,21491.662748,20497.543577,22485.781918,0.889111,0.886881,0.891342,0.612105,0.607516,0.616693,0.508142,0.505759,0.510526,0.507887,0.505112,0.510661,0.978952,0.97243,0.985474,615.623524,611.648596,619.598452,47.869908,47.76818,47.971637,450.693373,446.625054,454.761693,4.426717,4.354473,4.49896,231329.355918,227540.115125,235118.596711,36.288786,35.964281,36.613292,94.530556,94.278199,94.782912,19.437317,19.225465,19.649169,27.957217,27.876251,28.038184,1.0,1.0,1.0
chang2019,1000,0.065292,0.064662,0.065921,13.371733,13.242781,13.500686,3989.626441,3762.801461,4216.45142,8661.860261,8219.997777,9103.722744,0.934708,0.934079,0.935338,0.754291,0.721843,0.786739,0.67367,0.670818,0.676523,0.656826,0.655405,0.658247,1.0,1.0,1.0,1163.549959,1149.099947,1177.999971,33.885483,33.515431,34.255535,1009.777632,994.978337,1024.576927,1.379084,1.358391,1.399776,742540.08195,731364.205182,753715.958718,35.972826,35.603742,36.341909,95.144444,94.968065,95.320824,32.258266,31.301067,33.215464,56.161218,54.268214,58.054222,1.0,1.0,1.0
tasm_raw,1000,0.145681,0.139083,0.152278,29.835378,28.484185,31.18657,7064.71077,6912.590416,7216.831125,24806.90521,19065.559548,30548.250871,0.854319,0.847722,0.860917,0.518336,0.495049,0.541622,0.477086,0.461432,0.49274,0.476512,0.460309,0.492715,0.992236,0.985313,0.99916,663.421875,660.035682,666.808068,46.688062,46.601272,46.774851,497.738393,494.268289,501.208498,5.396551,5.171847,5.621254,189786.382099,181883.421403,197689.342794,35.850417,34.295713,37.405122,90.793056,90.025072,91.561039,21.645138,21.541502,21.748773,34.627188,32.758059,36.496316,0.999667,0.998232,1.001101
traw,1000,0.15775,0.1465,0.169,32.3072,30.003252,34.611148,6002.37048,5595.466799,6409.274161,20620.342038,17994.71508,23245.968997,0.84225,0.831,0.8535,0.429579,0.392124,0.467034,0.473979,0.446622,0.501336,0.472827,0.446215,0.499438,0.998484,0.997879,0.999089,667.120585,652.208766,682.032404,46.615227,46.233123,46.997331,500.539397,485.251772,515.827021,5.812356,5.298954,6.325759,176324.817262,160765.304612,191884.329912,37.322432,34.975384,39.66948,88.577778,86.783059,90.372496,21.68245,20.704598,22.660302,35.826823,32.898919,38.754726,0.999667,0.998232,1.001101
