policy,num_stas,n_seeds,critical_pdr_mean,critical_pdr_ci_lo,critical_pdr_ci_hi,high_pdr_mean,high_pdr_ci_lo,high_pdr_ci_hi,normal_pdr_mean,normal_pdr_ci_lo,normal_pdr_ci_hi,overall_pdr_mean,overall_pdr_ci_lo,overall_pdr_ci_hi,critical_throughput_share_mean,critical_throughput_share_ci_lo,critical_throughput_share_ci_hi,high_throughput_share_mean,high_throughput_share_ci_lo,high_throughput_share_ci_hi,normal_throughput_share_mean,normal_throughput_share_ci_lo,normal_throughput_share_ci_hi
no_raw,100,3,0.646465,0.610838,0.682092,0.61,0.537807,0.682193,0.641059,0.585444,0.696674,0.633889,0.592427,0.675351,0.112278,0.098699,0.125856,0.240552,0.219881,0.261223,0.64717,0.623229,0.671112
static,100,3,0.402778,0.238343,0.567213,0.548889,0.397754,0.700024,0.47895,0.423642,0.534258,0.488056,0.456961,0.51915,0.090642,0.057303,0.123982,0.280835,0.218216,0.343454,0.628523,0.533072,0.723974
adaptive,100,3,0.983586,0.978153,0.989019,0.983333,0.983333,0.983333,0.982856,0.981922,0.98379,0.983056,0.98186,0.984251,0.110059,0.109585,0.110534,0.250071,0.249767,0.250375,0.63987,0.6397,0.64004
cluster_csv,100,3,0.986111,0.980678,0.991544,0.984444,0.979663,0.989226,0.984375,0.978772,0.989978,0.984583,0.979205,0.989962,0.110171,0.110166,0.110176,0.249965,0.249813,0.250116,0.639864,0.639718,0.640011
cluster_adaptive,100,3,0.987374,0.972999,1.001748,0.985,0.980859,0.989141,0.985677,0.979207,0.992147,0.985694,0.978959,0.992429,0.110187,0.10932,0.111054,0.249824,0.249165,0.250484,0.639989,0.639732,0.640246
laca,100,3,0.987374,0.981941,0.992807,0.984444,0.97812,0.990769,0.985894,0.979771,0.992018,0.985694,0.979629,0.99176,0.110187,0.110056,0.110318,0.249683,0.24942,0.249945,0.64013,0.639971,0.640288
chang2019,100,3,0.986111,0.980678,0.991544,0.984444,0.979663,0.989226,0.984375,0.980096,0.988654,0.984583,0.980071,0.989095,0.110171,0.11005,0.110291,0.249965,0.249813,0.250117,0.639865,0.639602,0.640127
etaroa,100,3,0.987374,0.981941,0.992807,0.985556,0.980774,0.990337,0.986111,0.979574,0.992648,0.986111,0.980135,0.992088,0.110141,0.110079,0.110202,0.249859,0.249557,0.250162,0.64,0.639636,0.640364
no_raw,200,3,0.400463,0.315359,0.485567,0.352588,0.338408,0.366769,0.302436,0.284616,0.320255,0.322292,0.307175,0.337408,0.111752,0.092111,0.131394,0.240787,0.219886,0.261687,0.647461,0.634175,0.660747
static,200,3,0.351852,0.323098,0.380606,0.407197,0.385635,0.428759,0.467492,0.453962,0.481022,0.443819,0.435729,0.45191,0.071348,0.065868,0.076829,0.201849,0.191268,0.21243,0.726802,0.710919,0.742685
adaptive,200,3,0.936728,0.920127,0.953329,0.934975,0.917956,0.951994,0.92502,0.922729,0.927312,0.928264,0.922024,0.934503,0.09082,0.089654,0.091986,0.221589,0.218895,0.224283,0.687591,0.684562,0.69062
cluster_csv,200,3,0.91358,0.867454,0.959706,0.882576,0.869477,0.895674,0.879428,0.855704,0.903153,0.883194,0.86382,0.902569,0.093091,0.090286,0.095895,0.21986,0.213251,0.226469,0.68705,0.683245,0.690855
cluster_adaptive,200,3,0.935957,0.907012,0.964902,0.926136,0.915355,0.936917,0.922101,0.913749,0.930454,0.924236,0.919263,0.929209,0.091142,0.088067,0.094218,0.220453,0.217828,0.223077,0.688405,0.685872,0.690938
laca,200,3,0.89892,0.874977,0.922862,0.909091,0.902867,0.915315,0.89382,0.890045,0.897596,0.897639,0.894696,0.900582,0.090128,0.087982,0.092274,0.222807,0.221159,0.224455,0.687065,0.684129,0.690002
chang2019,200,3,0.41821,0.349601,0.486819,0.403409,0.336329,0.470489,0.375101,0.326319,0.423882,0.385208,0.371253,0.399164,0.097784,0.078228,0.11734,0.230554,0.18475,0.276357,0.671662,0.606567,0.736758
etaroa,200,3,0.944444,0.92371,0.965179,0.936869,0.923912,0.949826,0.924517,0.911246,0.937788,0.929028,0.915292,0.942764,0.091493,0.090678,0.092307,0.221857,0.221456,0.222258,0.68665,0.685677,0.687623
no_raw,400,3,0.067751,0.060037,0.075464,0.068646,0.065011,0.072281,0.054994,0.050241,0.059747,0.059271,0.055877,0.062665,0.117124,0.11052,0.123728,0.252054,0.226384,0.277724,0.630822,0.611511,0.650134
static,400,3,0.285569,0.219781,0.351358,0.323276,0.291085,0.355467,0.328993,0.314849,0.343137,0.323299,0.313498,0.333099,0.090598,0.067729,0.113467,0.217453,0.20028,0.234627,0.691949,0.683201,0.700696
adaptive,400,3,0.382114,0.33143,0.432798,0.391284,0.310437,0.47213,0.375868,0.373772,0.377964,0.379861,0.368339,0.391383,0.103163,0.086382,0.119944,0.223911,0.184462,0.263361,0.672926,0.650217,0.695635
cluster_csv,400,3,0.40481,0.373445,0.436175,0.386015,0.3325,0.439531,0.383425,0.361375,0.405475,0.386181,0.385201,0.38716,0.107446,0.098946,0.115946,0.217415,0.186709,0.248122,0.675138,0.637971,0.712306
cluster_adaptive,400,3,0.39939,0.376251,0.42253,0.389687,0.340481,0.438893,0.387102,0.376883,0.39732,0.388924,0.375207,0.40264,0.10525,0.102675,0.107824,0.217869,0.196351,0.239388,0.676881,0.652893,0.700869
laca,400,3,0.369919,0.321552,0.418286,0.360313,0.344513,0.376113,0.340942,0.330489,0.351394,0.348125,0.345243,0.351007,0.108921,0.094426,0.123416,0.225109,0.216591,0.233628,0.66597,0.645945,0.685994
chang2019,400,3,0.171409,0.136033,0.206786,0.170817,0.165322,0.176313,0.168556,0.163116,0.173996,0.16934,0.165246,0.173435,0.103727,0.083494,0.123961,0.219425,0.207834,0.231016,0.676848,0.66369,0.690005
etaroa,400,3,0.392954,0.372704,0.413204,0.391603,0.35176,0.431445,0.377808,0.361438,0.394179,0.382361,0.37425,0.390472,0.105337,0.100966,0.109708,0.22278,0.198568,0.246992,0.671883,0.651985,0.691781
no_raw,600,3,0.038554,0.034432,0.042675,0.035062,0.03324,0.036884,0.031537,0.028591,0.034484,0.033056,0.030479,0.035632,0.112754,0.103278,0.122229,0.252874,0.241537,0.264211,0.634373,0.624526,0.64422
static,600,3,0.201628,0.139744,0.263513,0.201923,0.18924,0.214606,0.216827,0.207749,0.225905,0.211806,0.207451,0.21616,0.091972,0.065207,0.118737,0.227203,0.215453,0.238952,0.680825,0.643647,0.718004
adaptive,600,3,0.219109,0.173853,0.264365,0.208139,0.187143,0.229136,0.207742,0.202656,0.212828,0.208935,0.203744,0.214126,0.101392,0.079826,0.122958,0.237406,0.216165,0.258647,0.661202,0.660706,0.661698
cluster_csv,600,3,0.208812,0.170645,0.246979,0.2027,0.178449,0.226951,0.216305,0.205664,0.226946,0.212338,0.210698,0.213978,0.09505,0.078271,0.111828,0.227528,0.199468,0.255588,0.677422,0.644626,0.710219
cluster_adaptive,600,3,0.211925,0.191343,0.232508,0.202506,0.181476,0.223536,0.21982,0.208847,0.230794,0.214931,0.21397,0.215891,0.095317,0.08586,0.104774,0.224567,0.200268,0.248867,0.680116,0.648923,0.711309
laca,600,3,0.195402,0.150358,0.240447,0.192696,0.189053,0.19634,0.194793,0.192194,0.197391,0.194352,0.191856,0.196848,0.097163,0.075826,0.1185,0.236308,0.230794,0.241821,0.66653,0.649948,0.683112
chang2019,600,3,0.090517,0.076578,0.104456,0.097708,0.085806,0.10961,0.101469,0.090382,0.112556,0.099514,0.089826,0.109201,0.088055,0.07019,0.105921,0.233949,0.228286,0.239612,0.677996,0.662726,0.693265
etaroa,600,3,0.222941,0.211057,0.234824,0.20542,0.185346,0.225493,0.206175,0.196502,0.215849,0.207616,0.2043,0.210931,0.103798,0.09935,0.108246,0.235826,0.211776,0.259877,0.660376,0.633368,0.687384
no_raw,800,3,0.026813,0.022663,0.030964,0.022863,0.021802,0.023925,0.020403,0.018551,0.022256,0.02158,0.020718,0.022441,0.111862,0.093027,0.130698,0.258342,0.236081,0.280602,0.629796,0.596034,0.663558
static,800,3,0.164159,0.12568,0.202638,0.123362,0.108802,0.137922,0.142198,0.13676,0.147636,0.139583,0.137376,0.141791,0.105828,0.081697,0.129959,0.215387,0.193325,0.237449,0.678785,0.643597,0.713973
adaptive,800,3,0.131559,0.116321,0.146796,0.129915,0.122095,0.137734,0.135788,0.133069,0.138507,0.133976,0.13184,0.136111,0.088372,0.078621,0.098123,0.236369,0.221495,0.251243,0.675259,0.670119,0.6804
cluster_csv,800,3,0.16223,0.120902,0.203558,0.128561,0.116783,0.14034,0.140739,0.136412,0.145066,0.139705,0.136811,0.142599,0.104459,0.0799,0.129018,0.224283,0.206839,0.241727,0.671258,0.636902,0.705613
cluster_adaptive,800,3,0.147377,0.138952,0.155801,0.131054,0.1182,0.143908,0.133912,0.131856,0.135967,0.134427,0.130615,0.138239,0.098663,0.095152,0.102174,0.237594,0.219751,0.255437,0.663743,0.64591,0.681576
laca,800,3,0.133295,0.116945,0.149645,0.125285,0.109814,0.140755,0.132557,0.123395,0.141718,0.130851,0.124858,0.136844,0.091673,0.081992,0.101355,0.233383,0.206844,0.259921,0.674944,0.638818,0.71107
chang2019,800,3,0.079282,0.063273,0.095292,0.071937,0.060598,0.083277,0.07007,0.052227,0.087912,0.071354,0.055589,0.087119,0.100096,0.089682,0.11051,0.246132,0.226516,0.265748,0.653772,0.624906,0.682638
etaroa,800,3,0.136767,0.111196,0.162337,0.123718,0.10563,0.141806,0.134146,0.12725,0.141043,0.13184,0.12711,0.13657,0.093435,0.073126,0.113744,0.228655,0.201595,0.255716,0.677909,0.651607,0.704211
no_raw,1000,3,0.02091,0.019172,0.022647,0.016268,0.015443,0.017093,0.015366,0.014405,0.016328,0.016097,0.015491,0.016704,0.118198,0.110353,0.126043,0.253715,0.236344,0.271085,0.628087,0.6053,0.650874
static,1000,3,0.123779,0.10374,0.143818,0.09357,0.074451,0.11269,0.109655,0.101976,0.117333,0.106903,0.101806,0.112,0.105304,0.093088,0.117519,0.219703,0.176203,0.263203,0.674993,0.632054,0.717933
adaptive,1000,3,0.099206,0.078689,0.119724,0.096171,0.08495,0.107392,0.096209,0.089171,0.103247,0.096472,0.093349,0.099595,0.093538,0.07645,0.110626,0.250345,0.213317,0.287374,0.656117,0.628348,0.683885
cluster_csv,1000,3,0.104396,0.091277,0.117514,0.091523,0.08199,0.101056,0.102267,0.093378,0.111156,0.099764,0.096082,0.103446,0.095279,0.080347,0.11021,0.230312,0.203881,0.256742,0.674409,0.635246,0.713573
cluster_adaptive,1000,3,0.102106,0.08606,0.118153,0.086377,0.08348,0.089273,0.098826,0.09401,0.103643,0.096,0.090884,0.101116,0.096736,0.086265,0.107207,0.225874,0.218277,0.23347,0.67739,0.674272,0.680508
laca,1000,3,0.096459,0.077965,0.114953,0.091523,0.079682,0.103363,0.099164,0.095379,0.10295,0.097,0.094575,0.099425,0.090504,0.072832,0.108176,0.23683,0.206732,0.266928,0.672666,0.658674,0.686658
chang2019,1000,3,0.059829,0.047666,0.071992,0.056496,0.050718,0.062275,0.05754,0.05085,0.064229,0.057486,0.050822,0.06415,0.094608,0.086515,0.102701,0.246768,0.230972,0.262565,0.658624,0.645321,0.671927
etaroa,1000,3,0.100275,0.085487,0.115062,0.095452,0.079862,0.111041,0.096737,0.093343,0.10013,0.096736,0.093475,0.099997,0.09429,0.083556,0.105024,0.24756,0.214981,0.280138,0.65815,0.615616,0.700685
