policy,num_stas,seed,pdr,tput_kbps,avg_delay_ms,p95_delay_ms,drop_rate,fairness,col_rate,retry_rate,raw_fit_pass,assoc_mean_ms,assoc_max_ms,assoc_scan_ms,assoc_auth_ms,assoc_req_ms,assoc_frac,e_total_mj,e_tx_mj,e_rx_mj,e_idle_mj,e_sleep_mj,e_retx_mj,retx_energy_pct,avg_tx_retries,ee_kbit_j,e_per_pkt_uj,elapsed_s
no_raw,100,42,0.9688498402555911,20.701866666666664,139.87526441620707,275.81770640827426,0.031150159744408934,0.9656236259228876,0.18925964546402502,0.18925964546402502,1.0,5602.673126798168,9190.394201167815,2759.310505809012,1261.7537333335956,1581.6088876555602,1.0,2517.988535999987,53.45784000000003,104.02781599998083,2360.502880000006,0.0,7.519727999999999,0.2986402794329497,6.19,9.865906712769931,103791.77807089804,1.68
no_raw,100,7,0.9601949634443542,20.1728,126.99975971433692,57.57199948245679,0.03980503655564582,0.9557559173621563,0.1833864118895966,0.18312101910828024,1.0,5722.58293988732,8790.245453107787,2749.7429600001315,1461.86480000009,1504.2255932204305,1.0,2516.220827199987,51.472368,104.02361653331413,2360.7248426666724,0.0,6.621839999999996,0.26316609132310065,5.89,9.620522864417106,106439.12128595544,1.67
no_raw,100,99,0.9640792733278283,19.92533333333333,152.2323976352813,791.6222525436929,0.03592072667217172,0.9649784959558237,0.19649495485926713,0.19649495485926713,1.0,5819.247125560844,9368.122666666724,2733.579400000063,1494.9009766456306,1590.76674891515,1.0,2516.5789237333197,51.898272000000006,103.99337706664711,2360.687274666673,0.0,7.635647999999993,0.30341381023220937,6.28,9.501152447279166,107776.39930335415,1.64
static,100,42,0.4870967741935484,10.308266666666666,2886.5740043562123,7703.7439186916,0.5129032258064516,0.7815252784918595,0.4666279744631457,0.4663377829367382,1.0,3509.546133333515,5959.5373333339385,2757.3274666667,355.3263733334457,396.89229333336937,1.0,470.60232216663246,47.091792000000034,103.04057759998004,268.13511333331843,52.33483923333387,17.539295999999997,3.7269888340647896,11.82,26.285293160155756,38957.145874721224,3.17
static,100,7,0.4672642244738893,10.231466666666668,2909.122333320048,7997.913248952865,0.5327357755261106,0.7789764291519913,0.4688514909949808,0.4688514909949808,1.0,3383.705066667054,5748.384000001089,2747.746573333539,299.6024666667544,336.3560266667606,1.0,471.0407706266363,47.373312,102.9659295999799,268.37281226665584,52.32871676000043,17.96356799999999,3.813590907662334,11.75,26.065174748390923,39286.135998885424,3.27
static,100,99,0.5043894652833201,10.786133333333334,2852.243058162234,7886.437800556692,0.49561053471667993,0.787585526964409,0.4488888888888889,0.448,1.0,3363.948226666774,5748.830666666753,2737.501186666708,293.20817333342336,333.23886666664293,1.0,468.6687524532985,47.03726399999999,103.00316266664667,266.2458005333181,52.382525253333895,16.985135999999997,3.624123842498443,11.27,27.61728818541144,37078.22408649513,3.2
adaptive,100,42,0.9718252347897101,20.30933333333333,445.6420085053454,1874.5785755950546,0.028174765210289943,0.9634971934002381,0.15337763012181616,0.15337763012181616,1.0,4492.661026666806,7499.113333333584,2757.516533333418,806.4029600000418,928.7415333333447,1.0,361.312471566633,49.94947200000002,103.94923306664745,152.19570799998505,55.218058500000524,4.5575519999999985,1.2613879560366899,4.51,67.45186484797405,15181.196284312315,1.97
adaptive,100,7,0.9738924050632911,21.009066666666666,419.00788960474074,1262.8812363363836,0.02610759493670889,0.9593624766547434,0.14846924952587376,0.14846924952587376,1.0,4603.46241333381,7664.445333334412,2748.0229866667883,869.1261466668311,986.3132800001907,1.0,365.54947026663876,51.22531200000005,104.02310399998079,155.16127466665756,55.13977960000038,4.463328000000001,1.2209915108738536,4.46,68.96708120411365,14847.663292714817,1.98
adaptive,100,99,0.9627379505872823,20.283733333333334,478.04262767831926,2113.6999136759055,0.03726204941271771,0.9704957144574795,0.16082586253735398,0.16082586253735398,1.0,5129.45566666686,8256.500000000382,2738.5654533334514,1151.7412000000088,1239.1490133334003,1.0,376.3712683133004,50.093808000000024,104.02265759998072,167.41830213331912,54.83650058000053,4.65384,1.2365024622777616,4.77,64.67146153074151,15833.877505818275,2.04
cluster_csv,100,42,0.9740415335463258,20.8128,475.300379108082,1606.3026229000825,0.025958466453674167,0.9621869793772746,0.14900027389756232,0.14900027389756232,1.0,4421.484946666921,7089.968000000527,2758.182666666785,812.881880000065,850.420400000071,1.0,392.5671033799705,51.072479999999985,103.96616319998097,183.08591279998913,54.44254738000041,4.661327999999999,1.1873964883624604,4.49,63.62061360965859,16095.412192700716,2.17
cluster_csv,100,7,0.9715430861723446,20.6848,474.6715964811229,1687.4920406125204,0.02845691382765536,0.9572785923753666,0.15491047205642974,0.15491047205642974,1.0,4553.479866666983,7690.637333334058,2747.8023866667686,860.213333333436,945.4641466667786,1.0,394.1236512999719,51.01588800000001,103.99274879998067,184.71320666665753,54.40180783333374,4.7891999999999975,1.2151516368539081,4.73,62.97962560259516,16259.22653877772,2.27
cluster_csv,100,99,0.9689641273679968,20.514133333333334,492.8933946618647,1972.23760577861,0.031035872632003247,0.9623365637592833,0.1558406113537118,0.1558406113537118,1.0,4704.707026666924,7667.957333333367,2737.784226666821,937.8946533334554,1029.0281466666481,1.0,399.99650820663607,50.738304,103.97110666664751,191.042578399988,54.244519140000456,4.805807999999998,1.2014624881468576,4.71,61.54293723804962,16638.78985884509,2.21
cluster_adaptive,100,42,0.9747697236684021,20.770133333333334,448.3975360792652,1747.4345838157271,0.02523027633159791,0.9632785925660954,0.1493877551020408,0.14857142857142858,1.0,4483.59069333407,7676.834666668223,2758.62093333358,790.9242666668899,924.9708133335974,1.0,362.420972426645,50.84342400000002,103.9949477333141,152.37179626666386,55.21080442666689,4.392047999999999,1.2118636431529806,4.51,68.77129607902236,14889.933131743837,2.31
cluster_adaptive,100,7,0.9659182036888533,20.5568,479.59363920429786,2053.2643369522766,0.03408179631114672,0.964240425355155,0.1596958174904943,0.1596958174904943,1.0,4515.414333333704,7876.008000000385,2747.995133333566,816.1635600001756,951.2556399999626,1.0,367.46679530663494,50.85364799999999,103.99779146664743,157.5336490666538,55.08170677333382,4.729344000000001,1.2870126118615888,4.64,67.13031031665186,15253.914292512867,2.29
cluster_adaptive,100,99,0.9727969348659004,21.666133333333335,440.0386065625363,1682.0600704806561,0.027203065134099647,0.9651491922806282,0.14764565043894654,0.14737962223995743,1.0,4467.040053333703,7207.617333334178,2737.8158133334127,821.644400000106,907.579840000184,1.0,370.24823535997086,52.936992000000025,104.03578506664736,158.21692693332304,55.05853136000042,4.6199039999999965,1.2477855554148236,4.48,70.22142853624227,14582.443298935439,2.31
laca,100,42,0.97442143727162,20.48,498.6089631994462,1658.2362444862763,0.025578562728379994,0.9586578789694428,0.15070383659950318,0.15070383659950318,0.9988457098884186,4177.386960000402,7104.060000000972,2757.6093333334306,666.1226266668133,753.6550000001578,1.0,464.76751200663716,50.35195200000001,103.94336373331429,257.8977597333224,52.57443654000043,4.5162239999999985,0.9717168010520288,4.48,52.87805056315777,19365.31300027655,2.0
laca,100,7,0.9703252032520325,20.369066666666665,540.4469135837694,2319.296332817913,0.02967479674796747,0.9587845592070944,0.15782275711159738,0.15782275711159738,0.9980791394544756,4511.471826666827,7819.525333333578,2747.8533066667965,833.7751733334139,929.8433466666163,1.0,470.6381587799665,50.50353599999998,103.96953599998076,263.73727013331813,52.427816646667196,4.852848000000001,1.0311208110664083,4.75,51.93561028575156,19716.722194384853,2.05
laca,100,99,0.9760260056887444,20.497066666666665,540.9667072799139,1989.6692787469294,0.023973994311255575,0.966173889744792,0.14869371873262924,0.14869371873262924,0.9976949673453708,4378.833146666862,7421.90266666676,2737.8601466668165,794.3679866667117,846.605013333334,1.0,466.78908017330025,50.28244800000003,103.92416853331407,260.06177973331893,52.52068390666719,4.441679999999998,0.951538968810277,4.33,52.692920731711006,19433.350548430484,2.02
chang2019,100,42,0.9673176564368274,20.7104,497.37099246709715,1663.7183980836437,0.03268234356317257,0.963873770679583,0.16076221148684916,0.16049382716049382,0.9992467043314501,4835.9728933338665,7991.757333334457,2757.5313333335034,983.707546666797,1086.4543333335635,1.0,471.740979559975,51.474096,104.01156373331403,263.83292959999386,52.42239022666697,5.262335999999998,1.1155138578184447,5.04,52.68246999270999,19437.20558549547,2.16
chang2019,100,7,0.967443729903537,20.539733333333334,464.88775896551306,1430.6998276820377,0.032556270096463,0.958975254489779,0.15722070844686648,0.15722070844686648,0.998854961832061,4763.999293126829,8086.74266666673,2747.8276420172574,973.5130949472156,1042.6585561623558,1.0,465.9934925680715,50.786927999999996,103.97978666664736,258.67323012111837,52.553547780305536,4.986623999999999,1.0701059305611575,4.8,52.892755785424434,19359.929063899934,2.15
chang2019,100,99,0.963474025974026,20.258133333333333,483.68009675003185,1516.2827112908594,0.03652597402597402,0.9580586815353755,0.15987892129884426,0.15987892129884426,0.999613601236476,5081.310653333654,8246.836000000132,2737.3870400000906,1205.5424933335364,1138.3811200000273,1.0,453.7770772266356,50.202768,103.95105173331423,246.77028159998747,52.85297589333382,4.974911999999998,1.0963339158525442,4.76,53.57203177510589,19114.451441728543,2.13
etaroa,100,42,0.9690301548492257,20.292266666666666,448.53615389060315,1886.0909752383884,0.030969845150774278,0.9641088416817267,0.15253303964757708,0.15198237885462554,1.0,4635.318693333534,7625.174666666705,2758.106400000063,875.474360000083,992.5624533333895,1.0,361.23844684663413,49.63814400000002,103.98120853331399,152.40567813331967,55.21341618000052,4.306319999999999,1.192099024229354,4.53,67.40899318044694,15190.851423323553,2.11
etaroa,100,7,0.9687750200160128,20.65066666666667,431.9411035567912,1423.274475712937,0.03122497998398721,0.9621475980810935,0.15715444955369218,0.1566134703813903,1.0,4662.804586666899,7793.393333333881,2748.1915333334423,896.1746933333699,1014.7232133334196,1.0,365.7046829199689,50.78649600000001,104.02533599998074,155.76701386665442,55.12583705333381,4.6117919999999994,1.2610699877226477,4.65,67.76177926445379,15111.76375702351,2.03
etaroa,100,99,0.9706000805477245,20.56533333333333,432.4102932053329,1646.4875799208198,0.02939991945227549,0.9610967699232195,0.15030504714364948,0.15030504714364948,1.0,4631.21053333354,7460.433333333375,2737.6509733333937,918.7723200001316,974.7872400000148,1.0,368.1758864066349,50.539008000000024,103.92724373331397,158.65450639998687,55.05512827333384,4.6766879999999995,1.2702320202564255,4.41,67.02883298756764,15277.00773471514,2.04
no_raw,200,42,0.2962889066241022,12.672,1374.3257150335778,4669.394623848205,0.7037110933758979,0.9315064153334389,0.8429290106204583,0.7884692166413798,1.0,12312.38981171112,90298.63254538173,4681.892309648787,2812.4697847654293,4803.059227654722,0.885,2555.724459999986,97.04692800000008,102.53696399997943,2356.140568000006,0.0,73.95647999999996,2.8937579601206456,43.08,2.97496859266278,344205.31447811256,56.99
no_raw,200,7,0.2766507557677009,11.869866666666667,1463.0401311566068,4767.046783522553,0.7233492442322991,0.9277237198303432,0.8480345158197508,0.795701502077341,1.0,11659.611615057274,90053.32133333164,4102.564018512396,2394.6283603517377,5162.41923619314,0.77,2555.8305317333175,97.20261600000002,102.48925706664618,2356.138658666673,0.0,74.84887199999997,2.9285537937931605,43.645,2.786538431079014,367481.025410973,50.79
no_raw,200,99,0.28668126617559225,12.288,1354.8890698786468,4628.967966608186,0.7133187338244078,0.9158703153074367,0.8455401308441041,0.791287697462901,1.0,13904.354742032587,117405.93866664675,4823.17764663111,3188.3002404001377,5885.332104545964,0.915,2555.692893599984,97.0125120000001,102.53552559997951,2356.1448560000044,0.0,74.20536000000006,2.9035319613646284,43.23,2.884853660806863,354957.34633333114,58.07
static,200,42,0.47868918375552877,20.317866666666664,2475.3194551716188,7034.0150277540515,0.5213108162444713,0.7532967923675888,0.4404040404040404,0.43962703962703964,1.0,6602.610173333589,11993.625333333375,5252.965946666886,651.7637466667443,697.8804799999577,1.0,499.80220730996837,43.78924799999998,102.99195306664667,301.51099826665455,51.51000797666713,15.275543999999998,3.056317834652215,10.355,24.391088758116535,41982.54576312208,7.43
static,200,7,0.46026687910774744,19.720533333333332,2664.888024166785,7752.259444885467,0.5397331208922526,0.7433567630765805,0.4540282902829028,0.4535670356703567,1.0,6663.649380001108,12329.096000000125,5248.180386667837,669.8706800000438,745.5983133332256,1.0,500.59377991331496,44.000880000000016,102.9927714666467,302.1055794666681,51.49454898000009,16.029407999999997,3.202078939689526,10.86,23.63657015884004,43322.69839145954,7.04
static,200,99,0.45606361829025843,19.575466666666667,2691.248355157267,7390.808516437122,0.5439363817097416,0.7668059684093956,0.45615384615384613,0.456,1.0,6525.528313333534,11999.800000000541,5247.692606666742,616.4161466667616,661.4195600000309,1.0,498.6995021099678,44.05795200000002,102.97830479998004,300.11907559998724,51.5441697100005,15.915479999999986,3.1913968096343672,10.795,23.55181817969824,43478.5965222291,7.03
adaptive,200,42,0.9118169264154665,39.441066666666664,640.932605823225,2667.4214591881505,0.08818307358453348,0.9616682872371075,0.22846828261990718,0.2283393501805054,1.0,9759.57536000018,16072.584000000028,5250.762706666881,2142.6977866666552,2366.1148666666436,1.0,513.7855338333,54.49574400000003,103.9162655999808,303.9619853333186,51.41153890000052,9.886536,1.924253477173168,7.505,46.05937388591033,22232.17368382951,4.85
adaptive,200,7,0.9016072128577028,39.25333333333334,723.631280569268,3316.7156739766574,0.09839278714229716,0.9575007240081089,0.24169107347510504,0.24130905386476506,1.0,9835.71088666705,16756.165333333647,5248.047500000306,2119.9371533335043,2457.101779999904,1.0,520.55828534997,55.453968,103.90193119998101,309.94291666665555,51.25946948333376,10.534487999999996,2.0236903909650943,7.835,45.24373285916687,22632.968928259565,5.02
adaptive,200,99,0.9133196721311475,38.03306666666666,608.0347808320818,2622.7436458185557,0.08668032786885249,0.9606848407470814,0.22473705232325922,0.22460391425908668,1.0,9754.400700000208,16752.377333333487,5247.970466666796,2138.7728200000743,2361.0911333333374,1.0,504.2678410933007,52.30255200000002,103.86237519998075,296.49825493331923,51.60465896000053,9.115128,1.8075965304940989,7.055,45.25341126359439,22628.12838650665,4.82
cluster_csv,200,42,0.8962025316455696,39.2704,849.398990189641,3431.791989954774,0.10379746835443038,0.960750694079007,0.24779874213836478,0.24742138364779875,1.0,9864.390346666776,15832.194666666688,5252.889833333439,2238.0485333333695,2363.019779999971,1.0,541.5422160066322,56.05939200000008,103.91019786664748,330.83726373331746,50.735362406667264,11.005896000000002,2.0323246599606213,8.185,43.50951653178492,23535.08109546424,5.55
cluster_csv,200,7,0.8948109412711183,37.964800000000004,819.1796884891265,3429.380892901207,0.10518905872888173,0.9557232045426014,0.2468419695797886,0.24671307037896364,1.0,10400.910200000371,16921.306666667035,5248.068826666768,2487.4654333334693,2659.1043933334668,1.0,548.4121993233017,54.113063999999994,103.87883413331416,339.90599773332065,50.51430345666716,10.576583999999984,1.9285829186605752,7.985,41.53605632425277,24653.27935820642,5.52
cluster_csv,200,99,0.9067580803134182,39.500800000000005,863.4949652996222,3728.653189103752,0.0932419196865818,0.959753159964526,0.24662715924851847,0.24662715924851847,1.0,9137.656686666825,15488.137333333352,5250.1997066667855,1844.51340000008,2042.943579999958,1.0,533.815521139966,56.36570400000003,103.89704559998104,322.61253573331817,50.94023580666722,10.844975999999997,2.031596229506495,7.99,44.39825943874298,23063.96721278747,5.51
cluster_adaptive,200,42,0.9035714285714286,38.860800000000005,664.1863136345396,3016.3794281510777,0.09642857142857142,0.9553934178521413,0.22821414615084018,0.22795362771916114,1.0,9918.516706667073,16901.900000000365,5253.358100000834,2182.2760533331125,2472.9790799997904,1.0,517.9225110033069,53.66349600000003,103.9029314666476,309.06982119999213,51.28626233666699,9.336936000000003,1.8027669780007667,7.205,45.0192442008977,22745.828326890947,5.21
cluster_adaptive,200,7,0.902415079520911,39.219199999999994,646.591751483978,2780.9689857111707,0.09758492047908895,0.9619826942344476,0.23285384022604674,0.23272540457230928,1.0,9734.248220000452,17156.229333333387,5248.089580000445,2002.968940000149,2478.8240199998572,1.0,514.3352078399735,54.34531200000005,103.93985039998095,304.6556197333254,51.39442570666705,9.758184000000007,1.8972420808952473,7.485,45.75133034120703,22381.86283028605,5.45
cluster_adaptive,200,99,0.9114126097366321,38.98026666666667,617.0942263719604,2644.333511396612,0.08858739026336793,0.9589970035112231,0.22277163305139883,0.22264150943396227,1.0,9534.277266667319,16500.677333333544,5247.861946667654,2017.540786666606,2262.5414733330567,1.0,503.48597066664354,53.220504,103.93773413331408,294.6807946666623,51.64693786666686,9.088704000000009,1.8051553627136936,7.2,46.452456200582446,22044.044249853043,5.12
laca,200,42,0.8986035215543412,37.888,923.9713776920458,3638.143412114688,0.1013964784456588,0.9560612233021009,0.24841012329656068,0.2481505515898767,0.9971676402903169,9820.212820000548,15993.66800000004,5253.349560000663,2174.1161800002124,2386.136473333005,1.0,591.487766343307,54.21681600000001,103.8319951999808,384.02760226665936,49.411352876667024,10.351584000000008,1.750092662777376,7.74,38.433254740902946,26643.59307852735,5.04
laca,200,7,0.8901251738525731,38.22933333333334,945.4379993164789,3729.349593374847,0.10987482614742694,0.9588564658220108,0.2516211061665607,0.2512396694214876,0.9959705676243868,9608.618580000268,15905.129333333362,5245.689146666974,2083.5647533333017,2271.1595266666563,1.0,589.6283027299686,54.853416000000045,103.89230879998075,381.40798946665416,49.474588463333795,10.710048000000008,1.8164067006981643,8.14,38.90179608712696,26322.692086159313,5.23
laca,200,99,0.89581266124231,38.519466666666666,960.3717582127312,3790.450266890525,0.10418733875769004,0.9503468154173351,0.24449877750611246,0.24411272680478702,0.9942247112355618,9223.06576024053,15762.886666666684,5248.2063793912175,1884.679514422976,2080.5318530930012,1.0,579.0257149322591,54.56834399999999,103.88489359998086,370.8326538108834,49.73982352139471,10.144392,1.7519760760861551,7.625,39.91477304717609,25654.661716094775,5.03
chang2019,200,42,0.689738919247116,29.081599999999998,971.4857681481012,4106.9619425695955,0.31026108075288406,0.9177621847145837,0.4856257347440419,0.48295393822806454,0.9994400895856663,12271.459286666914,18998.725333333503,5252.853580000225,3609.1102399999663,3399.0955333333854,1.0,713.7079231933051,68.07948000000005,103.51696079998135,495.52349359998965,46.587988793333736,31.060727999999994,4.352022303609388,19.495,24.448320430476734,41884.267793034334,11.56
chang2019,200,7,0.4893069306930693,21.085866666666664,1351.6656924430442,4708.463866187334,0.5106930693069307,0.8288997040536504,0.6326289926289926,0.6265356265356266,1.0,11931.515833333584,17477.316000000545,5248.173620000321,3378.2707399999354,3297.0850733333273,1.0,813.6478376233007,75.30295200000006,103.13943039998021,591.0219483999866,44.1835068233338,43.67131200000003,5.367348130312219,26.53,15.549134914382146,65855.75375340354,17.46
chang2019,200,99,0.69769324160259,29.422933333333333,904.5816126700927,3898.4228068405,0.30230675839740995,0.9208910921766073,0.46720683236614474,0.46479798532793165,0.9995643966894149,12075.405686667034,19865.26800000078,5248.083040000171,3291.9143866668915,3521.2002399999687,1.0,695.31464529997,65.69265600000008,103.56479173331472,479.05115599998845,47.00604156666707,28.53583199999998,4.104017108353753,18.115,25.389598966930837,40331.475945473896,11.18
etaroa,200,42,0.9221221221221221,39.30453333333333,631.4415360521981,2717.6146352923192,0.07787787787787792,0.9516119135193326,0.21603153745072273,0.21590013140604467,1.0,10075.304015005373,16991.15333333354,5253.078829688764,2293.8767073312188,2528.348477985391,1.0,518.4899458992368,53.037264000000015,103.92590453331421,310.26893870009167,51.257838665831216,8.727120000000003,1.6831801790995635,6.85,45.48346633626539,22513.675462407155,4.81
etaroa,200,7,0.9116288411327576,38.732800000000005,616.5207765300506,2581.3842191084063,0.08837115886724245,0.9550850199801589,0.22239789196310936,0.22239789196310936,1.0,9817.495425766923,16592.009333333623,5247.916220000147,2130.5457600000523,2439.0334457667227,1.0,506.3298780699684,52.83734400000003,103.8934826666476,298.0345358666538,51.56451553666714,8.957136000000006,1.7690316901982712,7.01,45.89829873082972,22310.195112137844,4.76
etaroa,200,99,0.9145811789038263,37.7344,632.8882510501683,2753.869240296924,0.08541882109617371,0.9635591516537233,0.2258452492315916,0.22531070426299613,1.0,9638.932166666984,17039.65600000072,5247.920406666951,2031.0110066666582,2344.1608666667116,1.0,497.4444350066379,51.66285600000004,103.87705679998083,290.13922906665647,51.76529314000042,8.803584,1.7697622850846702,6.92,45.51390749742307,22498.61759414916,4.78
no_raw,400,42,0.16936774709883953,14.446933333333332,1064.4622555974772,4582.118928117312,0.8306322529011605,0.8930935837766475,0.7854286983562861,0.7454464682363394,1.0,19241.708484283903,119068.19199992799,3856.8692956383725,3027.1452674101465,12339.998734116425,0.36,2511.217726533312,47.30294399999988,102.1090771999796,2361.805705333341,0.0,35.064155999999926,1.3963009112875815,22.2875,1.7258877851197374,593317.832612714,42.67
no_raw,400,7,0.2004603682946357,17.092266666666667,701.4687880892058,4203.218731699488,0.7995396317053642,0.8350836330635761,0.6713454296473811,0.6406710030811366,1.0,28146.218127715423,118253.29466665778,4237.659535198507,6206.144694620781,17661.688214562804,0.4,2509.065456799989,44.35308,102.80263813331256,2361.909738666674,0.0,30.525179999999963,1.21659560205062,20.4875,2.0436613106697257,501061.4991113308,40.42
no_raw,400,99,0.1820466425412143,15.453866666666666,932.5579498307739,4444.776005144366,0.8179533574587857,0.9338746280556386,0.7266871614697702,0.6952129995608256,1.0,13004.450524853684,31821.612000000274,3494.5880000002435,2477.738051109662,6995.691878871977,0.325,2510.3852365333228,46.14593999999992,102.39834853331286,2361.840948000009,0.0,33.26329199999992,1.3250273908531405,20.9075,1.846792250261252,554474.9280029427,38.86
static,400,42,0.32304038004750596,27.8528,2972.5971497085543,8392.636699918818,0.6769596199524941,0.7203505165792178,0.4829682610639249,0.48261063924899417,1.0,16022.964543333672,31466.996000000305,10249.240143333504,2644.8944200001483,3127.608980000018,1.0,620.1593721349689,35.17023599999999,102.78660493331304,433.97861593332163,48.223915268333805,13.975019999999981,2.2534562288221807,9.8375,13.473697851624935,75999.92305575601,15.44
static,400,7,0.3173513677197941,26.828799999999998,2969.9042375722474,8097.044370066421,0.6826486322802059,0.7048844771521479,0.493155524154376,0.49218405016338423,1.0,16570.576549854886,32482.08933333178,10248.280190000343,2902.017903483269,3412.2625563712727,1.0,629.1903020517952,34.99594800000002,102.81543079997982,443.39004196767337,47.988881284141634,14.30846400000001,2.2741075241210775,10.17,12.792059848591615,80049.65674959228,15.13
static,400,99,0.32553021208483396,27.767466666666667,2921.800046741759,8200.585073619777,0.674469787915166,0.7022307406621392,0.4820508263728452,0.4815176826017416,1.0,16767.83226666711,32145.80000000099,10244.31727333362,2970.7442066667227,3552.770786666768,1.0,633.6151016516375,34.916952000000016,102.82304439997998,448.00134859999065,47.87375665166701,13.837692000000002,2.183927113468325,9.8675,13.147161389123546,77887.5355441472,15.11
adaptive,400,42,0.39453008453505717,33.85173333333333,2593.271412384815,6509.159936258229,0.6054699154649428,0.7916200024145355,0.4814756424404856,0.48108150717326187,1.0,24574.825326665254,43482.82533332954,10249.183050000229,6654.833039999748,7664.346433331945,1.0,791.0875453132852,40.67595599999997,103.00875506664676,603.4323474666371,43.97048678000092,15.229271999999995,1.925105772455174,10.675,12.837416111737957,79766.83088613917,15.2
adaptive,400,7,0.3838984731310728,33.041066666666666,2633.9814074074434,6760.013065796462,0.6161015268689272,0.805107187352322,0.4901266619463457,0.489654629848163,1.0,24043.95380333183,43476.861333320354,10247.758753333479,6186.733786666767,7599.022816664927,1.0,780.3377816349415,40.64076000000001,103.00634533331346,592.4453985999604,44.24527770166782,15.565523999999993,1.994716181419225,10.8625,12.702601659542857,80613.40719369231,14.7
adaptive,400,99,0.38684470820969336,33.37386666666667,2676.573376126031,6934.694555899,0.6131552917903067,0.8033065668130159,0.4845052697813434,0.4841120025169105,1.0,24754.946093331615,44492.44266666542,10244.275220000294,6591.2763166665145,7915.929819998139,1.0,794.5274780749372,40.67024400000001,103.02102279998009,606.9538449999562,43.88236627500123,15.541992,1.9561302068062811,10.845,12.601401809612035,81260.80062131803,14.71
cluster_csv,400,42,0.39827054964715236,34.19306666666667,2584.477029202688,7366.898289983588,0.6017294503528476,0.7585487178033524,0.4633575464083939,0.4628732849071832,1.0,23231.491699999184,40002.574666665,10250.746380000282,6070.5686966666035,6905.222296665631,1.0,763.9255919099556,39.33666000000002,103.02249839998014,576.9297729333088,44.636660576667424,14.312171999999997,1.8735034081286517,10.1775,13.427904639708817,76259.1057559227,15.04
cluster_csv,400,7,0.39771703214178433,33.894400000000005,2604.900251883104,6859.309327559963,0.6022829678582157,0.7495051687442992,0.4685994217796338,0.467876646321876,1.0,23258.888699995547,40481.78799999959,10246.882666667,6021.386146666582,6980.212309995296,1.0,765.6190692232199,39.42297600000002,103.02402359998014,578.5768377332378,44.59523189000255,14.45277600000001,1.8877241412839254,10.285,13.28117390064037,77101.61825007248,15.34
cluster_csv,400,99,0.4052610360814352,34.312533333333334,2482.221638592245,6829.940924612053,0.5947389639185647,0.7771346105781247,0.4620751196560396,0.4618317514399286,1.0,22375.776383332755,39469.394666665765,10246.756290000234,5739.6407300000155,6382.004653332506,1.0,748.8075555866238,39.35938799999999,103.00081906664674,561.4229045333099,45.024443986667414,14.265803999999996,1.9051362253982618,10.0975,13.74686983751888,74489.68471391432,15.04
cluster_adaptive,400,42,0.41857389889126234,35.114666666666665,2463.771406535959,6424.046695627424,0.5814261011087376,0.8181092376074983,0.47250845591127194,0.47195783843309996,1.0,20708.611846666747,35974.47999999387,10249.287863333502,4916.28319333348,5541.781256666429,1.0,717.1328904099669,41.413824000000005,102.99273426664676,526.8430329333205,45.883299210000494,15.401856000000004,2.14769901171248,10.7,14.689606544161915,69709.15095115111,14.81
cluster_adaptive,400,7,0.42134427911749617,35.037866666666666,2462.262578784487,6441.3837677154315,0.5786557208825038,0.7977757798304058,0.47384399813171413,0.47329908142612487,1.0,21746.254929789386,37460.45066666396,10246.724160000194,5384.259800000157,6105.941449789035,1.0,736.8732028820777,41.408399999999986,103.02582573331333,547.0613886312121,45.377588517553214,15.345312,2.0824901679123378,10.8,14.26481511186415,71785.01732898955,15.09
cluster_adaptive,400,99,0.41057682695191444,35.0464,2645.384522674498,6676.989484744927,0.5894231730480856,0.8228505571057818,0.47877984084880637,0.47807770322983306,1.0,20908.18155420892,37985.97599999488,10245.46958333351,4878.4711150852345,5776.602129123509,1.0,722.93987669181,41.832612,102.99759919998004,532.3656338377746,45.744031654055796,15.698927999999999,2.171539917238853,10.85,14.54328408070661,70410.50661717166,15.04
laca,400,42,0.35652347254061595,30.523733333333332,3304.8412627882517,8536.29552839164,0.6434765274593841,0.8038025505716798,0.47108288999485154,0.47065385275441907,0.9875869594871095,21938.36867999976,36456.40799999198,10248.341900000298,5622.157490000262,6059.611859999193,1.0,745.3040397149618,36.27514800000001,102.91687933331313,561.0694887333148,45.042523648333955,12.874320000000004,1.727391683657549,9.35,12.286422066760968,83344.03575230212,14.27
laca,400,7,0.36629213483146067,30.60053333333333,3159.26852334872,8033.009797204107,0.6337078651685393,0.8129391088858544,0.4653576680217974,0.4647521840671222,0.9875937286980232,21324.124679999553,35977.84399999703,10246.918273334059,5154.792289999895,5909.510969998934,1.0,733.3396612232907,36.21577199999997,102.89920519998003,548.8770417333109,45.34764229000073,13.049784000000002,1.7795006447941921,9.395,12.518291980398946,81800.29684587738,13.78
laca,400,99,0.36216437794630046,30.1568,3223.6868832270916,8334.475849508157,0.6378356220536996,0.8091766443787902,0.4712270200940573,0.4706284737067123,0.987941901890929,22031.919229996656,36989.71333333142,10241.997693333517,5641.070016666777,6137.639906663028,1.0,747.3657290232395,36.289499999999975,102.91915679997989,563.1670457332573,44.99002649000207,13.11752400000001,1.7551679841064955,9.5425,12.105237969399422,84591.4803648262,14.05
chang2019,400,42,0.17920129738495844,15.086933333333333,1881.9037500246134,5199.407035577583,0.8207987026150416,0.6683681149503934,0.6827123695976155,0.6685543964232489,1.0,33263.87547999807,51486.00533332837,10249.088143333465,12393.79370999875,10585.673759999183,1.0,1317.597988328275,42.77705999999999,102.62180066664621,1141.6877415332935,30.511386128334475,28.223136000000014,2.1420141993240747,18.22,3.4350993551094757,298099.0923819627,47.09
chang2019,400,7,0.1853426460168033,15.624533333333332,1782.7253057788707,4872.261231918415,0.8146573539831967,0.7213531715293915,0.6810937381977491,0.6665911322607447,1.0,27005.446283332094,46487.473333330796,10247.978630000156,7968.209576666652,8761.12472333195,1.0,1105.1589354416237,42.81790799999997,102.59039559997949,923.7917049999761,35.958926841667434,27.712068,2.5075187931160507,17.7325,4.241344705887865,241432.86410521547,41.58
chang2019,400,99,0.17786244235011028,15.138133333333332,1859.5800145654546,4984.970056072037,0.8221375576498897,0.6780153395380903,0.6904978060220911,0.6733242548040551,0.9998847660751325,25433.646632598462,45991.79066666522,10245.600143333593,6969.158763579517,8204.462959018681,1.0,1178.3698422662583,42.95743199999998,102.55850279997945,998.7695572987461,34.08435016753154,28.238304000000014,2.3963871941674686,17.98,3.854002230119735,265697.8223824709,48.55
etaroa,400,42,0.3988220025955875,34.090666666666664,2523.04825670821,6633.337051374447,0.6011779974044125,0.7919350276879106,0.4807042364222275,0.480232649532343,1.0,24521.735809998292,44137.003999995686,10247.875443333478,6528.090333333128,7736.085789998352,1.0,790.1963178616068,40.875888000000025,103.02130799997998,602.3010081999591,43.99811366166784,15.34016399999999,1.9413104887039772,10.6925,12.942606500212987,79118.52994859644,15.19
etaroa,400,7,0.3967619633159135,33.041066666666666,2603.9991427764758,6648.2695208388905,0.6032380366840865,0.8188979681013765,0.4900398406374502,0.48925865166783844,1.0,24677.76093333203,44581.759999995855,10246.914403333676,6481.322489999903,7937.579856665111,1.0,793.2224145282875,40.833527999999966,103.02616466664668,605.443081533306,43.91964032833422,15.680771999999985,1.9768442889154874,10.9525,12.496268156888439,81944.4643107735,14.59
etaroa,400,99,0.4040291556995343,34.056533333333334,2606.3408343951505,6654.544425121795,0.5959708443004657,0.8177136681931125,0.48059654876239555,0.4800499726711954,1.0,24681.134223331912,44002.129333328565,10245.49983000016,6658.109939999689,7758.982629998727,1.0,792.2237590682882,40.66468800000005,103.05845426664675,604.5586572666411,43.94195953500083,15.394128000000006,1.9431540425024112,10.83,12.89655843194589,79401.02822032456,14.55
no_raw,600,42,0.057496506288680374,7.3728,1475.3939598356378,4749.741768415916,0.9425034937113196,0.944905331750255,0.933014567879167,0.834971847350076,1.0,6962.84559972032,15560.261333333949,2782.684976898007,1451.5746569322475,2710.1204081342835,0.16833333333333333,2497.071154755536,31.82384799999993,101.53723742220245,2363.7100693333377,0.0,25.40887199999992,1.0175469750475514,29.258333333333333,0.5905158117708342,1734077.1908024559,240.2
no_raw,600,7,0.05551102204408818,7.0912,1399.3387524516193,4738.890304288954,0.9444889779559118,0.9310955754956752,0.9362142636888243,0.837275890929915,1.0,9952.232754576156,100806.2746665727,2630.627508772052,1745.3822456142314,5515.093414224958,0.15833333333333333,2497.0557193777554,31.80977599999986,101.53291671109132,2363.713026666676,0.0,25.560183999999893,1.0236128814285836,29.841666666666665,0.5679648992187539,1802928.3172402568,955.56
no_raw,600,99,0.050613290200835694,6.408533333333334,1376.20363093207,4541.32771932759,0.9493867097991643,0.9290849188699448,0.9455318105667471,0.8410901810158133,1.0,8647.923718246015,81592.09466666415,2497.667051851961,1653.6536592593268,4457.965288616211,0.15,2496.997848711089,31.768999999999888,101.50099359998032,2363.7278551111217,0.0,25.594975999999928,1.0250299580038347,32.513333333333335,0.5132990672492023,1994938.3611539989,1287.46
static,600,42,0.21332085060853284,27.221333333333334,3303.547857957965,8852.309045912041,0.7866791493914671,0.7110684089162183,0.5019414782970462,0.5013174317015671,1.0,33703.141426664464,71991.19066666013,15248.95618666693,7348.487957775014,11099.743920000301,1.0,913.1100961210392,26.467495999999972,102.7133608888687,743.4165062666134,40.51273296555703,11.307888000000007,1.2383926153085778,8.563333333333333,5.9623332277173615,171744.84566539925,31.73
static,600,7,0.2136014033193901,27.01653333333333,3210.222313079637,8100.55411277338,0.78639859668061,0.7053874736101338,0.5019482326746452,0.5016699137211245,1.0,32888.31928444191,68996.68799999871,15247.100240000185,7338.035342219059,10300.96992222267,1.0,897.8512444154852,26.477367999999956,102.70219813331332,727.7676615999483,40.90401668222355,11.509576000000012,1.2819023275390036,8.651666666666667,6.018042187137917,170155.00525877796,20.56
static,600,99,0.2167135019403185,27.639466666666667,3356.1248201916355,8811.729899042097,0.7832864980596815,0.699713468271785,0.4983976591890762,0.49777065626306255,1.0,32865.23216221932,69498.0213333319,15247.775306666881,7194.61404222017,10414.57723555449,1.0,897.6831453288117,26.477463999999962,102.701591911091,727.5957708443872,40.90831857333487,11.177999999999992,1.245205511339484,8.463333333333333,6.1579560250165155,166288.94325325318,20.82
adaptive,600,42,0.2125522448429284,26.9056,3336.7747459445145,8693.229550035938,0.7874477551570715,0.7081683549172971,0.5110851808634772,0.5101928752831354,1.0,41169.713375552674,72991.67866665761,15249.913228889136,11870.302906663766,14035.327826666435,1.0,1058.3759554577096,26.461807999999948,102.7255955555352,892.400501688838,36.78805021333478,11.381431999999995,1.0753675894949764,8.681666666666667,5.084318074547395,201403.60712801322,21.34
adaptive,600,7,0.2118666845854052,26.9056,3168.0033974439607,8218.399284585115,0.7881333154145949,0.6974958956009262,0.5150738096888211,0.5147965902002911,1.0,40456.73737777397,70487.29999999952,15247.405111111435,11619.127659997497,13584.764506665037,1.0,1045.7237609821361,26.57483199999999,102.69085902220185,879.3436318221545,37.11443813777962,11.360447999999995,1.086371795676742,8.56,5.145833154777024,198995.95832200503,20.57
adaptive,600,99,0.21298160826956639,27.076266666666665,3200.7546036236167,8557.609405154068,0.7870183917304336,0.6840276249099778,0.51095947063689,0.5102701957540667,1.0,41113.143375552936,71487.00399999779,15246.415491111347,12073.466584441505,13783.851368888974,1.0,1057.9015778554822,26.482575999999987,102.71260311109064,891.9059373332797,36.80046141111265,11.44696,1.0820439480962514,8.683333333333334,5.118863083946643,200044.42064711294,20.97
cluster_csv,600,42,0.22081405485147187,28.100266666666666,3357.8537156792045,8955.558760501073,0.7791859451485281,0.6017340325176184,0.49655608658982286,0.49592353106550463,1.0,36954.3486866626,64190.91999999613,15249.011408889746,10152.056815552516,11548.839413331447,1.0,979.8735583632441,26.132928,102.69046497775744,812.257339244373,38.792826141113075,10.914096000000011,1.113826973577146,8.323333333333334,5.735488303940896,178537.5447974329,21.77
cluster_csv,600,7,0.2116106101494109,27.43466666666667,3446.530426397268,9473.445135514585,0.7883893898505892,0.621578266883156,0.5032693524572875,0.5024959572523378,1.0,37369.3217288862,63481.02666666536,15248.18943111136,10192.082817774644,11920.893897777974,1.0,988.3820649765886,26.222807999999976,102.67786657775746,820.9049013777174,38.57648902111279,11.177159999999994,1.1308541905062535,8.438333333333333,5.551429480322773,184456.99501895902,22.02
cluster_csv,600,99,0.22295612320549976,28.228266666666666,3312.6888273761438,9131.01041149416,0.7770438767945003,0.6107872292922527,0.4939157346838292,0.4933530280649926,1.0,37331.23637332749,64383.84666666621,15248.156424444951,10121.249855552598,11955.386157774386,1.0,986.3797345598759,26.03889599999999,102.70017831109077,819.0166335998924,38.624026648891736,10.890520000000006,1.1040899988541806,8.315,5.723610426619755,178908.05342682154,21.4
cluster_adaptive,600,42,0.2164403718814795,27.613866666666667,3268.6031735571564,8565.503112550281,0.7835596281185205,0.7158078363820305,0.5136556056261096,0.512836269288543,1.0,35265.73671777528,71492.4653333321,15248.066728889262,8867.603497775766,11139.171446665816,1.0,947.2385078032673,27.09566399999999,102.71431706664634,777.7765474221754,39.65197931444583,11.708432,1.2360595460960433,8.77,5.830393599750447,175631.3673306429,21.92
cluster_adaptive,600,7,0.21874370171313404,27.784533333333332,3251.599072945953,8692.287895501573,0.7812562982868659,0.6928565079863017,0.5109814687714482,0.5101578586135895,1.0,34711.24887777476,67993.49466666528,15246.592533333573,8679.354704441135,10777.40322666673,1.0,937.313931103253,27.070487999999976,102.69413813331298,767.6437736443829,39.90553132555721,11.718119999999992,1.2501809277716944,8.778333333333334,5.928543769882927,172723.69737774934,21.84
cluster_adaptive,600,99,0.22115060362851555,27.9808,3262.9486585329078,8904.689483497514,0.7788493963714844,0.680194913645853,0.5080863469146942,0.50739223988339,1.0,33628.291424439856,63916.39999999899,15247.264620000242,8245.908935552874,10125.370239997854,1.0,916.6523093721173,27.065415999999995,102.66471706664626,746.487486444358,40.434689861113505,11.630423999999994,1.2687933997533405,8.648333333333333,6.104997437723385,167731.43812847527,21.95
laca,600,42,0.19513163116814394,25.173333333333332,4155.596465747518,11159.65629534861,0.8048683688318561,0.7100140330265649,0.4975766162105734,0.49705465662515846,0.9800831064622438,34287.959457773875,56406.78533331642,15249.010866666886,9060.010493331394,9974.895537775596,1.0,929.910127005456,24.224679999999974,102.60641226664616,763.050047777696,40.02898696111329,10.166663999999997,1.0932953308874274,7.838333333333333,5.4141432816519135,189134.26311975377,19.95
laca,600,7,0.1913412451103892,24.627200000000002,4104.732037792688,10813.137463868617,0.8086587548896108,0.7014482061647297,0.5018715596330275,0.5011376146788991,0.9816844534179405,35934.09095777474,58487.95199998928,15247.277237778055,9811.328402218725,10861.161242222395,1.0,961.0712800465938,24.24276,102.64001075553506,794.9575305777238,39.230978713334835,10.312967999999996,1.073070043202208,8.038333333333334,5.124947651917358,199806.9189286058,20.01
laca,600,99,0.19443879281112242,24.465066666666665,4042.224480554368,10603.954277483948,0.8055612071888776,0.7114026933928788,0.5001471453796351,0.49955856386109476,0.9817629179331308,35530.68181777427,57501.10799999808,15248.049026666851,9670.903579997266,10601.436071110144,1.0,953.3650363088061,24.208479999999994,102.63243573331302,787.0964587554926,39.42766182000176,10.373584000000006,1.088101997128399,8.076666666666666,5.132360792543716,199518.3194228405,20.26
chang2019,600,42,0.09866107654855288,12.450133333333333,2472.0015908129126,6390.449209598098,0.9013389234514471,0.5917934389769253,0.6433082906721628,0.6335350043215212,1.0,47925.381973328826,71501.6519999979,15248.933508889164,16982.875357774352,15669.877044443085,1.0,1513.8993105054585,27.430696000000008,102.49205395553516,1358.8505699999203,25.125990550002154,18.002751999999987,1.1891644229621359,12.613333333333333,1.6447769342303884,622576.8240598184,60.85
chang2019,600,7,0.09163293742950036,11.784533333333332,2640.2683626611433,6842.5615618613665,0.9083670625704996,0.6381452854179215,0.6537918040508715,0.6409393715093197,1.0,42817.10651332797,66486.25999999937,15246.402908889168,14016.924511105584,13525.863233333217,1.0,1446.4821627565468,27.59956799999998,102.43571662220182,1289.589372399898,26.857505734447162,18.37567200000001,1.2703697614204712,12.681666666666667,1.629405966662688,628449.8896842346,66.64
chang2019,600,99,0.09439566968116707,12.202666666666666,2587.810714746637,6891.191063677755,0.9056043303188329,0.6295099125723433,0.6532792427315753,0.641446923597025,1.0,44159.73741332835,68500.15466665228,15247.315946666908,14776.48581815353,14121.571106285692,1.0,1463.6134074443264,27.68057599999996,102.42490933331287,1307.0880204443463,26.419901666669364,18.32614399999999,1.2521164336694617,12.586666666666666,1.667471287786879,614103.5275990181,65.15
etaroa,600,42,0.21133744304476013,26.914133333333336,3218.6649047210994,8574.086992926186,0.7886625569552399,0.7032374731365231,0.5127519539284245,0.5117235705470999,1.0,41032.27002221963,72478.45333333104,15248.196100000163,11973.408748887188,13792.28546888783,1.0,1056.0705261454866,26.54787999999998,102.72303839997956,889.9505266221726,36.84908112333474,11.355952,1.0753024271444898,8.656666666666666,5.097033326281011,200901.1780872834,21.04
etaroa,600,7,0.20938724025758482,26.914133333333336,3251.3564816737075,8529.364241419125,0.7906127597424152,0.6851044077134987,0.5156271608352925,0.514797400082976,1.0,40914.57758444149,71491.44666666476,15247.173051111686,11724.848997776062,13929.660615553752,1.0,1054.038882732141,26.676808000000012,102.68901831109082,887.769534266603,36.90352215444617,11.502080000000007,1.0912386808905785,8.64,5.106857778067932,200514.689169082,20.75
etaroa,600,99,0.2129080118694362,26.939733333333333,3240.8255736512874,8229.999559589362,0.7870919881305638,0.7023416205093512,0.5154333746727298,0.5146754857379082,1.0,40732.27189777587,75523.63466666474,15248.030975555881,11412.004008886179,14057.17639111159,1.0,1050.8891431466157,26.68723199999997,102.70758248886858,884.5094839110809,36.98484474666762,11.490160000000008,1.0933750790873809,8.63,5.127036188169053,199725.52609691778,20.91
no_raw,800,42,0.037668656267241814,6.408533333333334,1338.035425213975,4667.265681743007,0.9623313437327582,0.93546466305087,0.9440597106802093,0.8416820560172361,1.0,7249.569244040928,15445.328437426548,2503.1409117754843,1681.573500701942,3055.2750093412774,0.1125,2489.752971399987,23.66524799999994,101.4396693999792,2364.648054000008,0.0,18.950303999999875,0.7611318961231776,25.85,0.38609452867104027,2652200.2358455257,421.75
no_raw,800,7,0.043486943931299614,7.432533333333334,1366.563072761014,4681.229442572501,0.9565130560687004,0.924273602364531,0.9300978962716101,0.8337846282024578,1.0,7872.212636534976,20523.45864272355,2934.5725685360553,1703.9446456539727,3217.146089011615,0.13375,2489.7867581333244,23.681489999999897,101.46823279997916,2364.6370353333423,0.0,18.73822799999981,0.7526037295679283,23.5025,0.44778131956805106,2286830.547079976,358.23
no_raw,800,99,0.036687104231581065,6.229333333333333,1418.7180619658736,4633.142187476161,0.9633128957684189,0.9304851303971281,0.947747123783139,0.8454346069490939,1.0,6410.798829914839,13817.082666667562,2703.4692108845607,1308.6205822440193,2388.603390527752,0.1225,2489.79413373332,23.72388000000004,101.4234977333126,2364.646756000013,0.0,18.99399599999987,0.7628741566484188,25.8975,0.375292072280255,2728541.5164200766,464.62
static,800,42,0.13942770321600406,23.492266666666666,3130.7339383219405,8298.10627860794,0.8605722967839959,0.6769955332997173,0.501608497723824,0.500576631259484,1.0,58136.745453278854,119992.4719999944,19429.94327335844,13494.584071270703,25198.947315081718,0.95875,1402.9615593624364,19.360187999999965,102.65038266664574,1253.1616334999553,27.789355195834638,8.618585999999993,0.6143137666520695,7.18125,2.511715290047846,407689.51961131464,44.89
static,800,7,0.1405296343001261,23.773866666666667,3104.9014391056457,8275.731841757664,0.8594703656998739,0.6793694529540482,0.5003320253546635,0.4989435556897072,1.0,58191.639146448266,119996.1079999963,18800.298772686336,13018.39646540592,26357.477642408132,0.9275,1441.2923411491013,19.32792599999997,102.66531639997929,1292.4930600332882,26.806038715834656,8.624879999999992,0.5984129488347674,7.25,2.4742239295859063,413867.1474943579,25.02
static,800,99,0.13991355915167353,23.7568,3121.389831119037,8333.999323041493,0.8600864408483264,0.6859594654394194,0.5065921380399782,0.5056200255179537,1.0,53742.128454188976,119995.60133333235,17351.049855750753,10796.505397658244,25577.100358674707,0.855,1455.0916166341185,19.479593999999974,102.62429719997897,1306.5327699666375,26.454955467500994,8.719349999999997,0.5992303096467134,7.27875,2.449000433555548,418129.7748948617,24.41
adaptive,800,42,0.13722730471498945,23.296,3736.6799672389743,10851.237607325509,0.8627726952850105,0.6075639919470808,0.5090437681338355,0.5081795172541514,1.0,56655.51373165918,97197.50933332987,20254.20479999869,16939.2392283299,19444.06932833062,1.0,1328.3295317665047,19.229555999999974,102.58289773331242,1176.818230666523,29.698847366670492,8.553245999999993,0.6439099482057958,7.12375,2.630672522467301,389254.0752429318,25.88
adaptive,800,7,0.13770640811998183,23.270400000000002,3671.516386319273,10254.337514123652,0.8622935918800182,0.6192066641748064,0.510187650956834,0.5093206168328482,1.0,56461.47103666386,98485.17333332582,20250.697679999404,16687.784616664678,19511.51281499978,1.0,1325.387208334933,19.308401999999973,102.57205806664581,1173.7308479332867,29.775900335001385,8.632031999999988,0.6512837867844147,7.13,2.633615277142403,388819.1296912161,25.37
adaptive,800,99,0.137986281479998,23.517866666666666,3739.5779247231485,9858.794889218185,0.862013718520002,0.6157802434993761,0.5084902747761655,0.5078728002469898,1.0,56598.31436332919,98485.16266666044,20248.81897666582,16701.417818329417,19639.41110333396,1.0,1327.5692384690824,19.21616399999998,102.59012486664601,1176.04478723327,29.718162369168432,8.606225999999987,0.6482694650204807,7.13625,2.657247469870594,385361.17226969,25.8
cluster_csv,800,42,0.14023727137913988,24.209066666666665,4202.8448287739275,13691.19181245892,0.8597627286208601,0.5011465844150321,0.49823036324122943,0.4969264203663459,1.0,54701.66995332858,92479.58533333188,20253.064041665693,15508.294103330114,18917.335431666103,1.0,1292.3334803865628,19.041545999999965,102.59211713331256,1140.0821191999153,30.617698053335644,8.214161999999982,0.6356069949950505,6.92625,2.809924880158477,364422.5535104865,27.0
cluster_csv,800,7,0.1382588887788452,23.825066666666665,4064.3806038304087,12728.922168473367,0.8617411112211548,0.5094847887830608,0.5026438569206843,0.5014618973561431,1.0,54437.71088332996,92499.23733333168,20249.886411665848,15348.755381663474,18823.036576667295,1.0,1287.2047416715848,19.07691599999996,102.57957866664596,1134.7984544666035,30.749792538335104,8.333729999999989,0.6474284727367982,6.97625,2.7763726191367644,368826.5735448667,26.93
cluster_csv,800,99,0.1415884549399536,23.944533333333332,4110.686510140472,12954.041851485514,0.8584115450600465,0.4707203657846878,0.49931464174454826,0.49838006230529597,1.0,54624.98907666222,92966.3119999899,20249.867846666497,15328.934503331013,19027.88646666471,1.0,1291.0850581215727,19.04770199999999,102.58303619997916,1138.804628466591,30.649691455002113,8.435327999999984,0.6533518413010466,7.03,2.781908114733829,368092.67515939346,27.01
cluster_adaptive,800,42,0.1359960307615976,23.389866666666666,3820.193190863276,11037.562815834575,0.8640039692384024,0.5818483697656477,0.5118071091225453,0.5113099676858066,1.0,49697.87966333057,98041.15999998663,20253.14815833303,12641.209809997996,16798.057739999535,1.0,1197.4807684449288,19.46397599999998,102.55985439997916,1042.3980515332828,33.05888651166812,8.859329999999982,0.7398306706424085,7.18625,2.9298842139704497,349501.86601822067,27.28
cluster_adaptive,800,7,0.13829840695512338,23.483733333333333,3910.025452446,11142.358243636332,0.8617015930448766,0.5774600463584239,0.5138880296937829,0.5134549953603464,1.0,50506.39385832929,102492.33733332269,20250.02731999898,12851.450273329247,17399.22168166774,1.0,1212.8352275015736,19.465625999999983,102.57543293331263,1058.128677933258,32.665490635002065,8.859497999999988,0.7304782874958579,7.19125,2.904401125663568,352568.38008766674,27.45
cluster_adaptive,800,99,0.13368452440115297,22.954666666666668,3824.027510246,10551.832805494596,0.866315475598847,0.5757804438508836,0.513704523107178,0.512905604719764,1.0,51355.79710999671,101490.54133333219,20248.85106166588,13375.630141662783,17719.44999000136,1.0,1228.7042101524194,19.432061999999984,102.58263319997923,1074.431561233274,32.25795371916837,8.999771999999988,0.7324604185155007,7.3575,2.802301783903609,365413.89149514335,26.86
laca,800,42,0.12727547778730272,21.538133333333334,4757.996519307631,14028.82795527468,0.8727245222126973,0.6654303524540043,0.5007833920877399,0.5001305653479566,0.9844115354637568,49168.385794993395,78484.15066665632,20254.386168333185,13820.611479994324,15078.832438332565,1.0,1187.522544780707,18.07099799999997,102.50242999997917,1033.6676374332255,33.28147934750283,8.102999999999978,0.68234494036459,6.775,2.720554665845606,376393.83352795785,25.69
laca,800,7,0.12272818054723388,20.974933333333333,4611.185196171323,13119.380038038558,0.8772718194527661,0.6637850983763107,0.5030800821355236,0.5021817248459959,0.9790683034309097,50799.38110666091,80048.36533333319,20250.44349666622,14615.293438327715,15918.561358333658,1.0,1218.0401808548834,17.99998199999996,102.53711073331243,1065.0051284665685,32.49795965500265,8.241821999999987,0.6766461508860449,6.99375,2.5830346563705366,396432.9311163168,25.13
laca,800,99,0.12402554946436654,21.043200000000002,4747.886165352943,13918.178998688514,0.8759744505356335,0.6712787703627594,0.5066227305033275,0.5057181624345803,0.9772093023255813,49805.809399995276,80916.6479999994,20249.086293332915,13928.109308329358,15615.66572999967,1.0,1199.6440915107364,18.100175999999973,102.51744433331247,1046.0548748999227,32.97159627750212,8.157971999999987,0.6800326911731365,6.8625,2.6311803828625373,389178.94290697045,25.09
chang2019,800,42,0.0652404258539785,11.0336,3328.6831987480755,9081.871612831881,0.9347595741460215,0.6159184350132626,0.6089931573802542,0.6017839687194526,1.0,57036.62565499326,90473.50133333128,20254.235318332823,18180.36891332872,18580.644838331707,1.0,1640.1336546006953,19.854636,102.39714573331263,1496.1669826332131,21.71489023416981,12.684641999999997,0.7733907516877447,9.50625,1.0090884943172107,1014777.2031558828,700.73
chang2019,800,7,0.07331334332833583,12.5184,3411.556783139361,10930.183335885209,0.9266866566716642,0.538003016392164,0.5988950947061681,0.592095677513356,0.9997143265247822,64729.397220455,98984.05066665649,20250.480412955625,23358.943998374554,21067.396622227043,1.0,1675.9232300456817,19.889448000000005,102.42648206664587,1532.808788166533,20.798511812503538,12.44176199999999,0.7423825731958413,9.39625,1.1204331835347954,913932.2317904194,86.69
chang2019,800,99,0.06430996604753346,10.990933333333333,3402.7781402740334,9580.571409448154,0.9356900339524665,0.6562278481012658,0.6123682101239287,0.6050311363215981,1.0,54877.943699994925,86473.86133333243,20249.033524999282,17296.04524166112,17316.356065001182,1.0,1612.626806890724,19.871718000000016,102.3759231333125,1467.9589510332435,22.42021472416913,12.772968000000018,0.7920597589858588,9.475,1.0223320069810276,1001631.557074984,307.15
etaroa,800,42,0.13524712930604094,23.116799999999998,3808.8441838528297,10788.392273753065,0.8647528706939591,0.5820921661932286,0.5114589155953047,0.5107136202720328,1.0,55921.77776332807,93973.61733333228,20253.141968331543,17359.74351833036,18297.883136666183,1.0,1314.6081862198962,19.253933999999994,102.56553359997918,1162.7377878665814,30.050930753335653,8.622323999999987,0.6558854638501177,7.1125,2.637683255244832,388219.4717519074,26.47
etaroa,800,7,0.13317675278596772,22.741333333333333,3765.2262151880313,10896.259435016633,0.8668232472140323,0.6135725516621743,0.5161050545094152,0.5152998017839445,1.0,56458.660541661295,97474.52266666493,20251.155539999272,17235.244198329434,18963.470148332588,1.0,1325.1362350507275,19.340141999999958,102.55796753331248,1173.4553112999135,29.782814217502278,8.796905999999993,0.6638491777159228,7.22125,2.574225886947704,397789.4889458094,25.62
etaroa,800,99,0.1332832456799399,22.7072,3796.4715933669804,10515.770264559507,0.8667167543200601,0.6228158433241374,0.5145864106351551,0.5136632200886263,1.0,56768.54602166216,98867.61466666596,20249.441956666313,16944.617204996546,19556.240639999312,1.0,1330.5524694899023,19.246607999999977,102.58696286664578,1179.0765903999213,29.64230822333554,8.769797999999986,0.6591095203755541,7.23875,2.559899048029124,400015.77436750155,25.8
no_raw,1000,42,0.03376633855091173,7.142399999999999,1332.034516139242,4625.738047852561,0.9662336614490883,0.9066788666918605,0.9299980380616049,0.8361389052383755,1.0,9790.135712379137,20434.050666666782,3143.695540230212,2165.2217981719077,4473.757167080464,0.116,2485.409630826648,18.785063999999974,101.43169909331172,2365.19286773335,0.0,14.77865279999995,0.594616381006159,19.89,0.34484778258259674,2969426.0822301656,495.34
no_raw,1000,7,0.030560271646859084,6.4512,1263.2824394942804,4520.286739822909,0.969439728353141,0.9251149239235998,0.9397869557092132,0.8420855914782284,1.0,7396.60571190583,16497.892000000164,2748.9296400000494,1525.6659466670092,3122.01012523877,0.1,2485.411469119985,18.80650080000001,101.4062840533117,2365.19868426668,0.0,14.951092799999975,0.6015540278042467,21.173,0.3114751861485949,3287581.3083597687,1308.32
no_raw,1000,99,0.0283472133247918,6.041600000000001,1350.460693438984,4656.144234658581,0.9716527866752082,0.9207641440117561,0.9488139825218477,0.848571638393185,1.0,8406.347548631933,71099.99066666621,2744.1453436108654,1644.624968938612,4017.5772360824544,0.1,2485.476864906646,18.904324799999973,101.37445903997839,2365.198081066682,0.0,15.10557119999995,0.6077534421374432,21.75,0.2916913089139659,3510560.5436534546,857.85
static,1000,42,0.10565356856455493,22.485333333333333,3175.756776883579,8236.395854316426,0.894346431435445,0.6700702455602892,0.5233048366319241,0.5218995198500995,1.0,32960.024679998685,119473.00933332859,12750.134634666962,5321.550266665792,14882.230597332602,0.5,1691.386682285308,15.638395199999968,102.31419055997827,1553.1309240533205,20.30317247200049,7.299628799999991,0.4315765801192863,6.492,1.5952827512832768,641892.4790456578,54.37
static,1000,7,0.1075511189824505,22.801066666666667,3171.3942727749327,8364.094654204082,0.8924488810175495,0.6891125836200942,0.5162613536478172,0.5149721652505127,1.0,31842.945823127553,117498.03333333271,12500.962372789407,5101.254342855225,14233.800672108786,0.49,1697.080891279973,15.559343999999957,102.33221023997825,1559.0336586666508,20.155678373333796,7.093651199999993,0.41799134245450237,6.332,1.6122554994631733,635135.0641017864,29.1
static,1000,99,0.10608067429259482,22.5536,3125.101757860554,8519.806523020536,0.8939193257074052,0.6755396015317178,0.5189489051094891,0.517021897810219,1.0,33112.81541224337,116482.51733333152,12496.653325170402,5554.923461223562,15054.713093876613,0.49,1709.0223025439702,15.540047999999974,102.334594346645,1571.2985702399837,19.849089957333867,7.193707199999992,0.4209252968373659,6.415,1.5836142079429463,646622.1349012373,28.27
adaptive,1000,42,0.0961029588645658,20.4544,4174.808261155201,11892.069751652534,0.9038970411354342,0.5724121791618622,0.498240835319487,0.4969356486210419,1.0,69395.97315466219,116997.14666666166,25248.539869330918,20925.601765329182,23202.012769335455,1.0,1555.8014947359027,14.852980799999948,102.48576357331218,1414.697955626589,23.764794736002113,6.662601599999964,0.42824239612463805,6.014,1.5776614229417847,649061.9502444318,29.69
adaptive,1000,7,0.10005639249174253,21.1968,3973.8170011049456,12499.665034423359,0.8999436075082574,0.5781427265541462,0.4910724375635665,0.489885862809357,1.0,70729.94936799446,118003.01733333174,25249.07964266425,21718.730797330398,23743.21201199983,1.0,1580.5834163485672,14.780078399999956,102.50491413331206,1440.1703919199156,23.128031895335535,6.479270399999976,0.4099290384159704,5.96,1.6092893128514607,636305.7231677002,29.55
adaptive,1000,99,0.09444778512728001,20.104533333333332,4162.110757365586,12255.816761817407,0.90555221487272,0.5730807129293819,0.4977449543353253,0.497012064494306,1.0,70297.06790665885,118485.0239999957,25248.021886664428,21313.030986660444,23722.37884933398,1.0,1572.6225574858483,14.809391999999953,102.49716165331225,1431.9833138931988,23.33268993933683,6.625531199999974,0.4213046015690002,6.065,1.5340896571246783,667496.841038136,30.56
cluster_csv,1000,42,0.09788707174406112,20.992,4493.740708522363,14031.367060831637,0.9021129282559389,0.5358351487881994,0.489093387866394,0.4881845035219268,1.0,68004.83821999529,110466.64266666466,25248.046923997674,20379.426547997497,22368.18434133347,1.0,1530.3461146432353,14.70469919999993,102.49407983997878,1388.733073999922,24.414261603335476,6.435734399999973,0.4205411010240853,5.942,1.646059003186515,622091.9165216404,31.03
cluster_csv,1000,7,0.10040799673602611,21.000533333333333,4406.346583662,14406.023369275686,0.8995920032639739,0.5228808463448757,0.4899966090200068,0.4893184130213632,1.0,69117.66924532702,112981.56533332654,25249.49152532712,20736.173450667313,23124.58018133261,1.0,1551.3158551418724,14.68275839999995,102.50913674664561,1410.2476225865555,23.876337408669553,6.342095999999982,0.40882042035340244,5.914,1.624468667452337,630359.9573920652,31.31
cluster_csv,1000,99,0.09765403035960711,20.531200000000002,4490.653969871615,15005.797772261434,0.9023459696403929,0.5349829029813504,0.4920887877063176,0.49123505976095616,1.0,67848.05961866169,111487.40799999156,25248.601910665195,20163.22240399604,22427.028073333786,1.0,1527.2360510292278,14.727047999999929,102.48699034664563,1385.5276196265786,24.494393056002398,6.513431999999977,0.4264849559837508,5.963,1.6132044541114945,634761.4509680913,31.15
cluster_adaptive,1000,42,0.09399404234763707,19.92533333333333,4794.770654638169,15639.395593105854,0.9060059576523629,0.5676178627758199,0.49804210884739797,0.4969638499517621,1.0,64190.73762532821,109625.68799999972,25248.537257331427,17910.21335332938,21019.478694667392,1.0,1457.3995835492337,14.746847999999948,102.48535519997894,1313.8818857599179,26.28549458933555,6.753710399999971,0.46340828392118283,6.105,1.640620751501145,624153.9972373593,31.84
cluster_adaptive,1000,7,0.09372108925626484,19.88266666666667,4588.6853237329315,14174.646573722866,0.9062789107437351,0.5747447690275359,0.49843260188087773,0.49763465374750643,1.0,64116.96957599267,111149.79199999965,25250.01253999802,18063.29521599805,20792.93695466329,1.0,1456.1742663051866,14.834932799999946,102.47047189331221,1312.5501995198695,26.31866209200341,6.804489599999978,0.4672853900423128,6.102,1.6384852110138557,624967.4962683204,31.73
cluster_adaptive,1000,99,0.09236963962150191,19.575466666666667,4694.709877354949,15043.976257022163,0.9076303603784981,0.574548162187775,0.49855858911310835,0.49771070035611326,1.0,64804.81594932769,110497.19599999294,25249.170019995352,18196.001869331383,21350.87414000097,1.0,1468.8827547158924,14.734267199999943,102.48908015997891,1325.6685750932436,25.990832262669112,6.736564799999973,0.45861827830519686,6.141,1.5992127298508236,640315.0630845214,32.63
laca,1000,42,0.09711422845691382,20.676266666666667,5014.9282348732695,15133.232008933,0.9028857715430861,0.637523425550024,0.4833545992344276,0.4823106368170746,0.9804359018362794,64100.04490399292,101482.06133333179,25248.19250799754,18418.471665328052,20420.40954533399,1.0,1455.9240765018621,14.272675199999961,102.47065045331203,1312.86848551988,26.31226532866979,6.159623999999961,0.4230731601609092,5.769,1.7041767768285316,600876.6308303187,29.26
laca,1000,7,0.09705253820410467,20.539733333333334,4911.248420128793,15387.383250770608,0.9029474617958954,0.6275425325550641,0.4838747167179964,0.48288686152594573,0.9774155204618781,63693.67465599129,100511.17333332787,25249.651913331738,18354.275685329827,20076.424018663074,1.0,1448.3564415958203,14.288371199999952,102.4605403199787,1305.1010406931678,26.506489382671035,6.17645759999997,0.42644596472361856,5.782,1.7017689356111003,601726.814123731,29.32
laca,1000,99,0.09581860295014019,20.121599999999997,4995.4234246542665,15304.71410908367,0.9041813970498598,0.6257201195945453,0.4877111240535818,0.48689574839836924,0.9772036474164134,63402.97409732753,100411.90533333251,25248.461175998073,18306.691335994186,19836.46740800193,1.0,1442.7641820865426,14.288894399999949,102.45212815997868,1299.3734130665648,26.64974646000272,6.225158399999969,0.43147442092699245,5.796,1.673587430281218,611859.2799349206,29.78
chang2019,1000,42,0.05280777968195768,11.306666666666667,3936.7366776837425,11731.33639092402,0.9471922203180423,0.7295785534553297,0.57091073855913,0.56530357951971,1.0,68506.42564132246,111973.11466666135,25247.692201331552,21151.220235994184,22098.563911996735,1.0,1805.8259379864596,15.336983999999983,102.34924783997896,1670.7771343998081,17.362571746671627,9.126307199999978,0.505381333163042,7.414,0.7513459472804258,1362887.5003671395,85.64
chang2019,1000,7,0.05267130089374379,11.3152,4182.463901683559,12812.983087506303,0.9473286991062562,0.6752974414161967,0.5678253018846632,0.5622954519805891,1.0,69243.41801732896,110996.25733332067,25249.9667186649,21871.375719997406,22101.574166666684,1.0,1814.9878536639098,15.326668799999979,102.3517542933124,1680.1819713065945,17.127459264001946,9.162095999999996,0.504802055920347,7.486,0.7481174032426527,1368769.1204101883,86.94
chang2019,1000,99,0.05399361022364217,11.537066666666668,4201.643027056187,12380.636263608805,0.9460063897763579,0.7253932726955252,0.5708304657031429,0.5655540261527874,1.0,66315.20032932673,105773.41733333154,25249.036833331556,20263.175859993913,20789.818766667955,1.0,1774.4732566518512,15.373497599999995,102.31805605331232,1638.6149259198703,18.16677707867011,9.193627199999995,0.518104579234229,7.381,0.7802022345562047,1312480.2194170495,87.84
etaroa,1000,42,0.09879257956181033,21.085866666666664,3856.5028824950828,11236.328838799964,0.9012074204381897,0.5796478315138411,0.49439664930948607,0.49326465927099844,1.0,70787.94445920839,119995.53999999622,25073.45970056885,21760.83988988998,23938.63546290868,0.993,1588.9400016785437,14.856254399999942,102.49413274664552,1448.6743051198973,22.915309412002795,6.543067199999971,0.4117881853995699,5.973,1.5924477937033537,643035.2090969421,29.76
etaroa,1000,7,0.0989932212907625,21.060266666666667,3855.627691165538,11680.751258661607,0.9010067787092375,0.6039641148961099,0.49487164957216523,0.49362497874992917,1.0,70357.69835595477,119995.38133332768,24925.38292468622,20899.216263418777,24514.450645053406,0.987,1585.9654737998765,14.826873599999956,102.4946568533121,1445.6530245332256,22.990918813336148,6.471292799999972,0.40803491040036005,5.918,1.5934974889112223,642611.6182333373,29.14
etaroa,1000,99,0.09920012862253307,21.060266666666667,3965.151166069944,12003.758679123639,0.900799871377467,0.5936679823282376,0.4945186026696961,0.49355296790684466,1.0,71113.02172399589,119598.68399999845,25249.066009332684,21924.744903578165,23922.322867085055,1.0,1588.7197363692417,14.873323199999946,102.48950341331229,1448.4356438932598,22.92126586266865,6.485543999999976,0.4082245503427573,5.901,1.5907349434555236,643727.6079291904,28.96
