policy,num_stas,seed,critical_pdr,high_pdr,normal_pdr,overall_pdr,critical_throughput_share,high_throughput_share,normal_throughput_share,elapsed_s
no_raw,100,42,0.6628787878787878,0.5966666666666667,0.615234375,0.6158333333333333,0.11840324763193505,0.2422192151556157,0.6393775372124493,37.97
no_raw,100,7,0.6401515151515151,0.59,0.6549479166666666,0.6370833333333333,0.1105297580117724,0.2315238718116416,0.657946370176586,36.85
no_raw,100,99,0.6363636363636364,0.6433333333333333,0.6529947916666666,0.64875,0.10789980732177264,0.24791265253692998,0.6441875401412974,36.83
static,100,42,0.32954545454545453,0.48833333333333334,0.5045572916666666,0.48125,0.07532467532467532,0.25367965367965367,0.670995670995671,4.2
static,100,7,0.42045454545454547,0.5483333333333333,0.4641927083333333,0.48041666666666666,0.09627059843885516,0.28534258456201217,0.6183868169991327,3.59
static,100,99,0.4583333333333333,0.61,0.4680989583333333,0.5025,0.10033167495854063,0.3034825870646766,0.5961857379767828,3.55
adaptive,100,42,0.9848484848484849,0.9833333333333333,0.9830729166666666,0.9833333333333333,0.11016949152542373,0.25,0.6398305084745762,2.46
adaptive,100,7,0.9810606060606061,0.9833333333333333,0.982421875,0.9825,0.10983884648006785,0.2502120441051739,0.6399491094147582,2.46
adaptive,100,99,0.9848484848484849,0.9833333333333333,0.9830729166666666,0.9833333333333333,0.11016949152542373,0.25,0.6398305084745762,2.39
laca,100,42,0.9848484848484849,0.9816666666666667,0.9830729166666666,0.9829166666666667,0.11021619330224672,0.24968206867316659,0.6401017380245867,2.41
laca,100,7,0.9886363636363636,0.985,0.9869791666666666,0.9866666666666667,0.1102195945945946,0.24957770270270271,0.6402027027027027,2.31
laca,100,99,0.9886363636363636,0.9866666666666667,0.9876302083333334,0.9875,0.11012658227848102,0.249789029535865,0.640084388185654,2.32
chang2019,100,42,0.9886363636363636,0.9866666666666667,0.986328125,0.9866666666666667,0.1102195945945946,0.25,0.6397804054054054,2.34
chang2019,100,7,0.9848484848484849,0.9833333333333333,0.9830729166666666,0.9833333333333333,0.11016949152542373,0.25,0.6398305084745762,2.4
chang2019,100,99,0.9848484848484849,0.9833333333333333,0.9837239583333334,0.98375,0.11012282930961458,0.24989411266412537,0.6399830580262601,2.42
no_raw,200,42,0.4166666666666667,0.35321969696969696,0.29891304347826086,0.32145833333333335,0.11665586519766688,0.24173687621516526,0.6416072585871678,42.26
no_raw,200,7,0.3611111111111111,0.35795454545454547,0.2977053140096618,0.31666666666666665,0.10263157894736842,0.24868421052631579,0.6486842105263158,39.35
no_raw,200,99,0.4236111111111111,0.3465909090909091,0.31068840579710144,0.32875,0.11596958174904944,0.23193916349809887,0.6520912547528517,43.07
static,200,42,0.3402777777777778,0.3996212121212121,0.46708937198067635,0.44083333333333335,0.06947069943289225,0.1994328922495274,0.7310964083175804,8.42
static,200,7,0.35185185185185186,0.4053030303030303,0.4731280193236715,0.44729166666666664,0.07079646017699115,0.19934792734047507,0.7298556124825337,7.67
static,200,99,0.36342592592592593,0.4166666666666667,0.4622584541062802,0.44333333333333336,0.0737781954887218,0.20676691729323307,0.7194548872180451,7.6
adaptive,200,42,0.9444444444444444,0.9393939393939394,0.9260265700483091,0.930625,0.0913364674278039,0.22207297962838593,0.6865905529438102,7.05
adaptive,200,7,0.9328703703703703,0.9384469696969697,0.9248188405797102,0.9285416666666667,0.09041956472963877,0.22234687009199014,0.6872335651783711,7.06
adaptive,200,99,0.9328703703703703,0.9270833333333334,0.9242149758454107,0.925625,0.09070447895566058,0.22034661264911096,0.6889489083952285,7.17
laca,200,42,0.8958333333333334,0.9109848484848485,0.8922101449275363,0.8966666666666666,0.08991635687732343,0.22351301115241637,0.6865706319702602,7.0
laca,200,7,0.9097222222222222,0.9100378787878788,0.8940217391304348,0.8989583333333333,0.0910776361529548,0.2227114716106605,0.6862108922363847,7.02
laca,200,99,0.8912037037037037,0.90625,0.8952294685990339,0.8972916666666667,0.08938936614813095,0.22219642442535406,0.688414209426515,6.91
chang2019,200,42,0.4097222222222222,0.4024621212121212,0.3819444444444444,0.38895833333333335,0.09480449919657204,0.22763792179967862,0.6775575790037494,19.0
chang2019,200,7,0.44907407407407407,0.4308712121212121,0.35295893719806765,0.37875,0.10671067106710672,0.25027502750275027,0.643014301430143,19.2
chang2019,200,99,0.3958333333333333,0.3768939393939394,0.3903985507246377,0.3879166666666667,0.09183673469387756,0.21374865735767992,0.6944146079484426,19.24
no_raw,400,42,0.07113821138211382,0.06704980842911877,0.05713848039215686,0.06072916666666667,0.12006861063464837,0.24013722126929674,0.6397941680960549,284.79
no_raw,400,7,0.06504065040650407,0.06896551724137931,0.053462009803921566,0.058020833333333334,0.11490125673249552,0.2585278276481149,0.6265709156193896,313.82
no_raw,400,99,0.06707317073170732,0.06992337164750957,0.05438112745098039,0.0590625,0.1164021164021164,0.25749559082892415,0.6261022927689595,341.43
static,400,42,0.258130081300813,0.3366858237547893,0.3353247549019608,0.3277083333333333,0.080737444373808,0.2234583598219962,0.6958041958041958,23.92
static,400,7,0.28760162601626016,0.32231800766283525,0.3242953431372549,0.3201041666666667,0.09209241783273674,0.21900423039375203,0.6889033517735113,15.56
static,400,99,0.31097560975609756,0.31082375478927204,0.32735906862745096,0.32208333333333333,0.09896507115135834,0.20989650711513583,0.6911384217335058,15.38
adaptive,400,42,0.38414634146341464,0.38697318007662834,0.37668504901960786,0.3796875,0.1037037037037037,0.2216735253772291,0.6746227709190672,15.29
adaptive,400,7,0.4014227642276423,0.3611111111111111,0.3759191176470588,0.3753125,0.1096308631695809,0.20927005273383292,0.6810990840965861,15.73
adaptive,400,99,0.36077235772357724,0.4257662835249042,0.375,0.38458333333333333,0.09615384615384616,0.24079089924160346,0.6630552546045504,15.46
laca,400,42,0.39227642276422764,0.36398467432950193,0.33609068627450983,0.34791666666666665,0.1155688622754491,0.2275449101796407,0.6568862275449102,1045.83
laca,400,7,0.3567073170731707,0.36398467432950193,0.34359681372549017,0.349375,0.10465116279069768,0.22659511031604054,0.6687537268932617,2057.33
laca,400,99,0.36077235772357724,0.3529693486590038,0.3431372549019608,0.34708333333333335,0.10654261704681872,0.22118847539015607,0.6722689075630253,2883.6
chang2019,400,42,0.1758130081300813,0.16954022988505746,0.17095588235294118,0.17114583333333333,0.10529519172245892,0.21545952525867315,0.6792452830188679,7316.52
chang2019,400,7,0.18292682926829268,0.16954022988505746,0.16666666666666666,0.16895833333333332,0.11097410604192355,0.218249075215783,0.6707768187422934,7191.37
chang2019,400,99,0.15548780487804878,0.17337164750957854,0.16804534313725492,0.16791666666666666,0.09491315136476426,0.22456575682382135,0.6805210918114144,8695.89
no_raw,600,42,0.039511494252873564,0.034382284382284384,0.03101503759398496,0.03263888888888889,0.11702127659574468,0.251063829787234,0.6319148936170212,949.9
no_raw,600,7,0.036637931034482756,0.03496503496503497,0.03070175438596491,0.03229166666666667,0.10967741935483871,0.25806451612903225,0.632258064516129,543.72
no_raw,600,99,0.039511494252873564,0.03583916083916084,0.03289473684210526,0.03423611111111111,0.11156186612576065,0.24949290060851928,0.6389452332657201,528.14
static,600,42,0.20905172413793102,0.20163170163170163,0.21804511278195488,0.2132638888888889,0.09475740801042006,0.2253337675024422,0.6799088244871377,45.75
static,600,7,0.17385057471264367,0.19696969696969696,0.2197159565580618,0.2098611111111111,0.0800794176042356,0.22369291859695567,0.6962276637988087,21.83
static,600,99,0.22198275862068967,0.20716783216783216,0.21271929824561403,0.21229166666666666,0.10107948969578018,0.2325809617271835,0.6663395485770363,21.39
adaptive,600,42,0.21120689655172414,0.20833333333333334,0.20582706766917294,0.20694444444444443,0.09865771812080537,0.23993288590604026,0.6614093959731544,21.38
adaptive,600,7,0.23994252873563218,0.1995920745920746,0.20749791144527988,0.20875,0.1111111111111111,0.22787757817697937,0.6610113107119095,21.26
adaptive,600,99,0.20617816091954022,0.2164918414918415,0.2098997493734336,0.2111111111111111,0.09440789473684211,0.2444078947368421,0.6611842105263158,21.07
laca,600,42,0.19827586206896552,0.19405594405594406,0.19486215538847118,0.195,0.09829059829059829,0.23717948717948717,0.6645299145299145,20.93
laca,600,7,0.17600574712643677,0.19289044289044288,0.19580200501253134,0.19319444444444445,0.08806613946800863,0.23795830337886412,0.6739755571531273,20.87
laca,600,99,0.21192528735632185,0.19114219114219114,0.19371345029239767,0.19486111111111112,0.10513186029935852,0.23378474697077692,0.6610833927298646,20.46
chang2019,600,42,0.09698275862068965,0.09586247086247086,0.09878863826232247,0.09791666666666667,0.09574468085106383,0.23333333333333334,0.6709219858156028,70.48
chang2019,600,7,0.08692528735632184,0.09411421911421912,0.09899749373433583,0.09666666666666666,0.08692528735632184,0.23204022988505746,0.6810344827586207,71.05
chang2019,600,99,0.08764367816091954,0.10314685314685315,0.10662071846282373,0.10395833333333333,0.08149632598530394,0.23647294589178355,0.6820307281229125,61.77
no_raw,800,42,0.027777777777777776,0.022435897435897436,0.020872420262664164,0.021875,0.11428571428571428,0.25,0.6357142857142857,761.56
no_raw,800,7,0.027777777777777776,0.02329059829059829,0.019543464665415886,0.021197916666666667,0.11793611793611794,0.2678132678132678,0.6142506142506142,732.57
no_raw,800,99,0.02488425925925926,0.022863247863247862,0.0207942464040025,0.021666666666666667,0.10336538461538461,0.25721153846153844,0.6394230769230769,1747.46
static,800,42,0.14699074074074073,0.11987179487179488,0.1446998123827392,0.13885416666666667,0.09527381845461365,0.21042760690172543,0.694298574643661,54.57
static,800,7,0.17708333333333334,0.12008547008547009,0.14126016260162602,0.13932291666666666,0.11439252336448598,0.21009345794392523,0.6755140186915888,25.35
static,800,99,0.1684027777777778,0.13012820512820514,0.14063477173233271,0.14057291666666666,0.10781771026306039,0.22563912560207483,0.6665431641348648,25.71
adaptive,800,42,0.13252314814814814,0.1282051282051282,0.13500625390869295,0.133125,0.08959311424100157,0.2347417840375587,0.6756651017214398,26.44
adaptive,800,7,0.1371527777777778,0.12799145299145298,0.13703877423389618,0.13484375,0.09154113557358054,0.231363460795674,0.6770954036307455,27.29
adaptive,800,99,0.125,0.13354700854700854,0.1353189493433396,0.13395833333333335,0.08398133748055987,0.24300155520995334,0.6730171073094868,26.4
laca,800,42,0.12789351851851852,0.11944444444444445,0.13641338336460287,0.13151041666666666,0.08752475247524752,0.2213861386138614,0.691089108910891,29.88
laca,800,7,0.140625,0.13183760683760684,0.13219199499687304,0.13286458333333334,0.09525676205409643,0.24186593492747943,0.6628773030184242,29.32
laca,800,99,0.13136574074074073,0.12457264957264957,0.1290650406504065,0.12817708333333333,0.09223892726533929,0.23689557090613572,0.670865501828525,28.91
chang2019,800,42,0.07349537037037036,0.0685897435897436,0.0675422138836773,0.06833333333333333,0.09679878048780488,0.24466463414634146,0.6585365853658537,92.79
chang2019,800,7,0.078125,0.07008547008547009,0.06449343339587242,0.06708333333333333,0.1048136645962733,0.2546583850931677,0.640527950310559,83.3
chang2019,800,99,0.08622685185185185,0.07713675213675214,0.07817385866166354,0.07864583333333333,0.09867549668874172,0.2390728476821192,0.6622516556291391,66.83
no_raw,1000,42,0.02152014652014652,0.016268260292164674,0.015704154002026342,0.016375,0.11959287531806616,0.24936386768447838,0.6310432569974554,941.03
no_raw,1000,7,0.021062271062271064,0.016600265604249667,0.014944275582573455,0.015916666666666666,0.12041884816753927,0.2617801047120419,0.6178010471204188,967.97
no_raw,1000,99,0.020146520146520148,0.01593625498007968,0.015450861195542046,0.016,0.11458333333333333,0.25,0.6354166666666666,938.53
static,1000,42,0.11446886446886446,0.09246347941567065,0.10777608915906789,0.10454166666666667,0.0996412913511359,0.2220007971303308,0.6783579115185333,70.23
static,1000,7,0.12866300366300365,0.08648738379814078,0.11322188449848024,0.10791666666666666,0.10849420849420849,0.20115830115830116,0.6903474903474903,29.28
static,1000,99,0.1282051282051282,0.10175962815405047,0.1079660587639311,0.10825,0.1077752117013087,0.2359507313317937,0.6562740569668977,28.08
adaptive,1000,42,0.10714285714285714,0.09096945551128818,0.09929078014184398,0.09791666666666667,0.09957446808510638,0.23319148936170211,0.6672340425531915,29.36
adaptive,1000,7,0.09981684981684982,0.09910358565737051,0.09371833839918946,0.095625,0.09498910675381264,0.2601307189542484,0.644880174291939,29.89
adaptive,1000,99,0.09065934065934066,0.09843957503320053,0.09561803444782169,0.095875,0.08604954367666232,0.25771403737505433,0.6562364189482833,29.97
laca,1000,42,0.10302197802197802,0.08748339973439576,0.10074721377912867,0.097625,0.09603072983354674,0.22492530943235167,0.6790439607341016,28.66
laca,1000,7,0.08836996336996338,0.09677954847277556,0.09903748733535968,0.0975,0.08247863247863248,0.24914529914529915,0.6683760683760683,29.48
laca,1000,99,0.09798534798534798,0.0903054448871182,0.09770770010131712,0.095875,0.09300304215558453,0.23641894828335505,0.6705780095610604,29.5
chang2019,1000,42,0.056776556776556776,0.056606905710491366,0.05553444782168186,0.05591666666666667,0.09239940387481371,0.2540983606557377,0.6535022354694486,93.74
chang2019,1000,7,0.06547619047619048,0.05876494023904383,0.060600303951367784,0.060583333333333336,0.09834938101788171,0.24346629986244842,0.6581843191196699,81.51
chang2019,1000,99,0.05723443223443223,0.05411686586985392,0.05648429584599798,0.05595833333333333,0.09307520476545049,0.24274013402829486,0.6641846612062546,91.26
cluster_adaptive,100,42,0.9886363636363636,0.985,0.9856770833333334,0.9858333333333333,0.11031276415891801,0.24978867286559595,0.6398985629754861,2.72
cluster_adaptive,100,7,0.9810606060606061,0.9833333333333333,0.9830729166666666,0.9829166666666667,0.10979228486646884,0.25010597710894444,0.6401017380245867,2.78
cluster_adaptive,100,99,0.9924242424242424,0.9866666666666667,0.98828125,0.9883333333333333,0.11045531197301856,0.24957841483979765,0.6399662731871838,2.73
cluster_adaptive,200,42,0.9467592592592593,0.9214015151515151,0.9227053140096618,0.9245833333333333,0.09215863001351961,0.2192429022082019,0.6885984677782785,7.52
cluster_adaptive,200,7,0.9375,0.9270833333333334,0.9184782608695652,0.9220833333333334,0.09150474469046543,0.22119295074559422,0.6873023045639404,7.61
cluster_adaptive,200,99,0.9236111111111112,0.9299242424242424,0.9251207729468599,0.9260416666666667,0.08976377952755905,0.22092238470191225,0.6893138357705287,7.65
cluster_adaptive,400,42,0.4014227642276423,0.3850574712643678,0.3918504901960784,0.39135416666666667,0.10513707745541656,0.21400053233963268,0.6808623902049508,17.31
cluster_adaptive,400,7,0.38922764227642276,0.3726053639846743,0.38480392156862747,0.3826041666666667,0.10427443506670296,0.21181595426082223,0.6839096106724748,17.77
cluster_adaptive,400,99,0.40752032520325204,0.41139846743295017,0.38465073529411764,0.3928125,0.10633784142137365,0.22779103686024926,0.665871121718377,17.11
cluster_adaptive,600,42,0.21120689655172414,0.19434731934731936,0.2234753550543024,0.21534722222222222,0.09480812641083522,0.21509190583682683,0.690099967752338,25.24
cluster_adaptive,600,7,0.20402298850574713,0.20192307692307693,0.2210735171261487,0.2148611111111111,0.09179056237879767,0.2239819004524887,0.6842275371687137,25.41
cluster_adaptive,600,99,0.22054597701149425,0.21124708624708624,0.2149122807017544,0.21458333333333332,0.09935275080906149,0.23462783171521034,0.6660194174757281,25.47
cluster_adaptive,800,42,0.14872685185185186,0.13696581196581198,0.133599124452783,0.13578125,0.0985807441503644,0.2458764863828155,0.6555427694668201,31.06
cluster_adaptive,800,7,0.14988425925925927,0.12884615384615383,0.1348499061913696,0.13473958333333333,0.10011596443757248,0.23308851952068033,0.6667955160417472,31.62
cluster_adaptive,800,99,0.14351851851851852,0.12735042735042734,0.13328642901813634,0.13276041666666666,0.09729305610043154,0.2338171832091016,0.6688897606904668,30.92
cluster_adaptive,1000,42,0.09615384615384616,0.08648738379814078,0.09764437689969604,0.09470833333333334,0.09238891333040035,0.22921249450065992,0.6783985921689397,36.12
cluster_adaptive,1000,7,0.10119047619047619,0.08515936254980079,0.0977710233029382,0.09491666666666666,0.09701492537313433,0.22519754170324846,0.6777875329236172,36.05
cluster_adaptive,1000,99,0.10897435897435898,0.08748339973439576,0.10106382978723404,0.098375,0.10080474375264718,0.22321050402371875,0.6759847522236341,35.36
cluster_csv,100,42,0.9848484848484849,0.9833333333333333,0.9830729166666666,0.9833333333333333,0.11016949152542373,0.25,0.6398305084745762,2.51
cluster_csv,100,7,0.9886363636363636,0.9866666666666667,0.9869791666666666,0.9870833333333333,0.11017306880540312,0.24989447024060785,0.639932460953989,2.62
cluster_csv,100,99,0.9848484848484849,0.9833333333333333,0.9830729166666666,0.9833333333333333,0.11016949152542373,0.25,0.6398305084745762,2.59
cluster_csv,200,42,0.9328703703703703,0.8816287878787878,0.8900966183574879,0.8920833333333333,0.09411489957963569,0.2174217655301261,0.6884633348902383,7.23
cluster_csv,200,7,0.9120370370370371,0.8778409090909091,0.8765096618357487,0.88,0.09327651515151515,0.21946022727272727,0.6872632575757576,7.59
cluster_csv,200,99,0.8958333333333334,0.8882575757575758,0.8716787439613527,0.8775,0.09188034188034189,0.22269705603038936,0.6854226020892688,7.51
cluster_csv,400,42,0.3902439024390244,0.36973180076628354,0.3912377450980392,0.38645833333333335,0.10350404312668464,0.20808625336927225,0.6884097035040432,15.83
cluster_csv,400,7,0.4115853658536585,0.37787356321839083,0.38526348039215685,0.38635416666666667,0.10919385279050957,0.21272580210299272,0.6780803451064977,16.47
cluster_csv,400,99,0.41260162601626016,0.41044061302681994,0.3737745098039216,0.3857291666666667,0.10964083175803403,0.2314339724547664,0.6589251957871995,16.43
cluster_csv,600,42,0.1910919540229885,0.20279720279720279,0.21783625730994152,0.21166666666666667,0.08727034120734908,0.2283464566929134,0.6843832020997376,341.09
cluster_csv,600,7,0.21839080459770116,0.21241258741258742,0.21146616541353383,0.2123611111111111,0.09941137998691955,0.23839110529758012,0.6621975147155004,109.58
cluster_csv,600,99,0.21695402298850575,0.19289044289044288,0.21961152882205515,0.2129861111111111,0.09846755787414412,0.21584610368438215,0.6856863384414738,119.65
cluster_csv,800,42,0.17997685185185186,0.12927350427350429,0.13961851156973107,0.14072916666666666,0.115099925980755,0.2239082161361954,0.6609918578830496,408.77
cluster_csv,800,7,0.14699074074074073,0.12350427350427351,0.14274546591619763,0.1384375,0.09556057185854025,0.21745673438675697,0.6869826937547028,30.32
cluster_csv,800,99,0.1597222222222222,0.1329059829059829,0.13985303314571607,0.13994791666666667,0.10271678451804987,0.23148492742835877,0.6657982880535913,30.64
cluster_csv,1000,42,0.10851648351648352,0.09594953519256308,0.09954407294832827,0.09945833333333333,0.09928780896522832,0.24214495182237117,0.6585672392124005,34.14
cluster_csv,1000,7,0.09844322344322344,0.08947543160690571,0.10631965552178319,0.101375,0.08836826962597616,0.22153719687628443,0.6900945334977394,34.79
cluster_csv,1000,99,0.10622710622710622,0.08914342629482072,0.1009371833839919,0.09845833333333333,0.098180279305967,0.2272534913245874,0.6745662293694457,34.79
etaroa,100,42,0.9886363636363636,0.9866666666666667,0.9876302083333334,0.9875,0.11012658227848102,0.249789029535865,0.640084388185654,2.15
etaroa,100,7,0.9848484848484849,0.9833333333333333,0.9830729166666666,0.9833333333333333,0.11016949152542373,0.25,0.6398305084745762,2.3
etaroa,100,99,0.9886363636363636,0.9866666666666667,0.9876302083333334,0.9875,0.11012658227848102,0.249789029535865,0.640084388185654,2.19
etaroa,200,42,0.9375,0.9318181818181818,0.918780193236715,0.9233333333333333,0.09138086642599277,0.22202166064981949,0.6865974729241877,6.45
etaroa,200,7,0.9537037037037037,0.9422348484848485,0.9293478260869565,0.934375,0.09186176142697881,0.221850613154961,0.6862876254180602,6.57
etaroa,200,99,0.9421296296296297,0.9365530303030303,0.9254227053140096,0.929375,0.0912351490697153,0.2216991705895539,0.6870656803407308,6.67
etaroa,400,42,0.4014227642276423,0.37308429118773945,0.3837316176470588,0.3832291666666667,0.10736613210111444,0.21174232128295734,0.6808915466159282,14.42
etaroa,400,7,0.39227642276422764,0.40086206896551724,0.3789828431372549,0.3851041666666667,0.10440898025426021,0.22639978360833107,0.6691912361374087,14.64
etaroa,400,99,0.3851626016260163,0.40086206896551724,0.3707107843137255,0.37875,0.10423542354235424,0.2301980198019802,0.6655665566556656,15.07
etaroa,600,42,0.21982758620689655,0.1960955710955711,0.21031746031746032,0.2078472222222222,0.10223855663214167,0.2248580020046776,0.6729034413631808,21.37
etaroa,600,7,0.22054597701149425,0.21037296037296038,0.20258980785296574,0.20618055555555556,0.1034018187942068,0.24317952172448637,0.6534186594813068,21.43
etaroa,600,99,0.22844827586206898,0.2097902097902098,0.20561821219715956,0.20881944444444445,0.10575324243431992,0.23944130362487528,0.6548054539408048,21.99
etaroa,800,42,0.125,0.12884615384615383,0.13696060037523453,0.13390625,0.08401400233372229,0.23453908984830804,0.6814469078179697,27.24
etaroa,800,7,0.1412037037037037,0.11538461538461539,0.13406816760475296,0.13015625,0.0976390556222489,0.21608643457382953,0.6862745098039216,28.16
etaroa,800,99,0.1440972222222222,0.12692307692307692,0.13141025641025642,0.13145833333333334,0.09865293185419968,0.2353407290015848,0.6660063391442155,27.83
etaroa,1000,42,0.09432234432234432,0.09080345285524569,0.09732776089159068,0.09541666666666666,0.08995633187772925,0.2388646288209607,0.6711790393013101,31.9
etaroa,1000,7,0.10027472527472528,0.09296148738379814,0.09770770010131712,0.09675,0.09431524547803617,0.24117140396210163,0.6645133505598622,31.28
etaroa,1000,99,0.10622710622710622,0.10258964143426295,0.09517477203647416,0.09804166666666667,0.09859753506162346,0.2626434339141521,0.6387590310242244,31.84
