policy,num_stas,packet_interval,n_seeds,pdr_mean,pdr_ci_lo,pdr_ci_hi,tput_kbps_mean,tput_kbps_ci_lo,tput_kbps_ci_hi,avg_delay_ms_mean,avg_delay_ms_ci_lo,avg_delay_ms_ci_hi,p95_delay_ms_mean,p95_delay_ms_ci_lo,p95_delay_ms_ci_hi,drop_rate_mean,drop_rate_ci_lo,drop_rate_ci_hi,fairness_mean,fairness_ci_lo,fairness_ci_hi,col_rate_mean,col_rate_ci_lo,col_rate_ci_hi,retry_rate_mean,retry_rate_ci_lo,retry_rate_ci_hi,raw_fit_pass_mean,raw_fit_pass_ci_lo,raw_fit_pass_ci_hi,assoc_mean_ms_mean,assoc_mean_ms_ci_lo,assoc_mean_ms_ci_hi,assoc_max_ms_mean,assoc_max_ms_ci_lo,assoc_max_ms_ci_hi,assoc_scan_ms_mean,assoc_scan_ms_ci_lo,assoc_scan_ms_ci_hi,assoc_auth_ms_mean,assoc_auth_ms_ci_lo,assoc_auth_ms_ci_hi,assoc_req_ms_mean,assoc_req_ms_ci_lo,assoc_req_ms_ci_hi,assoc_frac_mean,assoc_frac_ci_lo,assoc_frac_ci_hi,e_total_mj_mean,e_total_mj_ci_lo,e_total_mj_ci_hi,e_tx_mj_mean,e_tx_mj_ci_lo,e_tx_mj_ci_hi,e_rx_mj_mean,e_rx_mj_ci_lo,e_rx_mj_ci_hi,e_idle_mj_mean,e_idle_mj_ci_lo,e_idle_mj_ci_hi,e_sleep_mj_mean,e_sleep_mj_ci_lo,e_sleep_mj_ci_hi,e_retx_mj_mean,e_retx_mj_ci_lo,e_retx_mj_ci_hi,retx_energy_pct_mean,retx_energy_pct_ci_lo,retx_energy_pct_ci_hi,avg_tx_retries_mean,avg_tx_retries_ci_lo,avg_tx_retries_ci_hi,ee_kbit_j_mean,ee_kbit_j_ci_lo,ee_kbit_j_ci_hi,e_per_pkt_uj_mean,e_per_pkt_uj_ci_lo,e_per_pkt_uj_ci_hi
no_raw,100,5.0,3,0.633889,0.592427,0.675351,12.982044,12.132909,13.831179,1663.565668,1210.691457,2116.439879,4551.157161,4261.319364,4840.994959,0.366111,0.324649,0.407573,0.962482,0.921102,1.003861,0.854626,0.835977,0.873274,0.819874,0.810601,0.829147,1.0,1.0,1.0,10139.705175,2996.130121,17283.280229,81744.928889,-61945.365251,225435.223029,2710.908448,2595.173196,2826.6437,1738.900468,1638.618588,1839.182348,5640.457082,-1473.421421,12754.335585,0.98,0.930313,1.029687,2645.187458,2644.026344,2646.348571,197.225712,195.565914,198.88551,103.149863,102.685849,103.613877,2344.811883,2344.777003,2344.846762,0.0,0.0,0.0,155.42328,154.421342,156.425218,5.875699,5.839829,5.911568,88.416667,87.929627,88.903707,5.889375,5.501684,6.277066,173954.490393,162414.888421,185494.092365
static,100,5.0,3,0.488056,0.456961,0.51915,9.995378,9.358563,10.632192,3225.440581,2827.582662,3623.298499,8314.010774,7892.177134,8735.844413,0.511944,0.48085,0.543039,0.764731,0.736805,0.792657,0.485647,0.455307,0.515986,0.485262,0.454513,0.516011,1.0,1.0,1.0,3441.193667,3252.384648,3630.002685,5839.085778,5624.832748,6053.338807,2756.056996,2749.015588,2763.098403,320.163462,193.266292,447.060632,364.973209,302.725449,427.220969,1.0,1.0,1.0,472.993019,470.652406,475.333631,48.039536,47.676798,48.402274,102.979994,102.859795,103.100193,269.679401,267.381847,271.976954,52.294088,52.236387,52.351789,18.866192,18.096712,19.635672,3.988651,3.834829,4.142472,12.423333,12.10778,12.738887,25.358805,23.722301,26.99531,40398.369951,37827.750268,42968.989634
adaptive,100,5.0,3,0.983056,0.98186,0.984251,20.132978,20.108498,20.157457,662.574228,640.248012,684.900443,1595.630841,1449.092351,1742.169331,0.016944,0.015749,0.01814,0.999567,0.999557,0.999577,0.27288,0.263463,0.282296,0.272801,0.263693,0.281909,1.0,1.0,1.0,4514.545707,4099.214582,4929.876831,7748.054667,7095.028418,8401.080915,2754.580836,2746.685112,2762.476559,801.134667,646.530862,955.738471,958.011827,692.932798,1223.090855,1.0,1.0,1.0,442.558552,428.129512,456.987592,60.100496,59.745592,60.4554,103.947916,103.824775,104.071057,225.143975,210.666371,239.621579,53.366165,53.002711,53.729619,15.260736,14.940159,15.581313,3.448602,3.338656,3.558549,10.493333,10.045922,10.940744,54.597143,52.762735,56.43155,18757.860288,18124.111186,19391.60939
cluster_csv,100,5.0,3,0.984583,0.979205,0.989962,20.164267,20.05411,20.274423,690.662298,678.764378,702.560219,1708.973226,1466.125795,1951.820657,0.015417,0.010038,0.020795,0.999586,0.999515,0.999657,0.258801,0.236701,0.2809,0.258559,0.23685,0.280268,1.0,1.0,1.0,4365.06488,3981.21599,4748.91377,7769.083111,6954.929902,8583.236321,2754.621973,2748.669568,2760.574379,740.943231,527.279791,954.606672,867.620382,686.42673,1048.814035,1.0,1.0,1.0,455.480065,444.273492,466.686638,58.747408,56.892253,60.602563,103.949079,103.880764,104.017394,239.779553,229.044047,250.51506,53.004025,52.733563,53.274487,13.775312,11.72755,15.823074,3.024031,2.599101,3.448961,9.663333,8.40823,10.918436,53.128531,51.576357,54.680704,19275.789708,18712.818406,19838.761011
cluster_adaptive,100,5.0,3,0.985694,0.978959,0.992429,20.187022,20.049088,20.324956,673.099974,647.374206,698.825743,1630.853358,1608.887704,1652.819012,0.014306,0.007571,0.021041,0.999602,0.999507,0.999697,0.258368,0.254066,0.262671,0.258287,0.253818,0.262755,1.0,1.0,1.0,4134.551782,3401.168837,4867.934728,7364.128444,6492.033879,8236.22301,2754.817796,2747.938259,2761.697332,639.483676,263.16439,1015.802961,736.490942,382.645898,1090.335987,1.0,1.0,1.0,420.305222,406.20556,434.404885,58.94792,58.337066,59.558774,103.916023,103.811081,104.020965,203.531339,188.564237,218.498442,53.90994,53.536633,54.283247,13.935664,13.322681,14.548647,3.316513,3.061957,3.57107,9.616667,9.455026,9.778308,57.643732,55.320275,59.967189,17767.390859,17055.288251,18479.493467
laca,100,5.0,3,0.985694,0.979629,0.99176,20.187022,20.062803,20.311241,732.656065,727.915296,737.396833,1819.122992,1724.525435,1913.720548,0.014306,0.00824,0.020371,0.999601,0.999522,0.99968,0.250139,0.237046,0.263231,0.249975,0.237394,0.262557,0.995622,0.99355,0.997694,4151.872129,3956.46155,4347.282708,7614.774667,6893.266307,8336.283026,2756.265111,2749.917119,2762.613103,630.938427,555.375359,706.501494,762.393258,652.816098,871.970417,1.0,1.0,1.0,496.804002,492.237944,501.370061,58.038336,57.397533,58.679139,103.930892,103.852125,104.009659,282.906815,278.725123,287.088506,51.92796,51.821743,52.034176,12.997408,12.238055,13.756761,2.616108,2.481096,2.751121,9.14,8.704709,9.575291,48.761195,48.062226,49.460164,21000.772816,20699.056233,21302.489398
chang2019,100,5.0,3,0.984583,0.980071,0.989095,20.164267,20.071859,20.256674,758.541924,717.459659,799.624188,1681.78476,1577.748628,1785.820893,0.015417,0.010905,0.019929,0.999585,0.999526,0.999644,0.256849,0.227212,0.286486,0.256849,0.227212,0.286486,0.99686,0.994792,0.998928,4357.614133,3655.723759,5059.504508,7941.773333,7407.52081,8476.025857,2756.051582,2749.694539,2762.408625,739.703347,341.643523,1137.76317,861.859204,540.256506,1183.461903,1.0,1.0,1.0,475.828862,449.644212,502.013511,58.66752,56.69692,60.63812,103.913306,103.779836,104.046776,260.768217,235.809988,285.726445,52.479819,51.850051,53.109587,13.701184,11.699894,15.702474,2.878146,2.595125,3.161167,9.506667,8.132998,10.880336,50.870263,47.889034,53.851493,20137.145822,18951.066258,21323.225385
etaroa,100,5.0,3,0.986111,0.980135,0.992088,20.195556,20.073159,20.317952,663.613727,641.686222,685.541231,1625.80016,1528.751963,1722.848357,0.013889,0.007912,0.019865,0.999607,0.999526,0.999689,0.272194,0.266112,0.278276,0.271954,0.265866,0.278042,1.0,1.0,1.0,4304.63928,3914.732722,4694.545838,7738.571556,7245.319994,8231.823118,2756.097929,2749.746107,2762.44975,691.703684,431.078045,952.329324,847.975133,721.015925,974.934342,1.0,1.0,1.0,440.033158,435.283665,444.782652,60.323856,60.109839,60.537873,103.924372,103.813162,104.035583,222.349329,217.713654,226.985005,53.435601,53.31852,53.552681,15.354992,15.115359,15.594625,3.489494,3.464533,3.514454,10.403333,9.81947,10.987197,55.075661,54.180897,55.970424,18593.13594,18290.528758,18895.743123
no_raw,200,5.0,3,0.322292,0.307175,0.337408,13.201067,12.581905,13.820228,1365.617426,1105.868952,1625.3659,4528.860852,4324.178007,4733.543698,0.677708,0.662592,0.692825,0.949779,0.790207,1.109352,0.818721,0.730385,0.907057,0.78718,0.70209,0.87227,1.0,1.0,1.0,15134.831247,-9191.355236,39461.01773,62409.589778,-59230.17424,184049.353795,2418.100963,1634.768203,3201.433723,1739.765207,-3472.035653,6951.566068,10588.656519,-6883.648537,28060.961575,0.431667,0.273402,0.589932,2555.340261,2552.292049,2558.388473,96.58836,92.383051,100.793669,102.571532,101.553195,103.58987,2356.180369,2356.041607,2356.31913,0.0,0.0,0.0,76.246032,72.083343,80.408721,2.983771,2.824385,3.143157,47.436667,42.545858,52.327475,3.099628,2.956984,3.242273,330437.455956,315292.777966,345582.133946
static,200,5.0,3,0.443819,0.435729,0.45191,18.178844,17.847469,18.51022,3047.628005,2956.37325,3138.882759,7810.925978,7016.337694,8605.514261,0.556181,0.54809,0.564271,0.737075,0.712694,0.761457,0.495506,0.491208,0.499805,0.494954,0.490225,0.499683,1.0,1.0,1.0,6459.203647,5984.873838,6933.533456,12409.841778,11419.65101,13400.032546,5253.026464,5247.394088,5258.65884,578.256587,370.045651,786.467522,626.138838,357.380806,894.89687,1.0,1.0,1.0,501.757256,493.206159,510.308353,45.183544,45.102631,45.264457,102.913569,102.838808,102.988329,302.169848,293.555979,310.783716,51.490296,51.274137,51.706454,18.215456,17.490336,18.940576,3.630311,3.505654,3.754969,12.073333,11.467041,12.679626,21.739103,21.12614,22.352067,47108.130978,45771.141773,48445.120182
adaptive,200,5.0,3,0.928264,0.922024,0.934503,38.021689,37.766118,38.27726,1465.606006,1453.498396,1477.713615,3610.970072,3498.130102,3723.810042,0.071736,0.065497,0.077976,0.996722,0.995441,0.998002,0.391567,0.381764,0.40137,0.391427,0.381475,0.401379,1.0,1.0,1.0,9823.275098,9274.870159,10371.680037,18048.343556,17785.345005,18311.342107,5253.104764,5246.92552,5259.284009,2088.623202,1698.771733,2478.474671,2474.898558,2304.124989,2645.672127,1.0,1.0,1.0,599.581768,590.22314,608.940395,70.497512,69.478906,71.516118,103.880085,103.847669,103.912502,375.628451,366.902912,384.353989,49.57572,49.355237,49.796202,26.671472,25.440068,27.902876,4.44815,4.301974,4.594327,16.883333,16.175152,17.591515,38.049329,37.340942,38.757716,26913.437747,26413.622229,27413.253264
cluster_csv,200,5.0,3,0.883194,0.86382,0.902569,36.175644,35.382047,36.969242,1649.014774,1547.463266,1750.566282,4295.174202,3866.825481,4723.522923,0.116806,0.097431,0.13618,0.983717,0.980168,0.987267,0.397771,0.380246,0.415296,0.397663,0.379673,0.415652,1.0,1.0,1.0,9717.065276,9197.268648,10236.861903,17165.024,16456.974381,17873.073619,5252.959324,5247.351379,5258.56727,2131.424567,1692.001822,2570.847311,2328.361833,2243.982687,2412.740979,1.0,1.0,1.0,618.710616,612.795103,624.626129,67.980808,67.152491,68.809125,103.784677,103.708838,103.860515,397.918913,391.174403,404.663423,49.026218,48.859079,49.193358,23.906128,23.258547,24.553709,3.863969,3.73306,3.994877,15.303333,14.933523,15.673144,35.081222,34.630246,35.532198,29189.92436,28815.797505,29564.051215
cluster_adaptive,200,5.0,3,0.924236,0.919263,0.929209,37.856711,37.653003,38.060419,1470.55912,1438.901195,1502.217046,3695.194291,3623.202584,3767.185998,0.075764,0.070791,0.080737,0.998004,0.997551,0.998457,0.391817,0.381969,0.401665,0.391678,0.38195,0.401407,1.0,1.0,1.0,9346.69592,8200.147144,10493.244696,16968.647111,14877.304368,19059.989855,5252.287702,5248.818319,5255.757086,1908.629611,1371.431347,2445.827875,2179.281918,1569.954621,2788.609215,1.0,1.0,1.0,591.80735,568.691711,614.922989,70.48012,69.288926,71.671314,103.876062,103.765944,103.98618,367.67657,345.247163,390.105978,49.774597,49.209907,50.339288,26.572,25.093874,28.050126,4.489664,4.415759,4.563569,16.873333,15.663105,18.083561,38.387866,36.70648,40.069252,26680.679415,25500.447182,27860.911648
laca,200,5.0,3,0.897639,0.894696,0.900582,36.767289,36.646742,36.887835,1834.79939,1705.965882,1963.632897,4457.188985,4228.809568,4685.568402,0.102361,0.099418,0.105304,0.991898,0.991169,0.992626,0.381387,0.376342,0.386431,0.381205,0.376135,0.386275,0.992963,0.989391,0.996534,9315.729669,8810.687987,9820.771351,16311.592889,15664.783835,16958.401943,5252.952804,5246.488987,5259.416622,1926.925318,1661.533422,2192.317213,2128.296362,1885.434393,2371.158331,1.0,1.0,1.0,634.702551,625.601029,643.804072,66.912816,65.995847,67.829785,103.796512,103.751504,103.84152,415.40119,405.998547,424.803833,48.592033,48.357032,48.827033,22.099088,21.488887,22.709289,3.482025,3.336499,3.62755,14.343333,14.126279,14.560387,34.757665,34.339149,35.17618,29461.587823,29107.79805,29815.377596
chang2019,200,5.0,3,0.385208,0.371253,0.399164,15.778133,15.206528,16.349739,2061.492504,2002.214262,2120.770747,4952.364558,4860.095786,5044.63333,0.614792,0.600836,0.628747,0.770662,0.712191,0.829133,0.671838,0.664177,0.679499,0.664395,0.658504,0.670286,1.0,1.0,1.0,12521.294907,11728.195326,13314.394487,20629.812889,18814.101321,22445.524457,5253.040629,5246.905603,5259.175655,3648.352569,2970.916805,4325.788333,3600.062698,3404.878324,3795.247071,1.0,1.0,1.0,790.333627,780.725588,799.941665,68.183536,67.811897,68.555175,102.933458,102.903903,102.963013,574.601169,564.391186,584.811151,44.615464,44.361058,44.869869,42.227536,41.919357,42.535715,5.343077,5.273789,5.412365,25.863333,25.612018,26.114649,11.978988,11.421248,12.536729,85503.248558,81479.378777,89527.11834
etaroa,200,5.0,3,0.929028,0.915292,0.942764,38.052978,37.490353,38.615602,1461.255559,1440.037421,1482.473697,3625.320461,3539.242816,3711.398107,0.070972,0.057236,0.084708,0.996914,0.995416,0.998412,0.393792,0.381848,0.405736,0.393516,0.381745,0.405287,1.0,1.0,1.0,9986.031253,8722.884126,11249.178381,17850.519556,17034.858853,18666.180258,5252.123196,5248.14044,5256.105951,2192.721804,1506.472204,2878.971405,2531.916916,1942.020157,3121.813674,1.0,1.0,1.0,602.977087,578.117349,627.836824,70.93484,69.915727,71.953953,103.887401,103.828526,103.946276,378.656091,354.243852,403.06833,49.498755,48.885193,50.112317,26.978784,25.401519,28.556049,4.473938,4.385045,4.562832,17.073333,15.858016,18.28865,37.874495,35.759594,39.989395,27045.7178,25544.605582,28546.830017
no_raw,400,5.0,3,0.059271,0.055877,0.062665,4.855467,4.577435,5.133498,2519.675773,2387.790003,2651.561543,4787.259952,4752.407646,4822.112258,0.940729,0.937335,0.944123,0.985496,0.968668,1.002324,0.977907,0.974332,0.981481,0.86159,0.858873,0.864307,1.0,1.0,1.0,3489.86329,1053.914988,5925.811592,42515.511111,-118812.67612,203843.698343,1755.471697,1734.350568,1776.592825,484.480433,361.484985,607.475881,1249.91116,-1285.538518,3785.360838,0.150833,0.147248,0.154419,2511.759923,2511.712569,2511.807277,48.444676,48.393948,48.495404,101.411317,101.396023,101.42661,2361.90393,2361.896045,2361.911815,0.0,0.0,0.0,40.023208,39.902189,40.144227,1.593433,1.588619,1.598246,53.738333,52.448534,55.028132,0.579928,0.546726,0.61313,1766358.691479,1665728.701663,1866988.681295
static,400,5.0,3,0.323299,0.313498,0.333099,26.484622,25.681735,27.287509,3335.797611,3280.895496,3390.699726,8899.42115,8789.638592,9009.203709,0.676701,0.666901,0.686502,0.685323,0.679602,0.691044,0.505031,0.494308,0.515754,0.504305,0.493402,0.515209,1.0,1.0,1.0,17031.482043,14993.103211,19069.860876,32354.032444,30964.051658,33744.013231,10251.333909,10249.465108,10253.20271,3112.666922,2143.939231,4081.394613,3661.44621,2599.24198,4723.65044,1.0,1.0,1.0,640.12207,603.550327,676.693814,35.597836,35.369628,35.826044,102.797066,102.704899,102.889234,454.005189,416.478238,491.53214,47.721979,46.783375,48.660583,15.283528,15.042537,15.524519,2.388333,2.263684,2.512983,10.698333,10.237041,11.159625,12.417618,11.493963,13.341272,82513.657652,76268.752391,88758.562913
adaptive,400,5.0,3,0.379861,0.368339,0.391383,31.118222,30.17434,32.062104,2937.302646,2739.234118,3135.371173,7274.750372,6709.733458,7839.767285,0.620139,0.608617,0.631661,0.77225,0.744937,0.799562,0.511862,0.505043,0.518682,0.51137,0.50503,0.51771,1.0,1.0,1.0,26002.707301,24832.858197,27172.556405,45819.818222,44363.212546,47276.423899,10251.756327,10251.410729,10252.101925,7338.299336,6584.468216,8092.130455,8401.240937,7976.43402,8826.047854,1.0,1.0,1.0,818.755684,796.710499,840.80087,40.979316,40.784738,41.173894,102.974104,102.924447,103.02376,631.534905,608.804435,654.265375,43.26736,42.69929,43.835429,16.81642,16.454211,17.178629,2.053935,2.038328,2.069542,11.619167,11.257157,11.981176,11.403917,10.750424,12.057411,89825.484538,84691.049444,94959.919631
cluster_csv,400,5.0,3,0.386181,0.385201,0.38716,31.635911,31.55565,31.716172,3045.690347,2935.394073,3155.986621,7687.363624,7095.119098,8279.60815,0.613819,0.61284,0.614799,0.755514,0.736639,0.77439,0.501882,0.500313,0.503452,0.501644,0.499881,0.503407,1.0,1.0,1.0,23368.336954,23132.568036,23604.105872,40637.857778,39179.804928,42095.910628,10251.401648,10249.283932,10253.519364,6102.626391,5948.551033,6256.701749,7010.133724,6822.782731,7197.484718,1.0,1.0,1.0,773.368822,769.02986,777.707784,40.461592,40.231921,40.691263,102.937997,102.904522,102.971471,585.550536,581.059185,590.041886,44.418698,44.30643,44.530966,16.374872,16.008047,16.741697,2.117354,2.066868,2.16784,11.275,11.168869,11.381131,12.272049,12.17244,12.371657,83442.244514,82763.692903,84120.796125
cluster_adaptive,400,5.0,3,0.388924,0.375207,0.40264,31.860622,30.736972,32.984272,2963.121548,2852.617926,3073.625171,7346.612578,6762.619051,7930.606105,0.611076,0.59736,0.624793,0.781795,0.753365,0.810225,0.509654,0.503617,0.515691,0.509063,0.503898,0.514228,1.0,1.0,1.0,21520.769557,20062.210774,22979.328339,39321.139111,38521.602557,40120.675665,10251.856212,10251.650638,10252.061786,5225.45617,4367.084757,6083.827583,6034.319397,5450.861019,6617.777774,1.0,1.0,1.0,734.944064,709.331627,760.556501,41.848368,41.245014,42.451722,102.956798,102.92161,102.991985,544.703016,517.906813,571.499218,45.435882,44.767233,46.104532,17.395156,17.068861,17.721451,2.367152,2.279621,2.454683,11.949167,11.603008,12.295325,13.008621,12.116918,13.900324,78757.350771,73310.987214,84203.714327
laca,400,5.0,3,0.348125,0.345243,0.351007,28.5184,28.28233,28.75447,3618.48602,3450.846383,3786.125656,8887.860125,8461.468285,9314.251966,0.651875,0.648993,0.654757,0.758806,0.727831,0.78978,0.49555,0.489532,0.501568,0.495151,0.489445,0.500856,0.988293,0.983934,0.992652,22245.719051,21874.133056,22617.305046,37124.103556,36427.37787,37820.829241,10251.712044,10251.011161,10252.412928,5682.91504,5446.99023,5918.83985,6306.049513,6176.72722,6435.371806,1.0,1.0,1.0,752.47995,745.581742,759.378158,36.606784,36.500487,36.713081,102.854871,102.837147,102.872595,568.153287,561.153962,575.152612,44.865008,44.689779,45.040236,14.531636,14.222369,14.840903,1.931143,1.907479,1.954807,10.269167,10.034767,10.503566,11.369952,11.176628,11.563276,90064.761799,88531.994834,91597.528763
chang2019,400,5.0,3,0.16934,0.165246,0.173435,13.872356,13.536936,14.207775,2463.126101,2320.098065,2606.154138,5534.225837,5220.715938,5847.735735,0.83066,0.826565,0.834754,0.706531,0.658536,0.754525,0.698566,0.696312,0.700819,0.682597,0.67969,0.685503,1.0,1.0,1.0,33195.318599,32025.236539,34365.400658,51720.381778,47098.432093,56342.331463,10250.988459,10249.621923,10252.354994,12993.565481,11889.830563,14097.300399,9923.46426,9422.647936,10424.280584,1.0,1.0,1.0,1319.428279,1298.965655,1339.890904,42.9693,42.827058,43.111542,102.556892,102.523507,102.590277,1143.434377,1122.616596,1164.252159,30.46771,29.94664,30.98878,29.187484,29.059134,29.315834,2.212185,2.17869,2.24568,18.6475,18.576958,18.718042,3.154198,3.084935,3.223462,324663.673919,317498.073542,331829.274297
etaroa,400,5.0,3,0.382361,0.37425,0.390472,31.323022,30.658577,31.987467,2956.771453,2762.373907,3151.168998,7321.039658,6637.329894,8004.749422,0.617639,0.609528,0.62575,0.772591,0.756311,0.788872,0.512704,0.507413,0.517995,0.512238,0.506761,0.517714,1.0,1.0,1.0,25793.4353,23835.879558,27750.991042,46509.183111,42099.751679,50918.614543,10251.514214,10249.669611,10253.358818,7145.816362,6023.230647,8268.402078,8387.643847,7522.607989,9252.679704,1.0,1.0,1.0,815.816722,779.246258,852.387187,41.184464,41.115447,41.253481,102.976171,102.919214,103.033128,628.308659,590.783875,665.833443,43.347429,42.409074,44.285785,16.8495,16.750375,16.948625,2.06575,1.983609,2.147891,11.620833,11.360842,11.880825,11.52206,10.766829,12.277291,88914.695641,83024.441333,94804.949949
no_raw,600,5.0,3,0.033056,0.030479,0.035632,4.061867,3.745288,4.378445,2398.318352,2315.125456,2481.511248,4797.155336,4743.58782,4850.722853,0.966944,0.964368,0.969521,0.972777,0.931697,1.013856,0.980616,0.978493,0.982739,0.864308,0.862763,0.865852,1.0,1.0,1.0,5770.886574,-260.912515,11802.685663,77915.585333,-79042.328112,234873.498778,1787.081702,1647.466497,1926.696907,488.398878,379.327057,597.470699,3493.260453,-2561.4011,9547.922006,0.102222,0.09266,0.111784,2497.134956,2497.059816,2497.210095,32.052395,31.959462,32.145328,101.331528,101.31426,101.348796,2363.751033,2363.743327,2363.75874,0.0,0.0,0.0,26.497528,26.413286,26.58177,1.061117,1.057749,1.064485,40.108333,38.992016,41.224651,0.325322,0.299973,0.350671,3149683.150731,2908062.815707,3391303.485756
static,600,5.0,3,0.211806,0.207451,0.21616,26.026667,25.491611,26.561723,3711.104287,3658.60657,3763.602005,9284.873016,8992.323969,9577.422062,0.788194,0.78384,0.792549,0.680095,0.654624,0.705566,0.515287,0.508295,0.52228,0.514619,0.507708,0.52153,1.0,1.0,1.0,33929.52799,32085.263403,35773.792578,71651.725333,67305.891424,75997.559243,15250.640987,15241.13727,15260.144704,7594.813003,7346.062052,7843.563954,11073.973794,9453.116293,12694.831295,1.0,1.0,1.0,918.309184,884.188239,952.430128,26.593291,26.417765,26.768816,102.686429,102.629388,102.74347,748.647642,713.530423,783.76486,40.381822,39.503919,41.259726,11.899237,11.600536,12.197939,1.296089,1.217319,1.374859,8.912222,8.834281,8.990163,5.668848,5.536019,5.801677,180647.090788,176404.673813,184889.507762
adaptive,600,5.0,3,0.208935,0.203744,0.214126,25.673956,25.036083,26.311828,3660.002417,3570.670424,3749.33441,9429.881176,9122.909115,9736.853237,0.791065,0.785874,0.796256,0.661607,0.652315,0.670899,0.526022,0.523062,0.528982,0.525448,0.522365,0.528531,1.0,1.0,1.0,41841.898531,40835.836491,42847.960571,72156.012,67008.817045,77303.206955,15249.807279,15240.397264,15259.217293,12469.527779,11922.386579,13016.66898,14110.931122,13213.708795,15008.15345,1.0,1.0,1.0,1072.190828,1053.730468,1090.651189,26.627149,26.605344,26.648954,102.68004,102.653757,102.706322,906.446839,887.55148,925.342199,36.4368,35.964199,36.9094,12.141371,11.989485,12.293256,1.132441,1.102364,1.162517,9.05,8.945006,9.154994,4.789352,4.608408,4.970297,213840.8013,205706.915571,221974.687028
cluster_csv,600,5.0,3,0.212338,0.210698,0.213978,26.092089,25.890599,26.293579,3929.776614,3882.713101,3976.840127,10730.712171,10492.489385,10968.934957,0.787662,0.786022,0.789302,0.608122,0.595689,0.620555,0.515755,0.512349,0.519161,0.515062,0.511356,0.518767,1.0,1.0,1.0,38795.420885,37686.607126,39904.234645,66011.112444,60555.637713,71466.587176,15250.161919,15243.024939,15257.2989,10839.34168,10060.326799,11618.356561,12697.391262,11891.630597,13503.151927,1.0,1.0,1.0,1015.859086,994.739894,1036.978279,26.278187,26.175379,26.380995,102.683086,102.630661,102.73551,849.024511,827.391743,870.657279,37.873303,37.332342,38.414263,11.810544,11.561198,12.05989,1.162617,1.157055,1.168179,8.905556,8.694049,9.117062,5.137278,4.991286,5.28327,199344.701154,193695.359747,204994.042561
cluster_adaptive,600,5.0,3,0.214931,0.21397,0.215891,26.410667,26.292632,26.528702,3684.495664,3518.430011,3850.561316,9605.08981,9255.038819,9955.140801,0.785069,0.784109,0.78603,0.670209,0.624478,0.715939,0.525301,0.524717,0.525885,0.524659,0.524359,0.524959,1.0,1.0,1.0,34339.151065,34112.608315,34565.693816,65618.154667,60915.154201,70321.155133,15250.299156,15240.620553,15259.97776,8666.067199,8435.795221,8896.339177,10415.633619,10230.429836,10600.837402,1.0,1.0,1.0,930.741308,925.991396,935.491219,27.20836,26.868288,27.548432,102.65236,102.647855,102.656865,760.804111,755.991761,765.616461,40.076477,39.956016,40.196938,12.385971,12.133113,12.638828,1.330758,1.307233,1.354284,9.113889,8.919576,9.308202,5.675204,5.638285,5.712124,180434.855978,179259.653187,181610.058769
laca,600,5.0,3,0.194352,0.191856,0.196848,23.881956,23.575231,24.18868,4568.136117,4487.265483,4649.006751,12115.421375,11736.86242,12493.980331,0.805648,0.803152,0.808144,0.682476,0.666822,0.698131,0.509552,0.507271,0.511833,0.508872,0.506148,0.511596,0.980551,0.976544,0.984558,37074.64045,35827.906328,38321.374573,60271.864,58875.730338,61667.997662,15250.621859,15241.813176,15259.430541,10425.475684,9849.882012,11001.069355,11386.534941,10721.730976,12051.338906,1.0,1.0,1.0,983.013931,959.967803,1006.060058,24.321344,24.249952,24.392736,102.639054,102.604533,102.673574,817.383412,793.714239,841.052584,38.670121,38.07832,39.261923,10.753589,10.677125,10.830054,1.094025,1.060593,1.127458,8.335556,8.251886,8.419225,4.85934,4.691378,5.027303,210755.492651,203441.053738,218069.931565
chang2019,600,5.0,3,0.099514,0.089826,0.109201,12.228267,11.037871,13.418663,3225.891559,3142.135729,3309.647389,8373.677099,6418.658767,10328.695432,0.900486,0.890799,0.910174,0.626791,0.5369,0.716682,0.659105,0.635983,0.682227,0.645606,0.631813,0.6594,1.0,1.0,1.0,43538.90292,25606.754107,61471.051733,67778.959111,51167.950432,84389.967791,15250.530132,15242.242897,15258.817367,14700.245382,2191.797752,27208.693012,13572.396552,8135.264045,19009.529058,1.0,1.0,1.0,1450.080219,1219.593022,1680.567416,27.715091,27.534393,27.895788,102.398524,102.279758,102.51729,1293.19937,1056.738441,1529.660298,26.767235,20.855255,32.679214,18.53304,18.251788,18.814292,1.281741,1.067811,1.495672,12.598889,12.425561,12.772217,1.688349,1.578566,1.798133,606788.581989,567055.885391,646521.278588
etaroa,600,5.0,3,0.207616,0.2043,0.210931,25.511822,25.104406,25.919239,3707.146545,3654.640083,3759.653006,9588.727658,9362.74391,9814.711406,0.792384,0.789069,0.7957,0.664773,0.629371,0.700175,0.526945,0.526357,0.527532,0.526261,0.525233,0.527289,1.0,1.0,1.0,41945.344549,39679.808643,44210.880455,72320.184889,67589.821025,77050.548753,15250.49838,15239.537875,15261.458885,12634.970938,11417.651159,13852.290716,14044.074947,12997.500556,15090.649339,1.0,1.0,1.0,1073.96409,1031.477673,1116.450506,26.660917,26.527772,26.794063,102.694435,102.638992,102.749877,908.216386,864.570465,951.862307,36.392351,35.301117,37.483586,12.147568,11.931313,12.363823,1.131285,1.082556,1.180015,9.118889,8.936031,9.301747,4.75207,4.492359,5.011781,215555.363106,203644.699341,227466.026871
no_raw,800,5.0,3,0.02158,0.020718,0.022441,3.535644,3.39449,3.676799,2418.433941,2319.955632,2516.912251,4892.769539,4817.461353,4968.077725,0.97842,0.977559,0.979282,0.979115,0.955919,1.002311,0.981692,0.981414,0.981969,0.866813,0.865676,0.867951,1.0,1.0,1.0,3994.85003,-782.087983,8771.788042,36660.032444,-81997.192133,155317.257022,1734.246365,1678.592573,1789.900158,495.314439,358.173869,632.455009,1761.842573,-2930.131621,6453.816768,0.07375,0.070645,0.076855,2489.877656,2489.816085,2489.939227,23.917688,23.843126,23.99225,101.292483,101.284995,101.299972,2364.667484,2364.661392,2364.673577,0.0,0.0,0.0,19.76731,19.709629,19.824991,0.793907,0.791601,0.796213,32.07375,31.469955,32.677545,0.213001,0.204502,0.2215,4808319.157436,4615349.594245,5001288.720627
static,800,5.0,3,0.139583,0.137376,0.141791,22.869333,22.507694,23.230973,3573.202549,3491.463262,3654.941836,8902.248986,8845.234111,8959.263861,0.860417,0.858209,0.862624,0.650719,0.621231,0.680207,0.515207,0.505335,0.52508,0.514075,0.504443,0.523707,1.0,1.0,1.0,54931.137681,50672.219839,59190.055523,119984.619556,119948.872078,120020.367033,17376.212477,16076.122875,18676.302079,11200.414046,9254.398712,13146.42938,26339.654846,25264.92507,27414.384622,0.85625,0.791036,0.921464,1473.772406,1454.839824,1492.704988,19.51592,19.343122,19.688718,102.610112,102.560595,102.659629,1325.669832,1306.216199,1345.123464,25.976542,25.490322,26.462763,9.016108,8.791072,9.241144,0.611777,0.596024,0.627531,7.460833,7.398699,7.522968,2.327687,2.274415,2.380959,439946.470881,429910.535611,449982.406151
adaptive,800,5.0,3,0.133976,0.13184,0.136111,21.950578,21.600729,22.300426,4443.64844,4141.541572,4745.755309,13054.001002,11517.13236,14590.869643,0.866024,0.863889,0.86816,0.58842,0.568559,0.60828,0.519874,0.514297,0.525451,0.519009,0.512846,0.525172,1.0,1.0,1.0,56277.59373,55082.572753,57472.614707,94035.678222,93856.30411,94215.052335,20251.164259,20245.316278,20257.012241,17306.184895,16708.783342,17903.586448,18701.886919,18120.560263,19283.213576,1.0,1.0,1.0,1321.506389,1298.759206,1344.253572,19.262516,19.096734,19.428298,102.553922,102.511927,102.595918,1169.815903,1146.368266,1193.26354,29.874048,29.287956,30.460139,9.063944,8.811156,9.316732,0.685934,0.655691,0.716177,7.411667,7.380252,7.443081,2.491556,2.46989,2.513223,410991.466131,407424.069726,414558.862536
cluster_csv,800,5.0,3,0.139705,0.136811,0.142599,22.889244,22.415047,23.363442,4737.159986,4565.90475,4908.415222,15465.478264,12479.831989,18451.12454,0.860295,0.857401,0.863189,0.489174,0.453045,0.525302,0.510205,0.507364,0.513046,0.509402,0.507278,0.511526,1.0,1.0,1.0,55470.983466,53701.101488,57240.865443,93651.246667,91056.062921,96246.430413,20250.822136,20242.901706,20258.742565,15916.245415,15365.077364,16467.413466,19290.526937,18100.281242,20480.772632,1.0,1.0,1.0,1307.345978,1274.076067,1340.615888,19.120516,19.033626,19.207406,102.572,102.535035,102.608964,1155.419249,1121.241831,1189.596667,30.234213,29.379747,31.088678,8.755622,8.684383,8.826861,0.669763,0.65516,0.684367,7.22875,7.047914,7.409586,2.626474,2.52419,2.728757,389940.61582,374667.25527,405213.976371
cluster_adaptive,800,5.0,3,0.134427,0.130615,0.138239,22.024533,21.399952,22.649115,4637.438488,4458.324973,4816.552003,13650.691282,13187.368158,14114.014407,0.865573,0.861761,0.869385,0.573519,0.554078,0.59296,0.523469,0.517265,0.529672,0.522585,0.515939,0.529231,1.0,1.0,1.0,50477.436646,49530.946652,51423.926639,94906.053778,91804.30347,98007.804085,20250.610932,20246.262636,20254.959227,13065.69233,12496.224607,13635.160053,17148.185397,16651.296468,17645.074325,1.0,1.0,1.0,1211.946256,1194.903811,1228.9887,19.483954,19.31816,19.649748,102.555292,102.530723,102.579861,1057.218657,1039.617851,1074.819463,32.688353,32.248552,33.128154,9.338794,8.903708,9.77388,0.770625,0.724925,0.816326,7.52125,7.319063,7.723437,2.725871,2.686004,2.765739,375668.384074,370158.611407,381178.156741
laca,800,5.0,3,0.130851,0.124858,0.136844,21.438578,20.456656,22.420499,5159.359719,5134.345832,5184.373606,14965.120121,14145.972804,15784.267437,0.869149,0.863156,0.875142,0.637243,0.623746,0.650739,0.504137,0.496262,0.512013,0.503257,0.494942,0.511572,0.97787,0.966601,0.989139,51323.769794,49939.031456,52708.508133,81474.704444,80215.56557,82733.843318,20250.633747,20246.052777,20255.214718,14835.826814,14068.28968,15603.363948,16222.536926,15612.360119,16832.713733,1.0,1.0,1.0,1228.37195,1202.179444,1254.564455,18.103002,18.051697,18.154307,102.523183,102.491342,102.555023,1075.510616,1048.634176,1102.387056,32.235149,31.563103,32.907194,8.279368,8.03885,8.519886,0.674082,0.641534,0.70663,6.958333,6.796841,7.119825,2.617831,2.535645,2.700018,391204.991351,378966.650429,403443.332272
chang2019,800,5.0,3,0.071354,0.055589,0.087119,11.690667,9.107783,14.273551,4053.229216,3824.335888,4282.122545,11510.19537,9356.914604,13663.476136,0.928646,0.912881,0.944411,0.60993,0.386549,0.833311,0.60933,0.579751,0.638909,0.602255,0.57727,0.62724,1.0,1.0,1.0,59396.737282,34537.951736,84255.522829,92977.452444,73557.852191,112397.052698,20250.798217,20245.080178,20256.516256,20403.314825,2390.824837,38415.804813,18708.321163,11915.732573,25500.909754,1.0,1.0,1.0,1668.444006,1345.087366,1991.800645,20.009278,19.86876,20.149796,102.369922,102.272183,102.46766,1525.072771,1193.381341,1856.764201,20.992036,12.69935,29.284721,12.866796,12.137245,13.596347,0.775071,0.589456,0.960686,9.4875,9.344549,9.630451,1.050508,1.010011,1.091006,974923.965741,937050.661231,1012797.270251
etaroa,800,5.0,3,0.13184,0.12711,0.13657,21.600711,20.825738,22.375685,4483.273853,4330.88573,4635.661975,12932.095963,12051.653508,13812.538419,0.86816,0.86343,0.87289,0.598673,0.582324,0.615022,0.522283,0.51378,0.530786,0.521276,0.512214,0.530337,1.0,1.0,1.0,55708.181086,53521.918314,57894.443859,94540.940889,94325.029125,94756.852653,20250.545972,20245.696935,20255.395008,16806.947421,14914.782398,18699.112445,18631.632589,18022.266113,19240.999065,1.0,1.0,1.0,1310.616935,1269.246639,1351.987232,19.29736,19.214605,19.380115,102.554356,102.532138,102.576574,1158.611154,1116.1834,1201.038907,30.154066,29.093328,31.214805,9.1947,8.947133,9.442267,0.701686,0.662062,0.741309,7.4975,7.384803,7.610197,2.472254,2.407279,2.53723,414227.86793,403311.634666,425144.101195
no_raw,1000,5.0,3,0.016097,0.015491,0.016704,3.296711,3.172492,3.42093,2365.858645,2126.902348,2604.814942,4804.147781,4721.111937,4887.183624,0.983903,0.983296,0.984509,0.983461,0.974043,0.99288,0.982533,0.981806,0.98326,0.870936,0.870183,0.871689,1.0,1.0,1.0,3051.265289,2355.173953,3747.356624,14222.504889,-25934.391206,54379.400983,1750.130533,1727.967508,1772.293559,504.138415,288.789018,719.487811,796.996341,105.118427,1488.874254,0.06,0.06,0.06,2485.574264,2485.543407,2485.60512,19.094802,19.055778,19.133825,101.2683,101.262193,101.274407,2365.211162,2365.20857,2365.213754,0.0,0.0,0.0,15.768698,15.742314,15.795082,0.634409,0.633352,0.635465,26.361333,25.850378,26.872288,0.159161,0.153165,0.165156,6434734.694204,6194178.951508,6675290.436899
static,1000,5.0,3,0.106903,0.101806,0.112,21.893689,20.849869,22.937509,3498.248486,3432.192439,3564.304532,8824.491839,8146.419665,9502.564014,0.893097,0.888,0.898194,0.662439,0.653717,0.67116,0.529002,0.519235,0.538769,0.527629,0.517802,0.537455,1.0,1.0,1.0,32757.443966,32423.247478,33091.640454,117298.487556,114418.260216,120178.714895,12433.210102,12098.018071,12768.402132,5410.89821,5119.458797,5702.337623,14904.538754,14730.779673,15078.297835,0.487333,0.473651,0.501016,1710.720294,1688.492786,1732.947801,15.68763,15.583337,15.791924,102.29631,102.269083,102.323537,1572.928103,1550.048051,1595.808155,19.80825,19.236351,20.38015,7.461616,7.261556,7.661676,0.436191,0.419225,0.453156,6.534,6.394368,6.673632,1.535724,1.471127,1.600321,666915.02663,638625.294456,695204.758803
adaptive,1000,5.0,3,0.096472,0.093349,0.099595,19.757511,19.11788,20.397142,4915.444869,4540.285637,5290.6041,15236.552331,14883.533872,15589.57079,0.903528,0.900405,0.906651,0.562006,0.532967,0.591044,0.503094,0.500878,0.505309,0.50232,0.499916,0.504724,1.0,1.0,1.0,69468.355659,67061.357317,71875.354,115150.896,112024.706539,118277.085461,25249.630057,25248.456567,25250.803548,21030.404736,19673.77353,22387.035942,23176.627682,21954.752709,24398.502655,1.0,1.0,1.0,1556.919301,1511.431333,1602.407269,14.82427,14.726944,14.921597,102.479012,102.458142,102.499882,1415.880657,1369.151752,1462.609563,23.735361,22.567236,24.903487,6.861253,6.788866,6.933639,0.440742,0.424989,0.456496,6.175,6.0845,6.2655,1.523022,1.443915,1.60213,672544.001918,637479.923291,707608.080545
cluster_csv,1000,5.0,3,0.099764,0.096082,0.103446,20.431644,19.677539,21.18575,5218.115267,5035.109483,5401.121051,16863.51276,16265.045373,17461.980148,0.900236,0.896554,0.903918,0.515099,0.494927,0.535272,0.493799,0.489535,0.498062,0.492873,0.488157,0.49759,1.0,1.0,1.0,69644.324098,68379.685154,70908.963042,111987.475556,107538.834913,116436.116198,25249.723259,25248.354537,25251.09198,20997.554832,20645.763847,21349.345816,23386.364232,22456.539395,24316.18907,1.0,1.0,1.0,1561.543158,1538.249214,1584.837102,14.718016,14.605664,14.830368,102.4909,102.443708,102.538093,1420.719656,1396.766375,1444.672937,23.614586,23.015674,24.213498,6.638579,6.476057,6.801102,0.425141,0.41247,0.437813,6.069333,5.892189,6.246478,1.570178,1.501213,1.639143,652289.935903,623929.442829,680650.428978
cluster_adaptive,1000,5.0,3,0.096,0.090884,0.101116,19.6608,18.612969,20.708631,5365.640303,5244.176761,5487.103846,16969.712577,16353.000296,17586.424858,0.904,0.898884,0.909116,0.579778,0.55818,0.601376,0.503675,0.498362,0.508988,0.503085,0.497576,0.508595,1.0,1.0,1.0,63836.400707,62279.952003,65392.84941,112655.388,110092.42064,115218.35536,25249.011207,25247.319455,25250.70296,17626.53404,17017.156501,18235.911579,20952.792393,19998.404364,21907.180422,1.0,1.0,1.0,1451.09859,1421.326082,1480.871097,14.883923,14.838328,14.929518,102.461765,102.450235,102.473294,1307.303128,1276.756695,1337.849562,26.449773,25.686081,27.213465,7.010938,6.829194,7.192681,0.483148,0.474687,0.49161,6.198667,6.049579,6.347755,1.626134,1.505756,1.746512,630080.903206,584225.963666,675935.842747
laca,1000,5.0,3,0.097,0.094575,0.099425,19.8656,19.368875,20.362325,5350.522258,5134.630358,5566.414158,16816.193284,15954.752316,17677.634251,0.903,0.900575,0.905425,0.623096,0.614374,0.631817,0.492145,0.491249,0.493042,0.49147,0.490411,0.49253,0.979877,0.969256,0.990497,65327.71784,63675.940243,66979.495436,102602.971556,98953.249562,106252.693549,25249.909694,25249.059931,25250.759457,19022.443811,18274.676169,19770.211454,21046.019876,19994.876769,22097.162983,1.0,1.0,1.0,1479.370469,1448.509039,1510.2319,14.333016,14.292662,14.37337,102.462049,102.417699,102.506399,1336.863102,1305.226613,1368.499591,25.712302,24.921145,26.503458,6.407619,6.253473,6.561765,0.433141,0.422872,0.44341,5.922,5.735608,6.108392,1.611571,1.538974,1.684167,635545.4633,606677.799764,664413.126836
chang2019,1000,5.0,3,0.057486,0.050822,0.06415,11.773156,10.408394,13.137917,4993.783397,4821.885161,5165.681633,14208.915455,11390.118758,17027.712151,0.942514,0.93585,0.949178,0.718355,0.614333,0.822376,0.569514,0.549943,0.589085,0.563759,0.544189,0.58333,1.0,1.0,1.0,68300.149707,55454.673457,81145.625956,109821.350222,99702.068246,119940.632198,25250.020744,25249.823617,25250.217871,21291.25876,13736.492522,28846.024999,21730.44116,16484.588772,26976.293548,1.0,1.0,1.0,1796.852194,1639.487126,1954.217263,15.38499,15.079017,15.690963,102.328454,102.235053,102.421856,1661.545349,1499.928422,1823.162276,17.593401,13.553077,21.633724,9.234691,8.676973,9.79241,0.514645,0.439798,0.589492,7.41,7.297874,7.522126,0.786067,0.758068,0.814067,1302865.934398,1256399.466346,1349332.402451
etaroa,1000,5.0,3,0.096736,0.093475,0.099997,19.811556,19.143737,20.479374,4921.778548,4583.674734,5259.882362,15150.313978,13616.449111,16684.178845,0.903264,0.900003,0.906525,0.55811,0.548613,0.567608,0.503858,0.503274,0.504442,0.502632,0.501783,0.503481,1.0,1.0,1.0,70259.723489,68233.967872,72285.479107,117705.064444,115021.748116,120388.380773,25249.49261,25247.113772,25251.871448,21329.227968,19941.350429,22717.105508,23665.19551,22573.717602,24756.673419,1.0,1.0,1.0,1572.048831,1534.105477,1609.992184,14.851938,14.741203,14.962672,102.478795,102.440456,102.517133,1431.370047,1392.37758,1470.362514,23.348052,22.373254,24.322849,6.85584,6.785783,6.925897,0.436147,0.421282,0.451013,6.164,6.046867,6.281133,1.512513,1.425058,1.599969,677263.485723,638075.741199,716451.230248
