policy,num_stas,n_seeds,pdr_mean,pdr_ci_lo,pdr_ci_hi,tput_kbps_mean,tput_kbps_ci_lo,tput_kbps_ci_hi,avg_delay_ms_mean,avg_delay_ms_ci_lo,avg_delay_ms_ci_hi,p95_delay_ms_mean,p95_delay_ms_ci_lo,p95_delay_ms_ci_hi,drop_rate_mean,drop_rate_ci_lo,drop_rate_ci_hi,fairness_mean,fairness_ci_lo,fairness_ci_hi,col_rate_mean,col_rate_ci_lo,col_rate_ci_hi,retry_rate_mean,retry_rate_ci_lo,retry_rate_ci_hi,raw_fit_pass_mean,raw_fit_pass_ci_lo,raw_fit_pass_ci_hi,assoc_mean_ms_mean,assoc_mean_ms_ci_lo,assoc_mean_ms_ci_hi,assoc_max_ms_mean,assoc_max_ms_ci_lo,assoc_max_ms_ci_hi,assoc_scan_ms_mean,assoc_scan_ms_ci_lo,assoc_scan_ms_ci_hi,assoc_auth_ms_mean,assoc_auth_ms_ci_lo,assoc_auth_ms_ci_hi,assoc_req_ms_mean,assoc_req_ms_ci_lo,assoc_req_ms_ci_hi,assoc_frac_mean,assoc_frac_ci_lo,assoc_frac_ci_hi,e_total_mj_mean,e_total_mj_ci_lo,e_total_mj_ci_hi,e_tx_mj_mean,e_tx_mj_ci_lo,e_tx_mj_ci_hi,e_rx_mj_mean,e_rx_mj_ci_lo,e_rx_mj_ci_hi,e_idle_mj_mean,e_idle_mj_ci_lo,e_idle_mj_ci_hi,e_sleep_mj_mean,e_sleep_mj_ci_lo,e_sleep_mj_ci_hi,e_retx_mj_mean,e_retx_mj_ci_lo,e_retx_mj_ci_hi,retx_energy_pct_mean,retx_energy_pct_ci_lo,retx_energy_pct_ci_hi,avg_tx_retries_mean,avg_tx_retries_ci_lo,avg_tx_retries_ci_hi,ee_kbit_j_mean,ee_kbit_j_ci_lo,ee_kbit_j_ci_hi,e_per_pkt_uj_mean,e_per_pkt_uj_ci_lo,e_per_pkt_uj_ci_hi
no_raw,100,3,0.964375,0.953605,0.975144,20.266667,19.281166,21.252167,139.702474,108.357066,171.047882,375.003986,-561.449439,1311.457412,0.035625,0.024856,0.046395,0.962119,0.948405,0.975834,0.189714,0.173401,0.206026,0.189625,0.172994,0.206257,1.0,1.0,1.0,5714.834397,5445.29682,5984.371975,9116.254107,8380.923219,9851.584995,2747.544289,2715.233747,2779.85483,1406.17317,1092.756624,1719.589716,1558.867077,1440.756836,1676.977317,1.0,1.0,1.0,2516.929429,2514.60775,2519.251108,52.27616,49.679314,54.873006,104.014937,103.968259,104.061614,2360.638332,2360.343194,2360.933471,0.0,0.0,0.0,7.259072,5.880527,8.637617,0.288407,0.233779,0.343035,6.12,5.612684,6.627316,9.662527,9.200516,10.124539,106002.432887,100964.476664,111040.389109
static,100,3,0.48625,0.440098,0.532402,10.441956,9.695337,11.188574,2882.646465,2811.48927,2953.803661,7862.698323,7493.737958,8231.658688,0.51375,0.467598,0.559902,0.782696,0.771709,0.793682,0.461456,0.434277,0.488635,0.461063,0.432785,0.489341,1.0,1.0,1.0,3419.066476,3222.858648,3615.274303,5818.917333,5516.372895,6121.461772,2747.525076,2722.892873,2772.157278,316.045671,231.160814,400.930528,355.495729,266.346893,444.644565,1.0,1.0,1.0,470.103948,466.968462,473.239435,47.167456,46.719408,47.615504,103.003223,102.910498,103.095949,267.584575,264.689107,270.480043,52.348694,52.275509,52.421878,17.496,16.277057,18.714943,3.721568,3.485929,3.957207,11.613333,10.869552,12.357115,26.655919,24.569538,28.742299,38440.501987,35481.208374,41399.795599
adaptive,100,3,0.969485,0.954743,0.984227,20.534044,19.51154,21.556549,447.564175,374.116527,521.011823,1750.386575,660.271977,2840.501174,0.030515,0.015773,0.045257,0.964452,0.950471,0.978433,0.154224,0.138768,0.169681,0.154224,0.138768,0.169681,1.0,1.0,1.0,4741.859702,3896.665314,5587.054091,7806.686222,6817.361129,8796.011315,2748.034991,2724.494531,2771.575451,942.423436,485.386261,1399.46061,1051.401276,641.180415,1461.622136,1.0,1.0,1.0,367.744403,348.451931,387.036875,50.422864,48.687113,52.158615,103.998332,103.892695,104.103968,158.258428,138.209632,178.307224,55.06478,54.564105,55.565455,4.55824,4.321587,4.794893,1.239627,1.189,1.290255,4.58,4.166524,4.993476,67.030136,61.617654,72.442618,15287.579028,14041.335869,16533.822186
cluster_csv,100,3,0.971516,0.965209,0.977824,20.670578,20.298324,21.042832,480.955123,455.25806,506.652187,1755.34409,1277.924166,2232.764014,0.028484,0.022176,0.034791,0.960601,0.953451,0.967751,0.15325,0.144033,0.162467,0.15325,0.144033,0.162467,1.0,1.0,1.0,4559.890613,4207.810628,4911.970599,7482.854222,6637.090174,8328.618271,2747.923093,2722.583451,2773.262736,870.329956,713.524953,1027.134958,941.637564,719.623838,1163.651291,1.0,1.0,1.0,395.562421,385.82852,405.296322,50.942224,50.497894,51.386554,103.976673,103.941545,104.011801,186.280566,175.837597,196.723535,54.362958,54.10316,54.622756,4.752112,4.555704,4.94852,1.201337,1.166859,1.235815,4.643333,4.312503,4.974164,62.714392,60.071231,65.357553,16331.142863,15638.668223,17023.617504
cluster_adaptive,100,3,0.971162,0.959617,0.982706,20.997689,19.53532,22.460058,456.009927,404.218087,507.801767,1827.58633,1335.296183,2319.876478,0.028838,0.017294,0.040383,0.964223,0.961899,0.966547,0.152243,0.136063,0.168423,0.151882,0.135006,0.168758,1.0,1.0,1.0,4488.681693,4427.602509,4549.760878,7586.82,6734.277432,8439.362568,2748.14396,2722.298499,2773.989421,809.577409,768.871796,850.283022,927.935431,873.309043,982.56182,1.0,1.0,1.0,366.712001,356.854531,376.569471,51.544688,48.549119,54.540257,104.009508,103.952863,104.066153,156.040791,148.101452,163.98013,55.117014,54.913181,55.320847,4.580432,4.152933,5.007931,1.248887,1.155509,1.342265,4.543333,4.332043,4.754624,68.707678,64.865548,72.549809,14908.763574,14073.699698,15743.827451
laca,100,3,0.973591,0.966288,0.980894,20.448711,20.27605,20.621373,526.674195,466.288397,587.059992,1989.067285,1167.917846,2810.216725,0.026409,0.019106,0.033712,0.961205,0.950515,0.971896,0.152407,0.14049,0.164324,0.152407,0.14049,0.164324,0.998207,0.996751,0.999662,4355.897311,3937.983817,4773.810806,7448.496,6557.92723,8339.06477,2747.774262,2723.241843,2772.306681,764.755262,546.974581,982.535943,843.367787,624.401268,1062.334305,1.0,1.0,1.0,467.39825,459.989073,474.807428,50.379312,50.098445,50.660179,103.945689,103.889114,104.002265,260.565603,253.231397,267.899809,52.507646,52.323371,52.69192,4.603584,4.059357,5.147811,0.984792,0.882013,1.087571,4.52,3.991239,5.048761,52.502194,51.261688,53.7427,19505.128581,19042.10652,19968.150642
chang2019,100,3,0.966078,0.960473,0.971684,20.502756,19.935359,21.070153,481.979616,441.464421,522.494811,1536.900312,1244.072519,1829.728106,0.033922,0.028316,0.039527,0.960303,0.952535,0.96807,0.159287,0.154708,0.163867,0.159198,0.154876,0.16352,0.999238,0.998296,1.000181,4893.760947,4480.46219,5307.059704,8108.445333,7788.172454,8428.718213,2747.582005,2722.553806,2772.610204,1054.254378,728.511764,1379.996992,1089.16467,970.118155,1208.211185,1.0,1.0,1.0,463.837183,441.045807,486.628559,50.821264,49.240333,52.402195,103.980801,103.905603,104.055999,256.42548,234.686063,278.164898,52.609638,52.061333,53.157943,5.074624,4.6705,5.478748,1.093985,1.037354,1.150615,4.866667,4.490445,5.242889,53.049086,51.894044,54.204128,19303.86203,18885.192487,19722.531573
etaroa,100,3,0.969468,0.967013,0.971924,20.502756,20.037649,20.967862,437.629184,414.155601,461.102767,1651.95101,1076.934497,2226.967524,0.030532,0.028076,0.032987,0.962451,0.958653,0.966249,0.153331,0.144651,0.16201,0.152967,0.14485,0.161084,1.0,1.0,1.0,4643.111271,4600.434907,4685.787636,7626.333778,7212.733634,8039.933921,2747.982969,2722.569908,2773.39603,896.807124,843.006527,950.607722,994.024302,944.317466,1043.731138,1.0,1.0,1.0,365.039672,356.30423,373.775114,50.321216,48.819777,51.822655,103.977929,103.855878,104.099981,155.609066,147.83953,163.378603,55.131461,54.934468,55.328453,4.5316,4.040252,5.022948,1.241134,1.135024,1.347244,4.53,4.231879,4.828121,67.399868,66.489214,68.310523,15193.207638,14987.884084,15398.531193
no_raw,200,3,0.28654,0.262145,0.310936,12.276622,11.279936,13.273308,1397.418305,1254.183467,1540.653143,4688.469791,4512.110886,4864.828697,0.71346,0.689064,0.737855,0.925033,0.904767,0.9453,0.845501,0.839159,0.851844,0.791819,0.782763,0.800876,1.0,1.0,1.0,12625.452056,9756.903111,15494.001001,99252.630848,60194.600404,138310.661293,4535.877992,3587.227872,5484.528111,2798.466129,1812.13117,3784.801087,5283.603523,3914.188013,6653.019033,0.856667,0.666516,1.046817,2555.749295,2555.57017,2555.92842,97.087352,96.835704,97.339,102.520582,102.453162,102.588002,2356.141361,2356.133476,2356.149246,0.0,0.0,0.0,74.336904,73.192843,75.480965,2.908615,2.86403,2.953199,43.318333,42.591231,44.045436,2.88212,2.647984,3.116256,355547.895407,326607.622086,384488.168728
static,200,3,0.465007,0.435109,0.494904,19.871289,18.893725,20.848853,2610.485278,2317.838393,2903.132163,7392.360996,6500.17372,8284.548273,0.534993,0.505096,0.564891,0.754487,0.725246,0.783727,0.450195,0.428964,0.471426,0.449731,0.427783,0.47168,1.0,1.0,1.0,6597.262622,6425.307569,6769.217675,12107.507111,11630.696923,12584.317299,5249.61298,5242.373672,5256.852288,646.016858,578.475892,713.557823,701.632784,596.757352,806.508217,1.0,1.0,1.0,499.698496,497.334927,502.062066,43.94936,43.59766,44.30106,102.987676,102.967488,103.007865,301.245218,298.712254,303.778182,51.516242,51.453162,51.579322,15.740144,14.730589,16.749699,3.149931,2.948085,3.351777,10.67,9.987485,11.352515,23.859826,22.711975,25.007676,42927.946892,40884.718753,44971.175032
adaptive,200,3,0.908915,0.893082,0.924747,38.909156,37.00988,40.808431,657.532889,509.56735,805.498428,2868.96026,1904.017235,3833.903285,0.091085,0.075253,0.106918,0.959951,0.954539,0.965363,0.231632,0.2095,0.253765,0.231417,0.209636,0.253199,1.0,1.0,1.0,9783.228982,9670.131358,9896.326607,16527.042222,15549.264035,17504.820409,5248.926891,5244.975975,5252.877807,2133.802587,2103.575324,2164.02985,2394.76926,2260.515734,2529.022786,1.0,1.0,1.0,512.870553,492.539537,533.20157,54.084088,50.070554,58.097622,103.893524,103.824182,103.962866,303.467719,286.733353,320.202085,51.425222,50.995429,51.855016,9.845384,8.080077,11.610691,1.918513,1.649804,2.187223,7.465,6.492294,8.437706,45.518839,44.355817,46.681862,22497.757,21926.322861,23069.191138
cluster_csv,200,3,0.899257,0.883027,0.915488,38.912,36.854101,40.969899,844.024548,787.776124,900.272972,3529.942024,3102.404462,3957.479586,0.100743,0.084512,0.116973,0.958742,0.95213,0.965355,0.247089,0.24554,0.248639,0.246921,0.245838,0.248003,1.0,1.0,1.0,9800.985744,8225.892853,11376.078636,16080.546222,14221.848689,17939.243755,5250.386122,5244.384201,5256.388043,2190.009122,1384.693856,2995.324388,2355.022584,1589.453285,3120.591884,1.0,1.0,1.0,541.256645,523.114696,559.398595,55.51272,52.477417,58.548023,103.895359,103.856232,103.934487,331.118599,309.628669,352.608529,50.729967,50.20076,51.259175,10.809152,10.270333,11.347971,1.997501,1.849221,2.145782,8.053333,7.769984,8.336682,43.147944,39.508492,46.787396,23750.775889,21722.7714,25778.780377
cluster_adaptive,200,3,0.9058,0.893638,0.917961,39.020089,38.566726,39.473452,642.624097,583.508181,701.740014,2813.893975,2346.352466,3281.435484,0.0942,0.082039,0.106362,0.958791,0.950594,0.966988,0.227947,0.21541,0.240484,0.227774,0.215242,0.240305,1.0,1.0,1.0,9729.014064,9251.590871,10206.437257,16852.935556,16031.843009,17674.028102,5249.769876,5242.044634,5257.495117,2067.59526,1820.196484,2314.994036,2404.781524,2098.665942,2710.897107,1.0,1.0,1.0,511.914563,493.240987,530.58814,53.743104,52.335443,55.150765,103.926839,103.875335,103.978342,302.802079,284.488995,321.115162,51.442542,50.982717,51.902367,9.394608,8.553795,10.235421,1.835055,1.701226,1.968884,7.296667,6.89142,7.701913,45.74101,43.96058,47.52144,22390.578469,21518.642312,23262.514626
laca,200,3,0.894847,0.884113,0.905582,38.212267,37.427019,38.997514,943.260378,897.802864,988.717892,3719.314424,3528.895565,3909.733283,0.105153,0.094418,0.115887,0.955088,0.944312,0.965864,0.248177,0.239315,0.257038,0.247834,0.238955,0.256713,0.995788,0.992111,0.999464,9550.632387,8798.456369,10302.808405,15887.228,15597.982857,16176.473143,5249.081695,5239.381598,5258.781793,2047.453483,1679.625303,2415.281663,2245.942618,1862.472599,2629.412636,1.0,1.0,1.0,586.713928,570.012251,603.415605,54.546192,53.753992,55.338392,103.869733,103.78802,103.951445,378.756082,361.401041,396.111123,49.541922,49.108951,49.974892,10.402008,9.691042,11.112974,1.772825,1.67903,1.86662,7.835,7.163424,8.506576,39.083275,37.202014,40.964535,26206.982294,24953.590267,27460.37432
chang2019,200,3,0.62558,0.332222,0.918937,26.530133,14.809122,38.251144,1075.911024,476.832457,1674.989592,4237.949539,3193.020402,5282.878675,0.37442,0.081063,0.667778,0.889184,0.759424,1.018945,0.528487,0.303261,0.753713,0.524763,0.304639,0.744886,0.999668,0.998938,1.000399,12092.793602,11668.872442,12516.714763,18780.436444,15777.246364,21783.626525,5249.703413,5242.924896,5256.481931,3426.431789,3019.023672,3833.839906,3405.793616,3127.031935,3684.555296,1.0,1.0,1.0,740.890135,582.693366,899.086905,69.691696,57.26035,82.123042,103.407061,102.828197,103.985925,521.865533,371.675178,672.055887,45.925846,42.141406,49.710285,34.422624,14.278417,54.566831,4.607796,2.944835,6.270756,21.38,10.16796,32.59204,21.795685,8.305467,35.285902,49357.165831,13808.087893,84906.243768
etaroa,200,3,0.916111,0.902667,0.929554,38.590578,36.616349,40.564806,626.950188,604.439464,649.460912,2684.289365,2458.355217,2910.223513,0.083889,0.070446,0.097333,0.956752,0.941484,0.97202,0.221425,0.209056,0.233794,0.221203,0.209234,0.233172,1.0,1.0,1.0,9843.910536,9298.891711,10388.929361,16874.272889,16264.001576,17484.544202,5249.638485,5242.236583,5257.040388,2151.811158,1822.097666,2481.52465,2437.18093,2208.354056,2666.007804,1.0,1.0,1.0,507.42142,481.174063,533.668777,52.512488,50.667714,54.357262,103.898815,103.837063,103.960567,299.480901,274.283504,324.678299,51.529216,50.894313,52.164119,8.82928,8.538262,9.120298,1.740658,1.616991,1.864325,6.926667,6.727403,7.125931,45.631891,45.057468,46.206313,22440.82939,22159.148043,22722.510736
no_raw,400,3,0.183958,0.145118,0.222799,15.664356,12.347344,18.981367,899.496331,443.020786,1355.971877,4410.037888,3933.48255,4886.593227,0.816042,0.777201,0.854882,0.887351,0.764015,1.010686,0.72782,0.586089,0.869552,0.693777,0.563591,0.823962,1.0,1.0,1.0,20130.792379,1225.136266,39036.448492,89714.366222,-34846.007542,214274.739986,3863.038944,2939.922998,4786.154889,3903.676004,-1096.873864,8904.225873,12332.459609,-916.521433,25581.440652,0.361667,0.268435,0.454898,2510.222807,2507.52658,2512.919033,45.933988,42.241492,49.626484,102.436688,101.571228,103.302148,2361.852131,2361.720683,2361.983578,0.0,0.0,0.0,32.950876,27.272775,38.628977,1.312641,1.087832,1.537451,21.2275,18.887997,23.567003,1.872114,1.473644,2.270584,549618.086576,434544.692587,664691.480564
static,400,3,0.321974,0.311559,0.332389,27.483022,26.071478,28.894567,2954.767145,2883.7596,3025.77469,8230.088715,7857.466513,8602.710916,0.678026,0.667611,0.688441,0.709155,0.684844,0.733466,0.486058,0.470746,0.501371,0.485437,0.470859,0.500016,1.0,1.0,1.0,16453.79112,15495.029324,17412.552916,32031.628444,30747.007024,33316.249865,10247.279202,10240.79601,10253.762394,2839.218843,2412.503021,3265.934666,3364.214108,2826.068772,3902.359443,1.0,1.0,1.0,627.654925,610.617327,644.692523,35.027712,34.705754,35.34967,102.80836,102.760608,102.856112,441.790002,424.034481,459.545523,48.028851,47.585475,48.472227,14.040392,13.438937,14.641847,2.237164,2.119788,2.354539,9.958333,9.50141,10.415256,13.13764,12.290682,13.984597,77979.03845,72944.733592,83013.343308
adaptive,400,3,0.388424,0.374788,0.402061,33.422222,32.409877,34.434567,2634.608732,2531.124804,2738.09266,6734.622519,6203.221252,7266.023786,0.611576,0.597939,0.625212,0.800011,0.781819,0.818203,0.485369,0.474464,0.496275,0.484949,0.474149,0.49575,1.0,1.0,1.0,24457.908408,23539.611229,25376.205586,43817.376444,42364.952574,45269.800315,10247.072341,10240.79966,10253.345022,6477.614381,5846.824793,7108.40397,7726.433023,7310.73434,8142.131707,1.0,1.0,1.0,788.650935,770.261852,807.040018,40.66232,40.615394,40.709246,103.012041,102.992486,103.031596,600.943864,582.143452,619.744276,44.03271,43.562455,44.502966,15.445596,14.979258,15.911934,1.958651,1.872013,2.045289,10.794167,10.53686,11.051474,12.713807,12.419647,13.007966,80547.0129,78685.760138,82408.265663
cluster_csv,400,3,0.400416,0.38997,0.410863,34.133333,33.598277,34.668389,2557.19964,2393.901829,2720.497451,7018.716181,6268.71463,7768.717731,0.599584,0.589137,0.61003,0.761729,0.726733,0.796726,0.464677,0.45609,0.473265,0.464194,0.456166,0.472222,1.0,1.0,1.0,22955.385594,21707.892097,24202.879092,39984.585778,38726.426631,41242.744925,10248.128446,10242.493772,10253.763119,5943.865191,5500.249377,6387.481005,6755.813087,5946.187755,7565.438418,1.0,1.0,1.0,759.450739,736.455511,782.445967,39.373008,39.261857,39.484159,103.01578,102.983535,103.048025,572.309838,548.797418,595.822259,44.752112,44.163935,45.34029,14.343584,14.1017,14.585468,1.888788,1.849428,1.928148,10.186667,9.952926,10.420407,13.485316,12.893802,14.07683,75950.13624,72638.274096,79261.998384
cluster_adaptive,400,3,0.416832,0.402941,0.430722,35.066311,34.961736,35.170887,2523.806169,2262.223628,2785.388711,6514.139983,6163.10806,6865.171906,0.583168,0.569278,0.597059,0.812912,0.779818,0.846005,0.475044,0.466837,0.483251,0.474445,0.466453,0.482436,1.0,1.0,1.0,21121.01611,19753.163535,22488.868685,37140.302222,34548.480968,39732.123477,10247.160536,10242.325556,10251.995516,5059.671369,4359.741649,5759.60109,5808.108279,5104.055163,6512.161394,1.0,1.0,1.0,725.648657,700.444791,750.852522,41.551612,40.947003,42.156221,103.005386,102.960998,103.049775,535.423352,509.461399,561.385305,45.668306,45.019344,46.317268,15.482032,15.010124,15.95394,2.13391,2.019385,2.248434,10.783333,10.593589,10.973078,14.499235,13.963129,15.035341,70634.891632,68011.511908,73258.271357
laca,400,3,0.36166,0.349477,0.373843,30.427022,29.837864,31.01618,3229.265556,3048.041695,3410.489418,8301.260392,7672.023172,8930.497611,0.63834,0.626157,0.650523,0.808639,0.797232,0.820047,0.469223,0.460905,0.47754,0.468678,0.460231,0.477125,0.987708,0.987203,0.988212,21764.804197,20809.587451,22720.020942,36474.655111,35217.129331,37732.180891,10245.752622,10237.482613,10254.022632,5472.673266,4788.348983,6156.997548,6035.587579,5747.537402,6323.637756,1.0,1.0,1.0,742.003143,723.188552,760.817734,36.26014,36.163032,36.357248,102.911747,102.884615,102.938879,557.704525,538.534304,576.874747,45.126731,44.646987,45.606474,13.013876,12.702054,13.325698,1.75402,1.689245,1.818795,9.429167,9.179005,9.679328,12.303317,11.788948,12.817686,83245.270988,79771.643561,86718.898415
chang2019,400,3,0.180802,0.170893,0.190712,15.2832,14.546073,16.020327,1841.403023,1712.148343,1970.657704,5018.879441,4606.012036,5431.746846,0.819198,0.809288,0.829107,0.689246,0.619134,0.759357,0.684768,0.672277,0.697259,0.66949,0.660887,0.678092,0.999962,0.999796,1.000127,28567.656132,18276.828042,38858.484222,47988.423111,40438.226896,55538.619326,10247.555639,10243.128407,10251.982871,9110.38735,1937.96327,16282.81143,9183.753814,6089.278725,12278.228903,1.0,1.0,1.0,1200.375589,932.276732,1468.474445,42.8508,42.615837,43.085763,102.590233,102.511606,102.66886,1021.416335,746.401912,1296.430757,33.518221,26.642705,40.393737,28.057836,27.313678,28.801994,2.34864,1.883145,2.814135,17.9775,17.371919,18.583081,3.843482,2.841733,4.845231,268409.92629,197779.444442,339040.408138
etaroa,400,3,0.399871,0.390566,0.409176,33.729422,32.247818,35.211026,2577.796078,2459.97023,2695.621925,6645.383666,6618.318709,6672.448623,0.600129,0.590824,0.609434,0.809516,0.771662,0.847369,0.48378,0.470312,0.497248,0.48318,0.470101,0.49626,1.0,1.0,1.0,24626.876989,24400.626938,24853.12704,44240.297778,43486.780631,44993.814925,10246.763226,10243.794441,10249.73201,6555.840921,6328.269277,6783.412565,7810.882759,7536.814172,8084.951345,1.0,1.0,1.0,791.88083,788.050181,795.71148,40.791368,40.513783,41.068953,103.035309,102.985148,103.08547,604.100916,600.075596,608.126235,43.953238,43.852786,44.05369,15.471688,15.016877,15.926499,1.95377,1.904072,2.003468,10.825,10.501857,11.148143,12.778478,12.168616,13.38834,80154.67416,76287.984771,84021.363549
no_raw,600,3,0.05454,0.045739,0.063342,6.957511,5.725677,8.189345,1416.978781,1288.054833,1545.902729,4676.653264,4385.188498,4968.11803,0.94546,0.936658,0.954261,0.935029,0.913633,0.956425,0.938254,0.922098,0.954409,0.837779,0.830103,0.845456,1.0,1.0,1.0,8521.000691,4797.649011,12244.352371,65986.210222,-45099.505826,177071.926271,2636.993179,2282.687914,2991.298445,1616.870187,1243.429506,1990.310868,4227.72637,708.438907,7747.013834,0.158889,0.136084,0.181693,2497.041574,2496.945565,2497.137584,31.800875,31.730104,31.871646,101.523716,101.474535,101.572897,2363.716984,2363.693307,2363.74066,0.0,0.0,0.0,25.521344,25.275532,25.767156,1.022063,1.012188,1.031938,30.537778,26.226048,34.849507,0.55726,0.458617,0.655903,1843981.289732,1508125.340619,2179837.238846
static,600,3,0.214545,0.209867,0.219223,27.292444,26.503676,28.081213,3289.964997,3106.38844,3473.541554,8588.197686,7537.822378,9638.572994,0.785455,0.780777,0.790133,0.70539,0.691285,0.719495,0.500762,0.495675,0.50585,0.500253,0.494895,0.505611,1.0,1.0,1.0,33152.230958,31966.600199,34337.861716,70161.966667,66177.426532,74146.506802,15247.943911,15245.610147,15250.277676,7293.712447,7080.107252,7507.317643,10605.097026,9531.548635,11678.645417,1.0,1.0,1.0,902.881495,880.87367,924.889321,26.474109,26.45988,26.488338,102.705717,102.689254,102.72218,732.926646,710.356702,755.49659,40.775023,40.210681,41.339364,11.331821,10.916742,11.746901,1.255167,1.197026,1.313307,8.559444,8.325353,8.793536,6.04611,5.795722,6.296499,169396.264726,162425.279364,176367.250087
adaptive,600,3,0.212467,0.21107,0.213864,26.962489,26.717696,27.207282,3235.177582,3012.837666,3457.517498,8489.74608,7882.12338,9097.36878,0.787533,0.786136,0.78893,0.696564,0.66651,0.726618,0.512373,0.50656,0.518186,0.511753,0.505205,0.518302,1.0,1.0,1.0,40913.198043,39928.612167,41897.783919,71655.327556,68523.457118,74787.197993,15247.911277,15243.432094,15252.390461,11854.29905,11288.883884,12419.714217,13801.314567,13240.379008,14362.250127,1.0,1.0,1.0,1054.000431,1036.183428,1071.817435,26.506405,26.356942,26.655868,102.709686,102.666083,102.753289,887.883357,869.499871,906.266843,36.900983,36.441476,37.36049,11.39628,11.28417,11.50839,1.081261,1.067489,1.095034,8.641667,8.465949,8.817385,5.116338,5.039733,5.192943,200147.995366,197148.997827,203146.992905
cluster_csv,600,3,0.21846,0.203485,0.233436,27.921067,26.862567,28.979566,3372.357656,3203.200554,3541.514759,9186.671436,8532.317377,9841.025495,0.78154,0.766564,0.796515,0.611367,0.586685,0.636048,0.497914,0.485933,0.509894,0.497258,0.485543,0.508972,1.0,1.0,1.0,37218.302263,36648.439041,37788.165485,64018.597778,62837.446618,65199.748938,15248.452421,15247.249061,15249.655782,10155.12983,10066.895254,10243.364405,11808.373156,11248.344956,12368.401356,1.0,1.0,1.0,984.878453,973.826901,995.930004,26.131544,25.903075,26.360013,102.689503,102.661711,102.717295,817.392958,806.09746,828.688456,38.664447,38.381999,38.946896,10.993925,10.59861,11.389241,1.116257,1.082603,1.149911,8.358889,8.187651,8.530127,5.670176,5.414267,5.926085,180634.197748,172396.582756,188871.81274
cluster_adaptive,600,3,0.218778,0.212927,0.22463,27.793067,27.336904,28.24923,3261.050302,3239.537069,3282.563534,8720.826831,8295.049371,9146.60429,0.781222,0.77537,0.787073,0.696286,0.651438,0.741135,0.510908,0.503988,0.517828,0.510129,0.503366,0.516891,1.0,1.0,1.0,34535.09234,32466.099271,36604.085409,67800.786667,58380.903505,77220.669828,15247.307961,15245.474388,15249.141534,8597.622379,7805.604753,9389.640006,10680.648304,9404.246302,11957.050307,1.0,1.0,1.0,933.734916,894.969217,972.500615,27.077189,27.036945,27.117434,102.691057,102.62909,102.753025,763.969269,724.307074,803.631464,39.9974,39.005253,40.989547,11.685659,11.566214,11.805104,1.251678,1.21089,1.292466,8.732222,8.551439,8.913006,5.954645,5.608949,6.300341,172028.834279,162102.559572,181955.108985
laca,600,3,0.193637,0.188623,0.198651,24.7552,23.833318,25.677082,4100.850995,3959.776484,4241.925505,10858.916012,10161.648797,11556.183227,0.806363,0.801349,0.811377,0.707622,0.694228,0.721015,0.499865,0.494496,0.505235,0.49925,0.494135,0.504365,0.981177,0.978822,0.983532,35250.910744,33119.381688,37382.439801,57465.281778,54878.971974,60051.591581,15248.112377,15245.954608,15250.270146,9514.080825,8521.698308,10506.463342,10479.164284,9347.277556,11611.051011,1.0,1.0,1.0,948.115481,907.793919,988.437043,24.225307,24.182704,24.26791,102.626286,102.582504,102.670068,781.701346,740.402087,823.000605,39.562542,38.529676,40.595409,10.284405,10.020132,10.548679,1.084822,1.058727,1.110918,7.984444,7.666501,8.302388,5.223817,4.814227,5.633407,196153.167157,181047.740599,211258.593715
chang2019,600,3,0.094897,0.0861,0.103693,12.145778,11.309979,12.981576,2566.693556,2352.796835,2780.590278,6708.067278,6022.047363,7394.087194,0.905103,0.896307,0.9139,0.619816,0.558578,0.681054,0.650126,0.635443,0.66481,0.63864,0.627638,0.649643,1.0,1.0,1.0,44967.408633,38388.428327,51546.388939,68829.355556,62559.258409,75099.452703,15247.550788,15244.367007,15250.734569,15258.761896,11431.220806,19086.302985,14439.103795,11689.648345,17188.559244,1.0,1.0,1.0,1474.66496,1387.611305,1561.718616,27.57028,27.253555,27.887005,102.450893,102.361324,102.540462,1318.509321,1229.034752,1407.98389,26.134466,23.897677,28.371255,18.234856,17.731709,18.738003,1.237217,1.131375,1.343059,12.627222,12.505492,12.748953,1.647218,1.599644,1.694792,621710.080448,603792.169435,639627.991461
etaroa,600,3,0.211211,0.206829,0.215593,26.922667,26.885948,26.959386,3236.948987,3195.492852,3278.405122,8444.483598,7979.689326,8909.277869,0.788789,0.784407,0.793171,0.696895,0.671504,0.722285,0.514604,0.510612,0.518596,0.513732,0.509408,0.518056,1.0,1.0,1.0,40893.039835,40517.521413,41268.558256,73164.511556,67942.883003,78386.140108,15247.800042,15246.435566,15249.164518,11703.420585,11004.538656,12402.302515,13926.374159,13597.258874,14255.489443,1.0,1.0,1.0,1053.666184,1047.180272,1060.152096,26.637307,26.44447,26.830143,102.706546,102.664229,102.748864,887.409848,880.606994,894.212703,36.912483,36.742743,37.082222,11.449397,11.247805,11.650989,1.086639,1.062105,1.111173,8.642222,8.608754,8.67569,5.110309,5.072308,5.14831,200380.464451,198891.826262,201869.10264
no_raw,800,3,0.039281,0.03015,0.048412,6.690133,5.077424,8.302843,1374.438853,1272.795019,1476.082688,4660.545771,4599.088449,4722.003092,0.960719,0.951588,0.96985,0.930074,0.916145,0.944004,0.940635,0.917506,0.963763,0.8403,0.825527,0.855074,1.0,1.0,1.0,7177.526903,5355.598639,8999.455168,16595.289916,7905.190546,25285.389285,2713.727564,2177.362201,3250.092926,1564.71291,1013.029951,2116.395868,2887.008163,1796.001628,3978.014698,0.122917,0.096505,0.149328,2489.777954,2489.723428,2489.832481,23.690206,23.615,23.765412,101.4438,101.387525,101.500075,2364.643948,2364.628988,2364.658909,0.0,0.0,0.0,18.894176,18.554293,19.234059,0.75887,0.745216,0.772524,25.083333,21.681659,28.485008,0.403056,0.305898,0.500214,2555857.433115,1969329.4534,3142385.412831
static,800,3,0.139957,0.138585,0.141329,23.674311,23.282069,24.066553,3119.008403,3086.513591,3151.503215,8302.612481,8229.58797,8375.636992,0.860043,0.858671,0.861415,0.680775,0.669237,0.692313,0.502844,0.494626,0.511062,0.501713,0.493067,0.51036,1.0,1.0,1.0,56690.171018,50347.09093,63033.251106,119994.727111,119989.83459,119999.619632,18527.097301,15878.708006,21175.486595,12436.495311,8858.8207,16014.169923,25711.175105,24243.458541,27178.89167,0.91375,0.781523,1.045977,1433.115172,1366.013419,1500.216926,19.389236,19.190743,19.587729,102.646665,102.595089,102.698242,1284.062488,1215.329983,1352.794993,27.016783,25.298336,28.73523,8.654272,8.514039,8.794505,0.603986,0.581742,0.62623,7.236667,7.112204,7.361129,2.478313,2.399916,2.556711,413228.814,400187.733821,426269.894179
adaptive,800,3,0.13764,0.136686,0.138594,23.361422,23.023333,23.699511,3715.924759,3620.312356,3811.537163,10321.45667,9080.245964,11562.667377,0.86236,0.861406,0.863314,0.614184,0.599319,0.629048,0.509241,0.50709,0.511391,0.508458,0.506562,0.510353,1.0,1.0,1.0,56571.766377,56324.057319,56819.475435,98055.948444,96209.016697,99902.880192,20251.240486,20244.449216,20258.031755,16776.147221,16424.846354,17127.448089,19531.664416,19285.173898,19778.154933,1.0,1.0,1.0,1327.095326,1323.300902,1330.88975,19.251374,19.127556,19.375192,102.581694,102.559102,102.604285,1175.531289,1171.540276,1179.522302,29.73097,29.63137,29.830571,8.597168,8.497381,8.696955,0.647821,0.638611,0.657031,7.13,7.114473,7.145527,2.640512,2.60432,2.676704,387811.459068,382512.054436,393110.8637
cluster_csv,800,3,0.140028,0.135868,0.144188,23.992889,23.504682,24.481096,4125.970648,3950.859358,4301.081937,13124.718611,11874.282719,14375.154503,0.859972,0.855812,0.864132,0.493784,0.443093,0.544475,0.500063,0.494349,0.505777,0.498923,0.493169,0.504676,1.0,1.0,1.0,54588.123304,54250.784282,54925.462327,92648.378222,91963.908259,93332.848186,20250.939433,20246.36828,20255.510586,15395.327996,15151.037538,15639.618454,18922.752825,18668.027818,19177.477832,1.0,1.0,1.0,1290.20776,1283.563268,1296.852252,19.055388,19.008444,19.102332,102.584911,102.568822,102.600999,1137.895067,1131.04633,1144.743804,30.672394,30.501195,30.843593,8.32774,8.052712,8.602768,0.645462,0.623018,0.667907,6.9775,6.848597,7.106403,2.789402,2.744714,2.834089,367113.934072,361252.107296,372975.760847
cluster_adaptive,800,3,0.135993,0.130262,0.141724,23.276089,22.574788,23.97739,3851.415385,3725.225907,3977.604862,10910.584622,10127.830129,11693.339115,0.864007,0.858276,0.869738,0.578363,0.570579,0.586147,0.513133,0.510271,0.515995,0.512557,0.509789,0.515325,1.0,1.0,1.0,50520.023544,48460.400949,52579.646139,100674.679556,94873.620706,106475.738405,20250.675513,20245.158618,20256.192409,12956.096742,12016.450311,13895.743173,17305.576471,16143.453114,18467.699827,1.0,1.0,1.0,1213.006735,1174.220185,1251.793285,19.453888,19.406885,19.500891,102.57264,102.543714,102.601566,1058.31943,1018.526278,1098.112583,32.660777,31.665831,33.655723,8.9062,8.70488,9.10752,0.734256,0.722013,0.7465,7.245,7.002877,7.487123,2.878862,2.711128,3.046596,355828.045867,334855.28619,376800.805544
laca,800,3,0.124676,0.118857,0.130496,21.185422,20.421841,21.949003,4705.689294,4501.97624,4909.402348,13688.795664,12456.012037,14921.579291,0.875324,0.869504,0.881143,0.666831,0.657047,0.676616,0.503495,0.496187,0.510804,0.502677,0.495655,0.509699,0.98023,0.970941,0.989519,49924.525434,47882.51647,51966.534398,79816.388,76753.8721,82878.9039,20251.305319,20244.46584,20258.144799,14121.338076,13050.237125,15192.439026,15537.686509,14481.194896,16594.178122,1.0,1.0,1.0,1201.735606,1163.561395,1239.909817,18.057052,17.929028,18.185076,102.518995,102.475787,102.562203,1048.242547,1009.032557,1087.452536,32.917012,31.936688,33.897335,8.167598,7.993918,8.341278,0.679675,0.672554,0.686795,6.877083,6.603553,7.150613,2.644923,2.47156,2.818286,387335.23585,362129.203584,412541.268117
chang2019,800,3,0.067621,0.05532,0.079922,11.514311,9.353364,13.675258,3381.006041,3267.906534,3494.105548,9864.208786,7488.576463,12239.84111,0.932379,0.920078,0.94468,0.603383,0.454072,0.752694,0.606752,0.589336,0.624169,0.599637,0.582918,0.616356,0.999905,0.999495,1.000315,58881.322192,46016.632338,71746.012046,91977.137778,76104.199321,107850.076235,20251.249752,20244.579604,20257.9199,19611.786051,11475.283869,27748.288233,18988.132509,14246.9431,23729.321917,1.0,1.0,1.0,1642.894564,1564.045635,1721.743492,19.871934,19.828689,19.915179,102.39985,102.336779,102.462922,1498.978241,1418.197023,1579.759458,21.644539,19.624431,23.664647,12.633124,12.207041,13.059207,0.769278,0.706939,0.831616,9.459167,9.318346,9.599988,1.050618,0.899512,1.201724,976780.330674,840580.248887,1112980.412461
etaroa,800,3,0.133902,0.131006,0.136799,22.855111,22.290493,23.419729,3790.180664,3734.334772,3846.026556,10733.473991,10246.2965,11220.651482,0.866098,0.863201,0.868994,0.60616,0.55312,0.6592,0.51405,0.508165,0.519936,0.513226,0.507451,0.519,1.0,1.0,1.0,56382.994776,55318.641827,57447.347724,96771.918222,90507.62003,103036.216414,20251.246488,20246.646285,20255.846692,17179.868307,16650.626531,17709.110083,18939.197975,17375.233067,20503.162883,1.0,1.0,1.0,1323.432297,1303.290366,1343.574228,19.280228,19.151002,19.409454,102.570155,102.532791,102.607519,1171.756563,1151.134547,1192.37858,29.825351,29.309588,30.341114,8.729676,8.496267,8.963085,0.659615,0.649663,0.669567,7.190833,7.020903,7.360764,2.590603,2.487758,2.693448,395341.578355,379770.823681,410912.333029
no_raw,1000,3,0.030891,0.024122,0.03766,6.545067,5.162854,7.92728,1315.259216,1201.112864,1429.405568,4600.723007,4423.590757,4777.855257,0.969109,0.96234,0.975878,0.917519,0.893578,0.94146,0.939533,0.916154,0.962912,0.842265,0.826817,0.857714,1.0,1.0,1.0,8531.029658,5545.783609,11516.275706,36010.644444,-39642.24711,111663.535999,2878.923508,2309.235482,3448.611534,1778.504238,933.461551,2623.546925,3871.114843,2162.703824,5579.525862,0.105333,0.082384,0.128283,2485.432655,2485.33751,2485.5278,18.831963,18.674016,18.98991,101.404147,101.332897,101.475398,2365.196544,2365.188599,2365.20449,0.0,0.0,0.0,14.945106,14.538813,15.351398,0.601308,0.584981,0.617635,20.937667,18.572404,23.302929,0.316005,0.24926,0.382749,3255855.978081,2580218.751804,3931493.204359
static,1000,3,0.106428,0.103955,0.108901,22.613333,22.200619,23.026047,3157.417603,3087.679206,3227.155999,8373.432344,8020.815596,8726.049092,0.893572,0.891099,0.896045,0.678241,0.653884,0.702598,0.519505,0.510674,0.528336,0.517965,0.509124,0.526805,1.0,1.0,1.0,32638.595305,30916.26645,34360.92416,117817.853333,114039.964546,121595.74212,12582.583444,12222.057322,12943.109566,5325.909357,4762.297559,5889.521155,14723.581454,13648.257639,15798.90527,0.493333,0.47899,0.507677,1699.163292,1676.80341,1721.523174,15.579262,15.4498,15.708725,102.326998,102.299284,102.354713,1561.154384,1538.130459,1584.17831,20.102647,19.527175,20.678118,7.195662,6.939769,7.451556,0.423498,0.405738,0.441257,6.413,6.214206,6.611794,1.597051,1.561271,1.632831,641216.55935,626873.760431,655559.358269
adaptive,1000,3,0.096869,0.08971,0.104028,20.585244,19.199567,21.970921,4103.578673,3823.951257,4383.206089,12215.850516,11456.231933,12975.469099,0.903131,0.895972,0.91029,0.574545,0.566761,0.58233,0.495686,0.485741,0.505631,0.494611,0.484444,0.504778,1.0,1.0,1.0,70140.99681,68450.292357,71831.701263,117828.396,115942.401691,119714.390309,25248.547133,25247.233128,25249.861138,21319.121183,20333.833673,22304.408693,23555.867877,22794.10892,24317.626834,1.0,1.0,1.0,1569.669156,1538.236844,1601.101469,14.81415,14.723016,14.905284,102.495946,102.472015,102.519878,1428.950554,1396.643698,1461.25741,23.408506,22.600894,24.216117,6.589134,6.348318,6.82995,0.419825,0.396856,0.442795,6.013,5.882554,6.143446,1.57368,1.479878,1.667483,650954.83815,611996.745195,689912.931105
cluster_csv,1000,3,0.09865,0.094856,0.102444,20.841244,20.1741,21.508389,4463.580421,4340.38214,4586.778701,14481.062734,13259.935364,15702.190104,0.90135,0.897556,0.905144,0.531233,0.513232,0.549234,0.490393,0.486576,0.49421,0.489579,0.485749,0.49341,1.0,1.0,1.0,68323.522361,66603.852691,70043.192032,111645.205333,108502.85236,114787.558307,25248.713453,25246.903038,25250.523869,20426.274134,19707.470262,21145.078007,22639.930865,21594.649097,23685.212634,1.0,1.0,1.0,1536.29934,1503.761156,1568.837524,14.704835,14.649819,14.759851,102.496736,102.468639,102.524832,1394.836105,1361.440013,1428.232198,24.261664,23.42668,25.096648,6.430421,6.217286,6.643556,0.418615,0.396285,0.440946,5.939667,5.878594,6.00074,1.627911,1.586433,1.669388,629071.108294,613090.975758,645051.24083
cluster_adaptive,1000,3,0.093362,0.091201,0.095523,19.794489,19.320292,20.268686,4692.721952,4436.693394,4948.75051,14952.672808,13122.633227,16782.712389,0.906638,0.904477,0.908799,0.572304,0.562219,0.582388,0.498344,0.497675,0.499013,0.497436,0.496415,0.498457,1.0,1.0,1.0,64370.84105,63432.658459,65309.023641,110424.225333,108524.53199,112323.918676,25249.239939,25247.401225,25251.078654,18056.50348,17701.205204,18411.801756,21054.42993,20357.309988,21751.549872,1.0,1.0,1.0,1460.818868,1443.40278,1478.234956,14.772016,14.635751,14.908281,102.481636,102.457175,102.506096,1317.366887,1299.429368,1335.304405,26.19833,25.750002,26.646657,6.764922,6.677167,6.852676,0.463104,0.452318,0.47389,6.116,6.062084,6.169916,1.626106,1.568184,1.684028,629812.18553,607192.661613,652431.709447
laca,1000,3,0.096662,0.094846,0.098478,20.445867,19.727889,21.163845,4973.866693,4836.982239,5110.751147,15275.10979,14953.049808,15597.169771,0.903338,0.901522,0.905154,0.630262,0.614476,0.646048,0.48498,0.479069,0.490891,0.484031,0.477826,0.490236,0.978352,0.97386,0.982844,63732.231219,62862.386807,64602.075631,100801.713333,99332.760085,102270.666582,25248.768532,25246.83886,25250.698204,18359.812896,18220.452681,18499.17311,20111.100324,19381.918748,20840.2819,1.0,1.0,1.0,1449.0149,1432.606814,1465.422986,14.283314,14.260416,14.306211,102.461106,102.438066,102.484146,1305.78098,1288.954107,1322.607852,26.4895,26.068701,26.9103,6.18708,6.102528,6.271632,0.426998,0.416495,0.437501,5.782333,5.748787,5.81588,1.693178,1.650923,1.735432,604820.908296,589641.071359,620000.745234
chang2019,1000,3,0.053158,0.051351,0.054964,11.386311,11.061787,11.710835,4106.947869,3739.964384,4473.931353,12308.318581,10955.751496,13660.885665,0.946842,0.945036,0.948649,0.71009,0.635054,0.785126,0.569856,0.565486,0.574225,0.564384,0.559879,0.568889,1.0,1.0,1.0,68021.681329,64237.774482,71805.588177,109580.929778,101299.68514,117862.174416,25248.898584,25246.057636,25251.739533,21095.257272,19093.97583,23096.538714,21663.318948,19783.979587,23542.658309,1.0,1.0,1.0,1798.429016,1745.646681,1851.211351,15.345717,15.284588,15.406845,102.339686,102.293045,102.386327,1663.191344,1609.040009,1717.342679,17.552269,16.198284,18.906255,9.160677,9.076998,9.244355,0.509429,0.490751,0.528108,7.427,7.293607,7.560393,0.759889,0.716,0.803777,1348045.613398,1271178.675666,1424912.55113
etaroa,1000,3,0.098995,0.098489,0.099502,21.0688,21.032081,21.105519,3892.427247,3735.957957,4048.896536,11640.279592,10683.0334,12597.525785,0.901005,0.900498,0.901511,0.592427,0.562104,0.622749,0.494596,0.493983,0.495208,0.493481,0.493007,0.493955,1.0,1.0,1.0,70752.88818,69811.622119,71694.154241,119863.201778,119294.091745,120432.311811,25082.636212,24680.082638,25485.189785,21528.267019,20159.635983,22896.898054,24125.136325,23287.281506,24962.991145,0.993333,0.977169,1.009497,1587.875071,1583.757473,1591.992669,14.85215,14.79378,14.91052,102.492764,102.485718,102.49981,1447.587658,1443.41475,1451.760565,22.942498,22.838058,23.046938,6.499968,6.405565,6.594371,0.409349,0.404096,0.414602,5.930667,5.837171,6.024163,1.592227,1.588762,1.595691,643124.811753,641725.223431,644524.400075
