policy,num_stas,packet_interval,seed,pdr,tput_kbps,avg_delay_ms,p95_delay_ms,drop_rate,fairness,col_rate,retry_rate,raw_fit_pass,assoc_mean_ms,assoc_max_ms,assoc_scan_ms,assoc_auth_ms,assoc_req_ms,assoc_frac,e_total_mj,e_tx_mj,e_rx_mj,e_idle_mj,e_sleep_mj,e_retx_mj,retx_energy_pct,avg_tx_retries,ee_kbit_j,e_per_pkt_uj,elapsed_s
no_raw,100,5.0,42,0.6158333333333333,12.612266666666667,1874.0167861164448,4673.037518350812,0.38416666666666666,0.9803805762498878,0.8629870678725382,0.8241061617783788,1.0,6999.027080000972,14959.03600000199,2759.1126666670134,1768.6269866669588,2471.287426666999,1.0,2645.7241290666525,197.9932800000003,102.93491306664653,2344.795936000005,0.0,155.76019200000013,5.8872423730341295,88.44,5.7204452398214185,179007.04526837973,150.18
static,100,5.0,42,0.48125,9.856,3347.626327795129,8480.213057490026,0.51875,0.7727654521230377,0.4923166135111627,0.49202667439837633,1.0,3375.4232933335243,5801.040000000729,2757.561600000061,278.5146533334123,339.34704000005087,1.0,472.1083257532997,48.08630400000005,102.95104959998005,268.7536365333192,52.317335620000534,18.903791999999985,4.004121717158228,12.35,25.051877619672197,40875.17971890041,21.4
adaptive,100,5.0,42,0.9833333333333333,20.13866666666667,661.884036659276,1595.8495715640904,0.01666666666666672,0.9995692749461593,0.27240057498802106,0.27240057498802106,1.0,4456.383613333467,7719.613333333407,2758.2468000000354,765.1131600000473,933.0236533333851,1.0,440.8643617333005,60.21067200000003,103.925954133314,223.315999999986,53.411735600000505,15.382943999999993,3.4892691120508075,10.5,54.81595270025338,18680.693293783916,13.2
laca,100,5.0,42,0.9829166666666667,20.130133333333337,730.6455026636822,1813.6939881347098,0.01708333333333334,0.9995654985360947,0.2546477495107632,0.25415851272015655,0.9963791968400263,4242.048826666812,7948.849333333626,2757.6892000000507,664.2631200001026,813.2705066666565,1.0,498.59242935996707,58.09766400000003,103.96750239998072,284.64317226665264,51.88409069333381,13.114607999999993,2.630326340260511,9.31,48.44870996338386,21135.753682067276,12.85
chang2019,100,5.0,42,0.9866666666666667,20.206933333333335,771.3202034149671,1716.044317937261,0.013333333333333308,0.9996120935539076,0.249500998003992,0.249500998003992,0.9977206121784435,4193.70841333344,7882.026666666772,2757.3165333334173,622.5191333333939,813.8727466666293,1.0,466.5004999866338,58.32278400000004,103.86011839998069,251.60737119998598,52.71022638666719,13.319424,2.85517893343772,9.12,51.979194021645775,19700.19003321933,2.37
no_raw,200,5.0,42,0.32145833333333335,13.166933333333333,1478.414329584493,4611.332289813509,0.6785416666666666,0.9850267269056366,0.8417555246484315,0.8079894915778086,1.0,10081.436033332839,34643.34933332662,2259.7996666667364,563.6542833333906,7134.987883332696,0.4,2556.145993066661,97.69951200000007,102.30292639997907,2356.143554666672,0.0,77.31983999999997,3.024860090531753,48.5,3.0906528897130854,331321.5804363786,172.72
static,200,5.0,42,0.44083333333333335,18.056533333333334,3037.3276400983323,7807.981932485606,0.5591666666666666,0.7324721895039916,0.4952837251085492,0.49453511004641415,1.0,6637.1749200016575,12764.429333333344,5252.976873334671,657.6097333335056,726.5883133334821,1.0,504.97461202998676,45.21628800000004,102.93662426664665,305.4127534666735,51.408946296666684,18.524759999999993,3.668453731867998,12.355,21.454385511477266,47729.16937901575,42.5
adaptive,200,5.0,42,0.930625,38.1184,1459.9808006197895,3558.791243224811,0.06937499999999996,0.9969965824264772,0.3870764712052869,0.38686667365991817,1.0,9716.835393333482,17987.530666666713,5252.748873333463,2031.6018466666935,2423.008573333325,1.0,596.1868124599677,70.02770400000003,103.8892418666474,372.6176455999864,49.65222099333388,26.11432799999999,4.38022570345826,16.595,38.36220379587099,26692.939890752972,37.33
laca,200,5.0,42,0.8966666666666666,36.727466666666665,1826.0202848242775,4452.527187683422,0.10333333333333339,0.991628624041797,0.38171453628590224,0.3816049112036834,0.9935311489242019,9111.245473333516,16010.986666666824,5253.132146666901,1828.406746666701,2023.5162733332497,1.0,630.4884294599678,66.97936800000002,103.77665813331397,411.03114426665286,48.70125906000054,22.378943999999983,3.5494614895896217,14.44,34.95144235854559,29297.789473046836,37.51
chang2019,200,5.0,42,0.38895833333333335,15.931733333333334,2049.614434925553,4944.7735311316255,0.6110416666666667,0.7447098662564628,0.668994708994709,0.6623280423280423,1.0,12515.79156000031,20396.577333334055,5252.80862000015,3581.6885066668074,3666.1172933333555,1.0,790.3436513766362,68.16936000000003,102.94215466664667,574.6171022666568,44.615034443333755,42.08697600000001,5.325148867418885,25.8,12.094789378455655,84664.5582620928,102.1
no_raw,400,5.0,42,0.06072916666666667,4.974933333333333,2580.2442066993017,4798.769379479462,0.9392708333333333,0.9777067590230095,0.9762522759849688,0.8603416882965947,1.0,4621.817136612037,117499.44799999121,1765.2719125683652,428.2633879782338,2428.2818360654383,0.1525,2511.764146666633,48.44405999999998,101.41835999997946,2361.9017266666806,0.0,39.970332000000006,1.591325047498775,53.2075,0.5941959168342588,1723337.3218982045,540.27
static,400,5.0,42,0.3277083333333333,26.845866666666666,3310.5600330302173,8923.645822848464,0.6722916666666667,0.6832520572154416,0.5005267778753293,0.4999122036874451,1.0,16850.523976667024,32074.127999999782,10250.468490000269,3058.4867166668073,3533.8421833332814,1.0,636.8714139449689,35.515187999999974,102.79757893331345,450.75519286665536,47.803454145000444,15.17529600000001,2.382788058581521,10.6,12.64581801546507,80975.38638842579,36.26
adaptive,400,5.0,42,0.3796875,31.104,2899.733796492659,7114.283640052392,0.6203125,0.77814366873609,0.5128986866791745,0.5125859912445279,1.0,26000.669049994318,45485.11733333223,10251.91669333358,7383.786979999193,8356.48770666154,1.0,819.7731870982119,41.03422800000001,102.95543919997993,632.5413227332294,43.24219716500274,16.870164,2.057906292314351,11.6025,11.382660651576163,89961.3922741522,23.55
laca,400,5.0,42,0.34791666666666665,28.50133333333333,3551.114699957639,8700.370954370774,0.6520833333333333,0.7445008008542445,0.4967432293452177,0.49631470689064106,0.9886486486486487,22187.00603666607,36971.94133333208,10251.472713333453,5651.06090000015,6278.521336665802,1.0,751.5705898299599,36.634787999999986,102.84672839997984,567.2002521333127,44.888821296667366,14.471592000000008,1.925513344431712,10.205,11.37670914176471,90008.4538718515,22.58
chang2019,400,5.0,42,0.17114583333333333,14.020266666666666,2406.6880271251266,5475.376964562135,0.8288541666666667,0.7260486820871436,0.6977265928806461,0.681274304516901,1.0,33598.94877666226,53686.865333329995,10250.615923333602,13197.48799666512,10125.049446663535,1.0,1326.2157467048992,43.02882000000002,102.57109293331293,1150.3205584665839,30.295275305002257,29.238143999999988,2.204629531254229,18.68,3.1714900161986312,322876.6273170783,77.24
no_raw,600,5.0,42,0.03263888888888889,4.010666666666666,2436.594496097395,4807.311596787389,0.9673611111111111,0.9918283045977011,0.9813434117849167,0.8650060127125924,1.0,2981.284511111524,4973.294666667694,1750.6940222223009,534.1750000001272,689.978866666871,0.1,2497.152641866644,32.078375999999956,101.32354408886927,2363.7507217777834,0.0,26.534144,1.0625759737364509,40.22666666666667,0.32121918375551584,3187854.436425503,840.76
static,600,5.0,42,0.2132638888888889,26.205866666666665,3735.0363388165515,9411.505523585694,0.7867361111111111,0.6827252018757741,0.5127922971114168,0.5121733149931225,1.0,34774.96690666543,73475.81999999953,15249.733013333604,7691.910413332042,11822.961148888673,1.0,933.9911216599543,26.51311199999996,102.7126196444244,764.7870411555293,39.97834886000083,11.779695999999989,1.2612214106558413,8.896666666666667,5.611587960299189,182479.5418417364,29.62
adaptive,600,5.0,42,0.20694444444444443,25.429333333333332,3652.4078811243808,9481.613363753842,0.7930555555555556,0.6573399656540534,0.5258608862669777,0.5251749211140074,1.0,42291.104297774444,74480.15333331762,15250.568860000338,12511.273486663022,14511.95309777776,1.0,1080.3631095399192,26.63236799999996,102.69162782220182,914.8115392888269,36.2275744288906,12.119552000000004,1.1218035763143752,9.08,4.707553064110567,217522.7737328696,71.42
laca,600,5.0,42,0.195,23.961599999999997,4605.491278624403,12290.122252639603,0.8049999999999999,0.6840937011972931,0.509725065808716,0.5093594618309447,0.9795918367346939,37091.15129555219,59961.21333333033,15250.655722222626,10444.101735552627,11386.018315554726,1.0,983.4870230399194,24.337079999999975,102.631790933313,817.8599290666045,38.65822304000167,10.748551999999986,1.092902270004198,8.305,4.8727841727765036,210146.79979485457,33.15
chang2019,600,5.0,42,0.09791666666666667,12.032,3201.0005813352745,7857.784629514669,0.9020833333333333,0.6446498054474709,0.6651773439648062,0.6493676106681331,1.0,39012.84094888489,64166.565333332925,15250.587553333613,11532.030639995013,12217.293835556264,1.0,1392.4812063643558,27.757040000000003,102.36874284442396,1234.1108520888195,28.24457143111306,18.556552,1.3326249514310862,12.518333333333333,1.7281382247756834,592545.1941975983,132.18
no_raw,800,5.0,42,0.021875,3.584,2463.3364250449604,4926.971384985537,0.978125,0.9859154929577465,0.9817934430478165,0.8669819878191007,1.0,2794.2017777781007,4853.790666667633,1758.7931111111643,455.57113333343636,569.4975777779409,0.075,2489.88502813332,23.927604000000148,101.29035479997933,2364.6670693333454,0.0,19.7490179999999,0.7931698763940858,31.97125,0.21591358393083782,4742638.148825371,1230.01
static,800,5.0,42,0.13885416666666667,22.749866666666666,3610.437348630988,8881.286919919788,0.8611458333333333,0.657315823545732,0.518836345931471,0.5176191345627168,1.0,53836.212528597265,119996.8573333322,17152.392629191585,10695.008019721416,25974.31244575922,0.845,1469.485282381615,19.591769999999965,102.59112926664578,1321.214515399967,26.087867715001025,9.095441999999986,0.6189542766470502,7.48625,2.3222280895997454,440955.823670402,84.57
adaptive,800,5.0,42,0.133125,21.8112,4561.290631708788,13725.387659572341,0.8668750000000001,0.5867279564438327,0.5205123445331353,0.5196460615060949,1.0,56019.65848499595,93978.54133333222,20250.451386665754,17193.496204997722,18555.701171665794,1.0,1316.38248526074,19.27438799999998,102.54758666664586,1164.5549202332595,30.00559036083538,9.076049999999993,0.6894690640161679,7.42625,2.485356677585974,412013.2974212019,39.57
laca,800,5.0,42,0.13151041666666666,21.546666666666667,5164.540825893071,15336.390610725934,0.8684895833333334,0.6337467740481336,0.5031430404105196,0.5020525978191148,0.9796013702896293,51814.15719166193,81987.98399998414,20250.673766664924,15093.836263331255,16451.13205999909,1.0,1237.7137138224048,18.09550799999999,102.53528379997901,1085.0872664332567,31.99565558916882,8.250737999999977,0.6666111805871003,6.97625,2.6112662111650065,392146.91923086095,40.23
chang2019,800,5.0,42,0.06833333333333333,11.195733333333333,4148.826620515102,11154.843756989801,0.9316666666666666,0.6572021991447771,0.6155713218820015,0.6074184714961414,1.0,53376.098763326416,87979.33733332991,20250.61382499948,16068.020059993618,17034.31311833332,1.0,1589.1633240506912,20.049198000000015,102.34467719997912,1443.744103966545,23.025344884169872,13.041233999999998,0.8206352237451968,9.51625,1.056757335501176,969002.0268601776,127.64
no_raw,1000,5.0,42,0.016375,3.3535999999999997,2467.5840011189184,4794.709398179045,0.983625,0.9858866334737648,0.9825761895710574,0.8712855604131027,1.0,3069.616000000496,4943.472000001119,1740.9520444445402,603.2221555557198,725.4418000002364,0.06,2485.588453919979,19.112601599999994,101.2658912533118,2365.209961066683,0.0,15.775569599999978,0.6346814805612971,26.151,0.16190612704421417,6324652.554503764,1414.91
static,1000,5.0,42,0.10454166666666667,21.410133333333334,3526.858646321671,8511.23990974238,0.8954583333333334,0.6583869257229874,0.5327546771450354,0.5314644302386957,1.0,32893.46556415298,116320.9386666644,12524.303671419046,5472.035030549106,14894.700754920743,0.491,1705.7633912519702,15.706209599999946,102.29707855997815,1567.8243157866461,19.935787305333925,7.536206399999986,0.44180842657601394,6.597,1.5061971743421494,679857.8681753569,32.71
adaptive,1000,5.0,42,0.09791666666666667,20.05333333333333,4905.853470225114,15243.53338055431,0.9020833333333333,0.5570751622251292,0.5020735101971255,0.5012213827188547,1.0,69081.13733999516,113975.16133333261,25249.86470666541,21022.784938663302,22794.866103999782,1.0,1549.6329902465675,14.852035199999914,102.47309407997896,1408.3851410665861,23.922719900002146,6.840359999999964,0.441418067571701,6.133,1.5528838216183751,659418.2937219435,92.37
laca,1000,5.0,42,0.097625,19.993599999999997,5428.048775741074,17056.508981834286,0.902375,0.6268514424671162,0.4923760004673716,0.49167494303908393,0.9805841634306939,64708.5098773281,100906.84799999418,25250.048342664104,18868.669699997034,20579.321065333617,1.0,1467.8546150152247,14.350531199999917,102.44151210664536,1325.0549492532416,26.007622455335817,6.4194671999999615,0.4373367181145102,5.859,1.6345160995219645,626485.1109753414,46.37
chang2019,1000,5.0,42,0.05591666666666667,11.451733333333333,4948.527744785203,14569.198754700137,0.9440833333333334,0.7535414225941423,0.5760277938621887,0.5704111175448755,1.0,64392.08584932629,106978.31999998643,25250.035618664173,19014.974734662646,20107.467797332785,1.0,1746.8445566418618,15.493867199999995,102.29421829331238,1610.1789364532106,18.877534695336546,9.397848000000018,0.5379899410206517,7.387,0.7866801855808973,1301672.545932833,134.37
no_raw,100,5.0,7,0.6370833333333333,13.047466666666667,1554.7337985338136,4440.519507132026,0.36291666666666667,0.947437166216421,0.8524232768740567,0.8184638604729163,1.0,12642.933945576471,114993.83466663292,2707.482789115745,1755.1279591838659,8041.650625848271,0.98,2644.9683738666545,196.90896000000012,103.24208586664645,2344.8173280000055,0.0,155.5332480000001,5.880344337449581,88.6,5.919526356041541,172986.8132025281,39.57
no_raw,100,5.0,99,0.64875,13.2864,1561.9464191441102,4539.914458925787,0.35124999999999995,0.9596273513205397,0.8484670306593868,0.8170516589668206,1.0,10777.154499311917,115281.91599999949,2666.1298888891483,1692.9464583333147,6408.43319375612,0.96,2644.869869866653,196.77489600000015,103.27258986664663,2344.822384000005,0.0,154.9764000000001,5.859509451321838,88.21,6.028152909013946,169869.61270819863,38.26
static,100,5.0,7,0.48041666666666666,9.838933333333333,3284.55529609188,8320.985629925895,0.5195833333333333,0.7518856399524914,0.4930715935334873,0.49278290993071594,1.0,3423.7633333336225,5778.409333333435,2752.7876533335757,304.8204400000844,366.1552399999623,1.0,473.98366267330175,48.15643200000004,102.95308319997999,270.6032637333213,52.27088374000049,19.155407999999987,4.041364609902822,12.57,24.909550538955827,41108.73050072002,4.45
static,100,5.0,99,0.5025,10.2912,3044.1401177816642,8140.83363391528,0.49750000000000005,0.7695428571428572,0.47155172413793106,0.47097701149425286,1.0,3524.3943733335705,5937.808000000401,2757.8217333334337,377.1552933334537,389.41734666668225,1.0,472.8870675866338,47.875872000000015,103.03584906664665,269.68130186665326,52.29404465333381,18.539376,3.9204658513110116,12.35,26.11498779830252,39211.19963404923,3.71
adaptive,100,5.0,7,0.9825,20.121599999999997,671.8862095147774,1654.5060913377924,0.01749999999999996,0.9995620752885341,0.2768867924528302,0.2766509433962264,1.0,4703.038040000242,8023.976000000511,2752.6012800000863,872.9932000000761,1074.9884266667461,1.0,449.02527066663475,60.15172800000002,104.00466933331398,231.66636799998665,53.20250533333382,15.273455999999987,3.4014691372101646,10.67,53.77407815856852,19042.632343792822,2.54
adaptive,100,5.0,99,0.9833333333333333,20.13866666666667,653.9524370597806,1536.5368603033803,0.01666666666666672,0.9995692749461593,0.26935133831685554,0.26935133831685554,1.0,4384.215466666822,7500.574666666693,2752.8944266668004,765.2976400000165,866.0234000000053,1.0,437.7860233533001,59.93908800000003,103.9131242666473,220.44955653331883,53.484254553333834,15.125807999999997,3.45506873064178,10.31,55.201396825995374,18550.255226834754,2.43
laca,100,5.0,7,0.9866666666666667,20.206933333333335,734.4421751997162,1784.0513102502478,0.013333333333333308,0.9996120935539076,0.2443450161570967,0.2443450161570967,0.9947281713344316,4116.167026667038,7473.0546666671,2753.315200000363,623.8790933333437,738.972733333332,1.0,494.92026295330317,57.75590400000001,103.91254559998067,281.2823085333219,51.96950482000046,12.650496000000002,2.556067501563096,8.96,48.99439731019435,20900.348942284763,2.48
laca,100,5.0,99,0.9875,20.224,732.880515981906,1859.6236761902958,0.012499999999999956,0.9996262680192205,0.2514229151200198,0.2514229151200198,0.9957585644371941,4097.400533333916,7422.420000001388,2757.7909333335992,604.6730666668126,734.9365333335045,1.0,496.8993149866395,58.26144000000005,103.91262826664735,282.7949631999917,51.93028352000037,13.227119999999996,2.6619316229799272,9.15,48.840477875588405,20966.21582222108,2.45
chang2019,100,5.0,7,0.9833333333333333,20.13866666666667,764.4406882132671,1694.2079570955918,0.01666666666666672,0.9995692749461593,0.2706136145733461,0.2706136145733461,0.9967989756722151,4683.845893333458,8180.377333333348,2753.1066133334293,922.2866400000313,1008.4526399999974,1.0,487.2624970933001,59.574768000000034,103.96755199998066,271.5119082666523,52.208268826667165,14.626655999999995,3.001802126626485,10.14,49.59626514283668,20646.715978529668,2.54
chang2019,100,5.0,99,0.98375,20.1472,739.8648799014165,1635.1020060875535,0.016249999999999987,0.9995734036258002,0.2504322054828353,0.2504322054828353,0.9960591133004926,4195.288093333522,7762.916000000073,2757.7316000001047,674.304266666757,763.2522266666604,1.0,473.72358759996905,58.105008,103.91224799998065,259.18537066665465,52.52096093333379,13.157471999999993,2.77745764500768,9.26,51.03533079804274,20064.53145277294,2.5
no_raw,200,5.0,7,0.31666666666666665,12.970666666666666,1271.9461282256239,4446.553969143715,0.6833333333333333,0.8756410781179175,0.7777692836939072,0.7476492622888158,1.0,26420.928871285705,118943.82133333007,2781.196897690047,4161.832910891151,18680.784290427295,0.505,2553.9281599999854,94.64018400000015,103.04333866664565,2356.2446373333387,0.0,74.31530400000003,2.9098431648915475,45.165,3.047227452161397,336043.1789473665,39.73
no_raw,200,5.0,99,0.32875,13.4656,1346.4918198548994,4528.696298439224,0.67125,0.988669985944684,0.8366374673428615,0.805901337021669,1.0,8902.128837606953,33641.59866666361,2213.306324786391,493.80842735049566,5950.197384615352,0.39,2555.946630933328,97.42538400000005,102.36833226664598,2356.1529146666726,0.0,77.102952,3.016610404413848,48.645,3.1610049686560733,323947.60848331155,44.28
static,200,5.0,7,0.44729166666666664,18.321066666666667,3088.4105876353074,8132.226852203132,0.5527083333333334,0.730408651560767,0.49389784541208376,0.49329516347747476,1.0,6482.904226666948,12486.637333333374,5250.784513333561,586.5521600000907,640.2222799999612,1.0,502.16942955330194,45.18319200000003,102.92455493331323,302.5817725333217,51.47991008666713,17.944871999999986,3.5734696188022848,11.925,21.890301067865387,46778.707922990405,8.75
static,200,5.0,99,0.44333333333333336,18.158933333333334,3017.1457862462266,7492.569148442345,0.5566666666666666,0.7483447911158118,0.49733678283366306,0.4970324151575103,1.0,6257.531793333536,11978.45866666678,5255.318006666823,490.6078666667276,511.60591999998604,1.0,498.1277263133005,45.15115199999998,102.87952639997985,298.51501679998665,51.58203111333381,18.176735999999995,3.649011094910952,11.94,21.872623073278394,46816.51563094929,7.94
adaptive,200,5.0,7,0.9285416666666667,38.03306666666666,1468.2788182736006,3641.6477730152706,0.07145833333333329,0.9970411768839278,0.3931428571428571,0.393038961038961,1.0,10077.072226666813,17986.917333333404,5250.814600000139,2266.0850866666988,2552.8605533333084,1.0,603.6343204266333,70.78310400000002,103.88586906664732,379.48692959998584,49.478417760000546,27.063527999999977,4.483430958808333,17.165,37.804079767816255,27087.023577591797,7.34
adaptive,200,5.0,99,0.925625,37.913599999999995,1468.5583976505968,3632.471198657847,0.07437499999999997,0.9961270121612756,0.3944810285355911,0.39437650256088636,1.0,9675.917673333564,18170.58266666672,5255.750820000225,1968.182673333334,2448.8265466666726,1.0,598.9241701666325,70.68172800000008,103.86514453331404,374.7807773333181,49.5965203000005,26.836559999999995,4.4807942869518085,16.89,37.98170308216316,26960.349771174093,7.53
laca,200,5.0,7,0.8989583333333333,36.821333333333335,1890.486863412705,4551.358856060528,0.1010416666666667,0.9922103978598911,0.38323353293413176,0.38301578660860097,0.9913274583857882,9318.13902000017,16465.28400000045,5250.265946666756,1911.9011600000465,2144.322666666698,1.0,637.1298565099671,67.24411200000007,103.80073066664741,417.54759559998604,48.5374182433338,21.99902399999999,3.4528320679405873,14.27,34.67550574543572,29530.931935572058,7.38
laca,200,5.0,99,0.8972916666666667,36.75306666666667,1787.891020701997,4367.680911808827,0.10270833333333329,0.9918540202966433,0.37921225382932167,0.37899343544857766,0.9940290019903326,9517.80451333349,16458.508000000176,5255.460320000192,2040.468046666653,2217.0501466666456,1.0,636.4893657799677,66.51496799999998,103.81214693331401,417.6248301333199,48.537420713333816,21.919296000000003,3.443780395787073,14.32,34.64604624301492,29556.042060829703,7.36
chang2019,200,5.0,7,0.37875,15.5136,2088.9610616035093,4992.713803871205,0.6212500000000001,0.77665288090986,0.6751161808196029,0.6669835234474017,1.0,12843.250780000442,21448.82800000014,5250.695340000187,3948.185480000012,3620.888906666908,1.0,794.1960483733033,68.04153600000004,102.93831893331323,578.7029183999896,44.51327504000044,42.32169600000002,5.328872648848432,25.98,11.720229556751459,87370.3023512985,19.89
chang2019,200,5.0,99,0.3879166666666667,15.889066666666668,2045.9020168836078,4919.606340155535,0.6120833333333333,0.7906239168110919,0.6714043275350021,0.6638735680950361,1.0,12204.842380000206,20044.0333333339,5255.617926666779,3415.183720000043,3513.181893333383,1.0,786.4611799166361,68.33971200000003,102.91990079997998,570.4834859999889,44.71808111666713,42.27393599999999,5.375209492791619,25.81,12.121946058431687,84474.88506086316,20.31
no_raw,400,5.0,7,0.058020833333333334,4.753066666666666,2497.565644509109,4771.633192536646,0.9419791666666667,0.990008934839492,0.9788676084224955,0.8620492708372997,1.0,2903.0588444448344,4909.905333334383,1751.0675111111811,503.5996222223518,648.3917111113018,0.15,2511.7391043999664,48.42457199999998,101.40696439997947,2361.907568000017,0.0,40.03303200000003,1.5938371915248573,54.245,0.5677022734973266,1803762.3729981806,313.75
no_raw,400,5.0,99,0.0590625,4.8384,2481.217468048681,4791.377284185253,0.9409375,0.9887709909577412,0.9785999692638697,0.8623789764868603,1.0,2944.713888889254,5137.18000000103,1750.075666666731,521.5782888890001,673.0599333335228,0.15,2511.776517999966,48.46539599999995,101.40862599997949,2361.9024960000174,0.0,40.066259999999986,1.5951363392752493,53.7625,0.5778858069569784,1771976.3795414225,316.45
static,400,5.0,7,0.3201041666666667,26.222933333333334,3351.6839972664097,8848.416428324896,0.6798958333333334,0.684914633438742,0.5054347826086957,0.5043133195307108,1.0,17927.34746333363,32998.243999998434,10251.830976666917,3526.8575633333885,4138.2805033333225,1.0,656.1966340516353,35.58158399999998,102.83390679998,470.4710632666554,47.310079985000456,15.362627999999983,2.3411622679538335,10.9125,11.988601574236304,85414.46587069774,25.98
static,400,5.0,99,0.32208333333333333,26.385066666666667,3345.148803155271,8926.201200045898,0.6779166666666667,0.6878031654676259,0.5091310101455668,0.5086898985443317,1.0,16316.57469000038,31989.72533333361,10251.702260000313,2752.656486666733,3312.2159433333327,1.0,627.2981629849689,35.696736000000016,102.75971346664653,440.78931126665566,48.05240225166715,15.312660000000005,2.4410497118524037,10.5825,12.618433254027668,81151.12069663247,16.25
adaptive,400,5.0,7,0.3753125,30.7456,3028.8731345944702,7535.019665559376,0.6246875000000001,0.7790398833385342,0.5139383614681741,0.5130865727117857,1.0,26474.612749993812,45477.51466666632,10251.684123333487,7616.420876666144,8590.16126332751,1.0,827.0767380248611,40.88962800000004,102.99519359998008,640.139594999878,43.052321425003235,16.92771600000001,2.0466923106101405,11.7725,11.15214535234909,91820.89792116138,16.6
adaptive,400,5.0,99,0.38458333333333333,31.505066666666664,2883.301005903259,7174.947809367493,0.6154166666666667,0.7595657988587732,0.50875,0.5084375,1.0,25532.840103331546,46496.822666664244,10251.668163333627,7014.690149999674,8257.073839998253,1.0,809.4171283416117,41.01409199999998,102.97167906664667,621.9237969999648,43.50756027500101,16.651380000000003,2.0572062805387468,11.4825,11.676945877541424,87694.16341729269,16.41
laca,400,5.0,7,0.349375,28.6208,3686.0713684233606,9037.222949159728,0.650625,0.7645522509786864,0.49276231263383297,0.4925053533190578,0.986388140161725,22134.41214333281,36952.6253333299,10251.640313333437,5607.972376666769,6273.538603332604,1.0,750.2719730199623,36.55753200000001,102.85785946664653,565.9360298666485,44.92055168666733,14.448552,1.9257752547842497,10.225,11.444169992701497,89477.87394394305,15.67
laca,400,5.0,99,0.34708333333333335,28.433066666666665,3618.2719910692176,8925.986472868419,0.6529166666666666,0.7673641139065523,0.4971438315286896,0.49663227896666384,0.9898429035752979,22415.738973331718,37447.743999998966,10252.0231066673,5789.711843333208,6366.0885999978755,1.0,755.5972866416092,36.628032000000026,102.86002533331306,571.3235796666276,44.7856496416678,14.674764000000012,1.9421409075229332,10.3775,11.2889764836409,90707.95758002512,15.78
chang2019,400,5.0,7,0.16895833333333332,13.841066666666668,2521.768483444927,5679.095791006488,0.8310416666666667,0.6874174331103678,0.6984425551124821,0.6830185840042133,1.0,32677.849626659176,49988.190666663824,10251.620236666904,12483.935276663833,9923.472746661773,1.0,1310.2647864631754,42.914615999999995,102.54437506664621,1134.1045881331927,30.701207263337018,29.189436000000004,2.2277509326028406,18.6275,3.1690693689543794,323123.25190213945,51.98
chang2019,400,5.0,99,0.16791666666666666,13.755733333333334,2460.9217938862184,5448.204754374445,0.8320833333333333,0.7061260869565218,0.6995280545359203,0.6834968911528954,1.0,33309.157393327165,51486.089333328084,10250.729216666945,13299.273169996304,9721.870586663916,1.0,1321.8043044315687,42.96446400000003,102.55520853331286,1145.87798539992,30.406646498335466,29.134871999999994,2.2041743927085498,18.635,3.1220355283792656,327991.1425388507,53.24
no_raw,600,5.0,7,0.03229166666666667,3.968,2383.931918562418,4772.390627381686,0.9677083333333333,0.9643430559272144,0.9808295811161141,0.864101514531314,1.0,6923.956377776701,115458.23733333105,1758.7440000000233,484.3774888889277,4680.83488888775,0.1,2497.100032533313,32.009519999999874,101.33623342220261,2363.7542791111186,0.0,26.49123199999999,1.060879886863186,40.486666666666665,0.3178086539027799,3222064.558107501,514.53
no_raw,600,5.0,99,0.03423611111111111,4.206933333333334,2374.4286414653066,4811.7637842975455,0.9657638888888889,0.9621587598175829,0.9796749382243414,0.8638151254654927,1.0,7407.418833333018,113315.22399999587,1851.8070833333627,446.64414583342364,5108.9676041662315,0.10666666666666667,2497.1521927110884,32.06928799999998,101.33480604442482,2363.748098666672,0.0,26.467208000000007,1.0598956714474537,39.611666666666665,0.3369384810115224,3039130.4576605544,516.99
static,600,5.0,7,0.2098611111111111,25.787733333333332,3695.017376964909,9178.662171078373,0.790138888888889,0.6887762274681348,0.5183387644734105,0.5176454274422797,1.0,33384.26084888712,69988.32399999845,15254.83873777818,7491.907915554202,10629.275119999178,1.0,908.420800259947,26.646431999999972,102.66976799997988,738.4683078221891,40.63629243777879,12.02015199999999,1.32319207096099,8.948333333333334,5.677486320426416,180361.5089860914,18.06
static,600,5.0,99,0.21229166666666666,26.0864,3703.259146571449,9264.451351954416,0.7877083333333333,0.6687836977135292,0.5147313691507799,0.5140381282495667,1.0,33629.35621555404,71491.03199999884,15247.351208889133,7600.620679998519,10769.685113333057,1.0,912.5156287210611,26.62032799999998,102.67689937775768,742.6875755999693,40.53082574333428,11.89786400000001,1.3038531752793645,8.891666666666667,5.717469198102715,179100.22153504635,44.76
adaptive,600,5.0,7,0.20875,25.6512,3628.4482402556646,9288.86027928066,0.79125,0.6643167181296868,0.5272852707830287,0.5268023456364264,1.0,41504.802611107494,70502.64799999671,15253.156357778107,12231.406324440819,14009.497859999685,1.0,1065.8407091110203,26.617016000000014,102.67759377775742,899.9467493332609,36.59935000000191,12.210424000000001,1.1456143395183582,9.068333333333333,4.813327128665361,212742.65650918568,21.61
adaptive,600,5.0,99,0.2111111111111111,25.941333333333333,3699.1511298693836,9519.169884402343,0.7888888888888889,0.6631648439966704,0.5249187806732564,0.524365798023087,1.0,41729.788684441475,71485.23466666331,15245.696617778201,12665.903526662505,13811.34240888965,1.0,1070.3686665276996,26.632063999999986,102.67089777775739,904.5822295554958,36.48347519444609,12.094135999999992,1.1299037778482106,9.001666666666667,4.847177266032575,211256.9736567828,21.13
laca,600,5.0,7,0.19319444444444445,23.739733333333334,4553.076350567844,12046.204189904807,0.8068055555555556,0.6878109558849668,0.508559408095169,0.5076164224575657,0.9824127906976744,37568.01879777334,60920.58266666224,15254.150491111473,10647.289386662997,11654.390891109959,1.0,992.0448982543395,24.28817599999997,102.65507537775726,826.6635667110237,38.438080165557885,10.72564,1.0811647757952756,8.371666666666666,4.786019942264137,213956.48416700348,21.76
laca,600,5.0,99,0.19486111111111112,23.944533333333332,4545.840721390692,12009.937683410144,0.8051388888888888,0.6755238683551255,0.5103710195734735,0.5096406660823839,0.9796474129281927,36564.751257775104,59933.79599999895,15247.059362222564,10185.03592888588,11119.195615555556,1.0,973.5098705721501,24.338775999999978,102.63029466664622,807.6267397777254,38.91406012777923,10.786576,1.1080088991455757,8.33,4.919217371522012,208163.1939926194,21.22
chang2019,600,5.0,7,0.09666666666666666,11.8784,3264.2587002164646,7983.81048330172,0.9033333333333333,0.6505721192586623,0.6637482900136799,0.6482216142270861,1.0,39740.85041999318,63675.88799999945,15253.836842223267,12062.712657774468,12402.62993777322,1.0,1400.6546074231999,27.757127999999994,102.3731627555351,1242.4892408443304,28.03507582333638,18.632648000000014,1.3302814199339767,12.638333333333334,1.696121218899615,603730.434234138,71.05
chang2019,600,5.0,99,0.10395833333333333,12.7744,3212.415395907894,9279.436185403787,0.8960416666666666,0.5851503994986683,0.6483901387579146,0.6392294220665499,1.0,51863.01739110594,75494.42399999876,15247.166000000389,20505.99284888372,16097.265882221829,1.0,1557.1048432532236,27.63110399999998,102.45366631109064,1402.9980156443535,24.022057297780258,18.409919999999985,1.1823173037941725,12.64,1.64078867975399,624090.117536362,62.09
no_raw,800,5.0,7,0.021197916666666667,3.4730666666666665,2403.6721371656727,4869.221596662135,0.9788020833333333,0.9684697325803019,0.9815722847162132,0.8662949075409416,1.0,6212.602344827359,91582.26399999956,1714.9064367816247,558.3441609195911,3939.3517471261434,0.0725,2489.8500227333197,23.883972000000135,101.2959327333127,2364.670118000012,0.0,19.75948199999988,0.7936012940373098,32.35125,0.20923348605073727,4894054.098738712,734.19
no_raw,800,5.0,99,0.021666666666666667,3.549866666666667,2388.293261479496,4882.115635369844,0.9783333333333333,0.9829599672831372,0.9817100903125203,0.8671626275095835,1.0,2977.7459661020525,13544.042666669324,1729.0395480226427,472.02802259897953,776.6783954804305,0.07375,2489.897916866649,23.94148800000015,101.291162866646,2364.6652660000086,0.0,19.793429999999915,0.794949458205438,31.89875,0.21385615707092376,4788265.224743555,746.21
static,800,5.0,7,0.13932291666666666,22.826666666666668,3548.050010229954,8898.689590756527,0.8606770833333334,0.6578251231579173,0.515825284004617,0.5146710406415164,1.0,54050.41892138969,119988.23333333083,17002.029490547593,10803.4991741268,26227.303635819804,0.8375,1482.5711640007708,19.500863999999993,102.60833219997909,1334.7114086332874,25.750559167501287,9.035471999999976,0.6094460906427882,7.46,2.309501279358635,443385.76867312763,55.2
static,800,5.0,99,0.14057291666666666,23.031466666666667,3561.1202880729775,8926.770448036159,0.8594270833333333,0.6370163963097373,0.5109608068120055,0.5099341747690078,1.0,56906.78159368593,119968.7679999988,17974.215311706404,12102.73494432859,26817.348456597818,0.88625,1469.2607712367546,19.45512599999997,102.63087333331254,1321.0835715419917,26.091200361450372,8.917409999999995,0.6069317424498946,7.43625,2.3513320900087593,435497.8202998903,26.38
adaptive,800,5.0,7,0.13484375,22.0928,4318.435278257642,12507.062966054464,0.86515625,0.5814066511692457,0.5173792679175638,0.5162719163334358,1.0,56832.570839995904,94116.8266666664,20253.792234998862,17582.30266999647,18971.770791667266,1.0,1332.077450564922,19.190645999999976,102.57307899997915,1180.7120360666083,29.60168949833499,8.956679999999983,0.6723843269174429,7.405,2.487783273108179,411611.4177102887,27.48
adaptive,800,5.0,99,0.13395833333333335,21.947733333333332,4451.219410537865,12929.552379878836,0.8660416666666666,0.5971244945118429,0.5217310203320276,0.5211092457874774,1.0,55980.55186499412,94011.66666666405,20249.24915666295,17142.75580999497,18578.188795002887,1.0,1316.0592316898856,19.322513999999952,102.54110146664566,1164.1807530665697,30.014863156669225,9.159101999999988,0.6959490712465308,7.40375,2.5015287463716227,409349.68326279486,27.23
laca,800,5.0,7,0.13286458333333334,21.768533333333334,5165.782735098252,14852.539316674773,0.8671354166666667,0.6435014041610632,0.5015836080408507,0.5006786891603645,0.9727230698104484,51439.57561166309,81461.55066665393,20252.45735166612,14920.184821664434,16253.608454999185,1.0,1230.4615792907634,18.087143999999952,102.5245102666457,1077.6686950332828,32.181229990834765,8.200097999999977,0.6664245465288323,6.88625,2.6537033378011716,385875.8382722896,25.83
laca,800,5.0,99,0.12817708333333333,21.000533333333333,5147.755595006905,14706.430434990238,0.8718229166666667,0.6344794850598487,0.5076853526220615,0.5070395246706277,0.9812850904553961,50717.576579993656,80974.57866666054,20248.770123332255,14493.45935665978,15962.870263334968,1.0,1216.94055615903,18.12635399999999,102.50975426664576,1063.7758876332148,32.528560259169815,8.387267999999976,0.6892093420300085,7.0125,2.5885241346072347,395592.21654905484,26.09
chang2019,800,5.0,7,0.06708333333333333,10.990933333333333,4045.8609912917877,10877.602107105775,0.9329166666666666,0.6663496143958869,0.6168177866103589,0.6086821512855546,1.0,53866.6831966618,88967.54266664968,20253.186501666052,16368.343979996198,17227.152053332884,1.0,1597.5083527440731,20.034083999999996,102.34983559997923,1452.3133182332576,22.811114910835382,13.031400000000009,0.8157328240328574,9.525,1.032007123573468,992241.2128845173,82.9
chang2019,800,5.0,99,0.07864583333333333,12.885333333333334,3965.000036934784,12498.140246898956,0.9213541666666667,0.5062388987566607,0.5956007799171338,0.590665366804777,1.0,70947.42988666146,101985.47733332383,20248.594324999656,28773.580434994063,21863.49831833443,1.0,1818.6603409890674,19.944551999999977,102.41525179997927,1679.1608904332531,17.139646755835507,12.52775399999997,0.6888451745303263,9.42125,1.0627602947281836,963528.6574776515,65.45
no_raw,1000,5.0,7,0.015916666666666666,3.259733333333333,2276.388510262657,4841.275817511699,0.9840833333333333,0.9790928609769189,0.9828016730132967,0.8707784505899244,1.0,3321.830733333641,32887.007999995156,1750.6697777778763,466.8732444445674,1104.2877111111973,0.06,2485.5689690666495,19.08891840000004,101.26820426664516,2365.21184640001,0.0,15.774057599999978,0.6346256248090858,26.562,0.15737563707471236,6506725.049912694,959.49
no_raw,1000,5.0,99,0.016,3.2768,2353.6034239080586,4776.4581265501365,0.984,0.9854049719326383,0.9822213845960548,0.870743812036688,1.0,2762.3491333334673,4837.034666666786,1758.7697777778358,442.3198444444835,561.2595111111481,0.06,2485.565367626645,19.08288480000002,101.27080495997848,2365.2116778666796,0.0,15.756465599999997,0.6339187778048717,26.371,0.1581998225117951,6472826.478194389,969.39
static,1000,5.0,7,0.10791666666666666,22.101333333333333,3474.296204731016,9011.12588231485,0.8920833333333333,0.66457680126557,0.5293386227722187,0.5278583693528333,1.0,32624.474851699248,118579.34799999697,12497.118484354094,5275.646881631317,14840.036824489333,0.49,1705.3488013986405,15.717115199999943,102.28498607997822,1567.400243786654,19.946456332000444,7.472404799999996,0.4381745713176981,6.489,1.5552009054246456,658435.8306558458,69.25
static,1000,5.0,99,0.10825,22.1696,3493.5906054601865,8951.109725939745,0.89175,0.6643518960534395,0.5249134338869652,0.5235635894125242,1.0,32754.391481632894,116995.1759999992,12278.208149688477,5485.012717946711,14978.87868329779,0.481,1721.0486879879577,15.639566399999964,102.3068646399783,1583.5597492799698,19.542507668000866,7.376236799999997,0.4285896646319403,6.516,1.5457738171894266,662451.3810577204,28.64
adaptive,1000,5.0,7,0.095625,19.584,4769.459464690732,15091.092893507124,0.904375,0.5753518346612497,0.5037241846292744,0.5030470601512245,1.0,70570.94978532933,116478.15733332912,25249.086323998483,21580.248239996006,23731.639594668184,1.0,1577.7506634645758,14.77945919999995,102.48862714664554,1437.2822075465924,23.200369571335344,6.848860799999982,0.43409018665602067,6.194,1.4895129214140017,687473.0559758501,30.36
adaptive,1000,5.0,99,0.095875,19.6352,5071.021671245261,15375.030719496464,0.904125,0.5535902694603735,0.5034838271115392,0.502690760777205,1.0,68752.97985066,114999.36933332881,25249.93914133112,20488.1810306639,23003.3773479983,1.0,1543.3742495838856,14.841316799999948,102.4753145066455,1401.9746235732355,24.08299470400264,6.894537599999961,0.44671845483095374,6.198,1.5266705406256906,670740.6560555783,30.04
laca,1000,5.0,7,0.0975,19.968,5366.931844240399,16418.68923692318,0.9025,0.6198967427457952,0.4917295833093194,0.49098034695406606,0.9752919275681164,65244.261241325614,103426.42266666224,25249.52008933213,18829.401723995026,21154.211561331802,1.0,1477.7219989391824,14.318447999999943,102.47078271997863,1335.1783784265317,25.75438979267022,6.340502399999969,0.4290727487681477,5.902,1.6215228586433306,631505.1277517874,29.94
laca,1000,5.0,99,0.095875,19.6352,5256.586153748145,16973.38163285776,0.904125,0.622538363069864,0.4923306715689091,0.49175619003849025,0.9837538886968544,66030.38239999222,103475.64399999613,25250.160649329824,19369.260009331323,21404.527001331044,1.0,1492.5347938491768,14.330068799999957,102.47385295997844,1350.3559793598638,25.374892729336967,6.462887999999977,0.4330142269804307,6.005,1.5786727449906943,648646.1511730452,29.8
chang2019,1000,5.0,7,0.060583333333333336,12.407466666666668,5073.433881388033,15119.656437620186,0.9394166666666667,0.6720457042296503,0.5607582082816203,0.5550603633081349,1.0,74163.17172132651,114487.72133333217,25250.09160266479,24744.85303066223,24117.742922666166,1.0,1868.0809427225372,15.2513184,102.36868938664551,1734.6962601598882,15.764674776002902,8.97866399999998,0.4806357045168768,7.381,0.7970189973835321,1284787.4434130243,79.62
chang2019,1000,5.0,99,0.05595833333333333,11.460266666666666,4959.388565410144,12937.891171425463,0.9440416666666667,0.729476547254325,0.5717554195504204,0.5658067837327689,1.0,66345.19154932666,107998.0093333187,25249.935011997204,20113.948515993405,20966.112760002736,1.0,1775.6310839998582,15.409785599999974,102.32245557331223,1639.7608501332093,18.13799269333658,9.327561599999992,0.5253096594247691,7.462,0.774503224454765,1322137.813849485,90.14
cluster_adaptive,100,5.0,42,0.9858333333333333,20.189866666666664,683.8480661224703,1639.504613518013,0.01416666666666666,0.9995993000249991,0.25748649975454097,0.25724104074619536,1.0,4183.888440000177,7490.501333333441,2758.01173333349,661.9787866667386,752.6198133332792,1.0,422.03837543330155,58.949088000000046,103.90748639998068,205.3164226666535,53.86537836666717,13.952879999999992,3.306069024096386,9.55,57.40672273019149,17837.63209777268,2.69
cluster_adaptive,100,5.0,7,0.9829166666666667,20.130133333333337,663.1884579590454,1621.8328771780734,0.01708333333333334,0.9995654985360947,0.26036363636363635,0.26036363636363635,1.0,4401.97754666708,7634.482666666884,2753.3524800003097,778.4548266667787,870.1702399999916,1.0,424.91199239997013,58.70145600000004,103.96188106664736,208.4616586666554,53.78699666666709,13.680767999999992,3.219670954149553,9.68,56.84979579785967,18012.377804153035,2.7
cluster_adaptive,100,5.0,99,0.9883333333333333,20.241066666666665,672.263398556269,1631.2225842188604,0.011666666666666714,0.9996418165020254,0.2572552877520905,0.2572552877520905,1.0,3817.7893600002553,6967.401333333612,2753.089173333527,478.01741333336184,586.6827733333662,1.0,413.9652986599688,59.193216,103.8787018666474,196.81593626665403,54.07744452666714,14.173343999999993,3.4238000252388257,9.62,58.67467654565707,17452.162675378113,2.65
cluster_adaptive,200,5.0,42,0.9245833333333333,37.87093333333333,1480.5992545492636,3695.5585220505022,0.07541666666666669,0.997924891573102,0.38922092901331656,0.38901121946104644,1.0,9149.12829333352,17435.569333333668,5253.11792000017,1782.6442933333835,2106.2107666666316,1.0,586.8666579499688,70.122024,103.88233093331402,362.9690739999876,49.89322901666711,26.241288000000008,4.471422536026423,16.665,38.71843747159534,26447.348262729553,7.54
cluster_adaptive,200,5.0,7,0.9220833333333334,37.76853333333333,1474.8546786497154,3723.9886816243074,0.07791666666666663,0.9978746077672277,0.39637971819397305,0.39617402036408517,1.0,9874.10246000028,17473.517333333686,5250.675400000322,2158.3115733333066,2452.7807333333158,1.0,602.5400650633023,71.02485600000009,103.91691866664752,378.08576546665495,49.51252493000045,27.258864000000003,4.523991943529301,17.43,37.609316481916004,27227.29620710811,7.68
cluster_adaptive,200,5.0,99,0.9260416666666667,37.93066666666667,1456.2234282928198,3666.0356691119778,0.07395833333333335,0.9982127881010842,0.38985017936273475,0.38985017936273475,1.0,9016.857006666814,15996.85466666672,5253.069786666811,1784.9329666667268,1978.8542533332766,1.0,586.0153266733018,70.29348000000009,103.82893653331408,361.9748717333205,49.91803840666713,26.215847999999987,4.473577192736989,16.525,38.83584432713583,26367.393776076573,7.85
cluster_adaptive,400,5.0,42,0.39135416666666667,32.059733333333334,2947.484036170986,7264.994522516911,0.6086458333333333,0.790298593536539,0.5082042985902473,0.5077420845851629,1.0,21502.002696666168,39485.110666663466,10251.761896667042,5187.047066666719,6057.3066133324055,1.0,734.9802162716259,41.96524800000003,102.96124653331326,544.6160251333122,45.43769660500072,17.245704000000007,2.3464174433814327,11.865,13.085957672152519,78251.81967225189,17.27
cluster_adaptive,400,5.0,7,0.3826041666666667,31.342933333333335,2928.57191046307,7163.230165579319,0.6173958333333334,0.7687839917029473,0.5124596215966775,0.5114597754191663,1.0,22117.029523333276,38950.345333330006,10251.890116666957,5588.568940000094,6256.835183332892,1.0,745.235501384966,41.569164000000036,102.96820293331328,555.5323005999859,45.16583385166721,17.492208000000005,2.347205409228627,12.11,12.617326982578568,81158.2359253979,17.03
cluster_adaptive,400,5.0,99,0.3928125,32.1792,3013.3086988501063,7611.6130463680565,0.6071875,0.7863026673744277,0.5082984333798666,0.5079882115712735,1.0,20943.276450000056,39527.961333331696,10251.91662333358,4900.752503333489,5788.8163933329915,1.0,724.6164740233002,42.010692000000006,102.94094359997983,533.9607217333199,45.704116690000475,17.44755599999999,2.40783319527993,11.8725,13.322578696561047,76861.99671421904,16.68
cluster_adaptive,600,5.0,42,0.21534722222222222,26.461866666666666,3757.211186953066,9765.246671533603,0.7846527777777778,0.6732054297755562,0.5250684931506849,0.5245205479452055,1.0,34375.30122888593,63989.959999999184,15250.539071111467,8763.459115552174,10354.412524444513,1.0,931.6980718099229,27.361392000000052,102.65400071109092,761.6272182666077,40.055460832223886,12.500528000000005,1.3416930203275397,9.203333333333333,5.680352351757404,180270.507283442,24.32
cluster_adaptive,600,5.0,7,0.2148611111111111,26.402133333333335,3670.556577995647,9500.191580262946,0.7851388888888888,0.6869338959212377,0.525296388199614,0.5247449682933554,1.0,34235.43024221926,65169.15599999747,15254.06950222261,8578.93365777649,10393.837413331275,1.0,928.5398542865919,27.166103999999994,102.65041297775745,758.591409866611,40.131927442223684,12.305959999999997,1.3253022951238653,9.058333333333334,5.686806702253702,180065.90580864743,24.49
cluster_adaptive,600,5.0,99,0.21458333333333332,26.368,3625.7192262390354,9549.831177494105,0.7854166666666667,0.6504864290385873,0.5255383765875207,0.524710104914412,1.0,34406.72172444147,67695.34799999883,15246.288895555766,8655.80882444195,10498.650919999318,1.0,931.9859974399154,27.097584,102.65266702220192,762.1937041777114,40.04204224000184,12.351424000000005,1.3252799971167264,9.08,5.658454112493236,180968.15484270203,23.39
cluster_adaptive,800,5.0,42,0.13578125,22.2464,4557.48151478836,13553.444092337588,0.86421875,0.5672405187954864,0.5220660749506904,0.520956607495069,1.0,50842.52930832769,96114.93866665094,20249.86945833216,13328.43660666407,17243.542028331474,1.0,1218.684150834872,19.450871999999976,102.56038759997918,1064.1579705998895,32.5149206350029,9.24403799999998,0.7585261524626589,7.46875,2.7381664048998933,373972.88863363926,28.29
cluster_adaptive,800,5.0,7,0.13473958333333333,22.075733333333332,4697.495566164127,13865.713778996582,0.8652604166666666,0.5822858169514117,0.5219881744271988,0.5211258930771125,1.0,50507.442339994624,94981.87199998878,20252.609904998633,12962.020673329724,17282.671188332948,1.0,1212.1841815107216,19.440221999999984,102.56159453331254,1057.5010002332394,32.68136474416915,9.231455999999998,0.7615555573819659,7.48,2.7317300873148804,374854.01824838703,27.92
cluster_adaptive,800,5.0,99,0.13276041666666666,21.751466666666666,4657.3383832211875,13532.915976101034,0.8672395833333333,0.5710294065949518,0.5263515181436682,0.5256726734139718,1.0,50082.33828832865,93621.35066666306,20249.35343166621,12906.61970999701,16918.34297333209,1.0,1204.9704342157293,19.560768000000003,102.5438935333125,1049.9970000332507,32.86877264916896,9.540887999999997,0.7917943651629767,7.615,2.707717888633163,378178.24534036225,28.41
cluster_adaptive,1000,5.0,42,0.09470833333333334,19.396266666666666,5357.913052650848,16690.399773282097,0.9052916666666666,0.5703195725535922,0.505548284299778,0.5048654185398054,1.0,64137.37522532814,113478.3466666655,25249.58073199874,17721.526675996793,21158.11981733262,1.0,1457.0181494239023,14.896540799999952,102.46302693331218,1313.3602827732566,26.298298917335398,7.089206399999986,0.4865558059659738,6.258,1.5974763258236024,641011.0644187868,31.63
cluster_adaptive,1000,5.0,7,0.09491666666666666,19.438933333333335,5321.072363760929,17165.148892532055,0.9050833333333334,0.5874201835992295,0.504130818756766,0.5037889578941371,1.0,64255.622547993225,112989.80133333048,25248.256926660255,17810.11853466589,21190.658906667086,1.0,1458.9710428411993,14.862868799999928,102.46564415997877,1315.3950271465517,26.24750273466976,6.999321599999981,0.4797436956918286,6.2,1.59884735988821,640461.3884289723,31.68
cluster_adaptive,1000,5.0,99,0.098375,20.1472,5417.935493625573,17053.589064795888,0.901625,0.5815944410535706,0.5013447782546495,0.5006008583690987,1.0,63116.20434665944,111498.01599999162,25249.195962663936,17347.956909329663,20509.598455999127,1.0,1437.3065762371964,14.892359999999977,102.45662357331224,1293.1540753065485,26.803517357336503,6.944284799999976,0.48314569172707744,6.138,1.6820795507172417,608770.2567713665,31.76
cluster_csv,100,5.0,42,0.9833333333333333,20.13866666666667,689.905869160166,1815.6215561634033,0.01666666666666672,0.9995692749461593,0.26080656846172423,0.26032359333494326,1.0,4537.959386666991,8112.648000000476,2753.2216000002695,827.5505066666452,951.5494000000747,1.0,460.21835875330385,58.76591999999999,103.97972053331401,244.58923386665606,52.88348435333375,13.788959999999998,2.9961777355760493,9.78,52.51072570304436,19500.777913275586,2.42
cluster_csv,100,5.0,7,0.9870833333333333,20.215466666666668,695.7846694139165,1623.6345636792983,0.012916666666666687,0.9996190086030315,0.2490733876945886,0.2490733876945886,1.0,4240.496960000314,7734.66533333341,2753.2557866667958,655.5551333334698,831.6860400000486,1.0,451.23754016663844,57.99158400000001,103.9265493333141,236.22421733332382,53.095189500000394,12.944303999999997,2.8686230306148217,9.11,53.76006613067146,19047.595616996136,3.56
cluster_csv,100,5.0,99,0.9833333333333333,20.13866666666667,686.2963568338125,1687.6635579757713,0.01666666666666672,0.9995692749461593,0.26652194886637726,0.2662807525325615,1.0,4316.738293333497,7459.936000000043,2757.388533333414,739.7240533333878,819.6257066666954,1.0,454.9842960466358,59.48472000000003,103.94096639998068,238.52520879998784,53.03340084666711,14.592671999999995,3.2072913563821666,10.1,53.11480024691434,19278.995595196433,2.65
cluster_csv,200,5.0,42,0.8920833333333333,36.53973333333333,1616.2322254005785,4135.463405843584,0.10791666666666666,0.9852299789365087,0.38962722852512155,0.3893030794165316,1.0,9946.27710666689,17494.10933333381,5252.6877800002185,2330.31038666669,2350.3202866666475,1.0,621.2341011466357,67.59768,103.81499893331406,400.8681141333211,48.95330808000047,23.63880000000001,3.8051356093248856,15.21,35.290786451571684,29016.071982561214,7.4
cluster_csv,200,5.0,7,0.88,36.0448,1635.997177759663,4272.083586969227,0.12,0.982390485629336,0.4019976372033079,0.4019976372033079,1.0,9668.591046667325,17002.754666667646,5250.850060000777,2072.2167266665792,2345.5242599999674,1.0,618.3942628099763,68.20516800000004,103.7850818666473,397.364562266662,49.03945067666694,24.159576000000005,3.9068240850455456,15.475,34.97264011106395,29280.03138304812,7.55
cluster_csv,200,5.0,99,0.8775,35.9424,1694.8149192911962,4477.97561228921,0.12250000000000005,0.9835316553941679,0.4016872160934458,0.4016872160934458,1.0,9536.327673333579,16998.20800000057,5255.340133333469,1991.7465866667405,2289.2409533333703,1.0,616.5034841799675,68.13957599999999,103.75394959998071,395.5240621333198,49.08589644666715,23.920008000000006,3.879946928737448,15.225,34.98024026366199,29273.66971414851,7.52
cluster_csv,400,5.0,42,0.38645833333333335,31.65866666666667,3002.216807844371,7641.6292429553805,0.6135416666666667,0.7542468545876989,0.5024308599665258,0.5022714593129832,1.0,23276.39952999881,40988.626666662225,10250.420393333578,6101.981143333378,6923.997993331852,1.0,772.3949310416178,40.56466800000001,102.92251719998,584.4619956666368,44.44575017500086,16.53398399999999,2.140612701549321,11.32,12.2963002711475,83277.08151392106,15.51
cluster_csv,400,5.0,7,0.38635416666666667,31.650133333333336,3090.955830419915,7945.308821806021,0.6136458333333333,0.7636660930387477,0.5011914217633042,0.5008737092930897,1.0,23362.662259999142,39960.30799999752,10251.825296667295,6040.932859999892,7064.272856665289,1.0,772.3263870382893,40.38601200000006,102.94437839998001,584.5521811333083,44.44381550500079,16.242264000000002,2.1030310853790324,11.235,12.294076907577246,83292.1420370223,16.2
cluster_csv,400,5.0,99,0.3857291666666667,31.598933333333335,3043.898402620848,7475.1528069870865,0.6142708333333333,0.7486301347426351,0.5020239701563616,0.5017858560203191,1.0,23465.949073331707,40964.638666663624,10251.959253333538,6164.9651700001705,7042.130323331334,1.0,775.3851487516085,40.434096,102.94709399997998,587.6374299332942,44.36652881833445,16.348367999999983,2.108419025863638,11.27,12.225769367987697,83757.50999207221,16.07
cluster_csv,600,5.0,42,0.21166666666666667,26.0096,3948.9283842075833,10737.561565881268,0.7883333333333333,0.612687559354226,0.5172269784923784,0.5165309389573328,1.0,39167.448364441196,67000.35599999873,15250.448542222402,11200.575684442485,12706.554668887422,1.0,1023.1667894765874,26.31499199999998,102.6715150222019,856.4937187110502,37.686563743335014,11.912127999999985,1.1642410721807896,8.933333333333334,5.084136871429439,201410.78533003686,22.13
cluster_csv,600,5.0,7,0.2123611111111111,26.094933333333334,3911.0472811028517,10631.581281286395,0.7876388888888889,0.6089079022763974,0.5145142384334276,0.5135489209129146,1.0,38918.27543555265,67538.42799999591,15252.880653333565,10637.303195553452,13017.04859999898,1.0,1017.8809692732538,26.233392000000002,102.70744195553527,851.1192735110506,37.820861806668404,11.808063999999995,1.1600633430086342,8.973333333333333,5.127305475013366,199715.03648265282,22.32
cluster_csv,600,5.0,99,0.2129861111111111,26.171733333333332,3929.3541765966247,10822.993665405467,0.7870138888888889,0.6027714124597896,0.5155236168282983,0.5151050024419173,1.0,38300.53885555177,63494.55333333136,15247.156562222435,10680.14615999754,12368.570517776245,1.0,1006.5294997010169,26.286176000000005,102.67029982220197,839.4605408443689,38.11248303444653,11.711439999999993,1.163546622675123,8.81,5.200390717034619,196908.28165001958,22.47
cluster_csv,800,5.0,42,0.14072916666666666,23.057066666666664,4769.924458265607,16465.287493513217,0.8592708333333333,0.49245540228163864,0.5089018924302788,0.5085283864541833,1.0,55689.85071499641,93986.61599999899,20249.362236666024,16002.623574996584,19433.54182000047,1.0,1311.493301831587,19.11302399999995,102.56921846664582,1159.6834073999403,30.127651965001704,8.786777999999984,0.6699826821630478,7.22125,2.637116022758098,388302.9761159399,26.85
cluster_csv,800,5.0,7,0.1384375,22.6816,4783.600962223176,15798.987715497953,0.8615625,0.5017951074550158,0.5110400393628144,0.5094409250261394,1.0,56048.28794499668,94486.99199999783,20254.478821665165,16081.921553328606,19681.833261669603,1.0,1318.1735439190948,19.089893999999966,102.5880726666458,1166.53941323328,29.956164019168185,8.749751999999981,0.6637784562103921,7.305,2.5810258563411272,396741.47296285775,27.59
cluster_csv,800,5.0,99,0.13994791666666667,22.929066666666667,4657.954538542159,14132.159583346453,0.8600520833333334,0.47327070925492054,0.5106741573033707,0.5102372034956305,1.0,54674.81173666213,92480.1319999996,20248.62534833143,15664.191116664279,18756.205729999754,1.0,1292.3710868157334,19.15862999999995,102.55870739997921,1140.0349273665856,30.61882204916888,8.730335999999971,0.6755285760462655,7.16,2.66127897404005,384777.39838205685,26.74
cluster_csv,1000,5.0,42,0.09945833333333333,20.369066666666665,5295.618502209827,16781.650110738832,0.9005416666666667,0.5138438648541257,0.49384243378507564,0.4926615306753641,1.0,70226.98860799521,113976.17199999887,25249.95308266395,21158.59022399797,23803.98935466665,1.0,1572.2778324498984,14.666558399999937,102.51218053331218,1431.7605590665828,23.338534450002257,6.621935999999971,0.42116831156245305,6.11,1.554615825239582,658683.6332006279,30.95
cluster_csv,1000,5.0,7,0.101375,20.761599999999998,5209.716429353117,17134.671823115044,0.898625,0.5076801397338686,0.49206077221841443,0.49108978752570254,1.0,69285.88778666266,110502.89333333228,25249.094614662445,20941.577975999753,23081.252845333827,1.0,1554.9550006445797,14.736043199999951,102.4756534399789,1413.9596451465989,23.783658858001896,6.583089599999955,0.42336206496464845,5.987,1.6022277165366434,639110.1523405589,30.79
cluster_csv,1000,5.0,99,0.09845833333333333,20.164266666666666,5149.010868707499,16674.216347464288,0.9015416666666667,0.5237737849005455,0.4954924306854907,0.4948687418495209,1.0,69420.09589999476,111483.36133332526,25250.122078664408,20892.496294664164,23273.850497332867,1.0,1557.39664038589,14.75144639999994,102.48486746664551,1416.4387626932444,23.721563826002438,6.71071199999997,0.43089292900601084,6.111,1.553690265699075,659076.0221692298,30.81
etaroa,100,5.0,42,0.9875,20.224,670.8463756838587,1670.9030226518375,0.012499999999999956,0.9996262680192205,0.2709786006251503,0.2707381582111084,1.0,4259.008346666817,7691.384000000471,2757.575200000028,662.8171066667198,823.4835333333999,1.0,440.10562624663515,60.40502400000002,103.90689119998069,222.35842213332077,53.43528891333381,15.402623999999987,3.4997562133796394,10.4,55.143125996757355,18569.85764753735,3.29
etaroa,100,5.0,7,0.9833333333333333,20.13866666666667,653.7788740598188,1603.7920609810185,0.01666666666666672,0.9995692749461593,0.2750118539592224,0.2747747747747748,1.0,4479.344053333772,7956.458666667803,2753.1456533334435,808.028040000158,906.7152666668325,1.0,441.90766811330815,60.33307200000003,103.9752399999807,224.210726133327,53.388629980000296,15.418367999999997,3.4890473989346167,10.64,54.68653690300655,18724.901191241872,2.5
etaroa,100,5.0,99,0.9875,20.224,666.2159303279395,1602.7053956438758,0.012499999999999956,0.9996262680192205,0.2705910852713178,0.2703488372093023,1.0,4175.5654400001495,7567.872000000368,2757.5729333333757,604.2659066667125,813.7266000000619,1.0,438.0861808799691,60.233472000000056,103.89098613331407,220.4788394666545,53.48288328000048,15.243983999999994,3.479676982592765,10.17,55.39731920156,18484.64898227718,2.38
etaroa,200,5.0,42,0.9233333333333333,37.81973333333333,1452.9847355123272,3594.1005066101548,0.07666666666666666,0.9962177185401578,0.39720250951352465,0.3967911138537488,1.0,10446.492906666817,17976.598666666712,5253.241853333472,2466.107140000043,2717.6229133333045,1.0,611.3538825333028,71.21508000000003,103.90595706664739,386.9421706666545,49.29067480000047,27.40288800000001,4.482328285288557,17.465,37.11735649076195,27588.17159446312,6.97
etaroa,200,5.0,7,0.934375,38.272,1470.0428201025545,3619.2629987367586,0.06562500000000004,0.9972744444774965,0.38829340058848255,0.3880832282471627,1.0,9440.369433333524,17477.846666667192,5250.286553333421,1913.7317466667253,2264.376546666712,1.0,591.896397496637,70.46400000000003,103.86070533331412,367.80001213332224,49.77168003000047,26.248872000000002,4.4347071735893016,16.525,38.795978649507624,26394.488182681685,7.07
etaroa,200,5.0,99,0.929375,38.0672,1460.7391221098267,3662.5978790514378,0.07062500000000005,0.9972499173156139,0.3958807700269095,0.3956737735458497,1.0,10071.23142000022,18097.113333333837,5252.841180000329,2198.3265266666094,2613.7512866666148,1.0,605.6809802333044,71.12543999999998,103.89554106664744,381.22608933332265,49.43390983333373,27.284592000000018,4.504779395497968,17.23,37.71014898173302,27154.493621757647,7.01
etaroa,400,5.0,42,0.3832291666666667,31.394133333333336,2867.558322389218,7003.9467007301855,0.6167708333333333,0.7650892554322021,0.5117294053464266,0.5112617878575325,1.0,25560.844143331473,46003.12933332698,10251.542866666818,7085.301573332587,8214.651129998738,1.0,811.2985135149372,41.19339599999998,102.96032893331325,623.6815793999559,43.46320918166794,16.864392000000013,2.07869134715104,11.605,11.608846612075784,88208.59075998233,15.07
etaroa,400,5.0,7,0.3851041666666667,31.547733333333333,3013.7757845248357,7497.710400073654,0.6148958333333333,0.7771982827248948,0.5112359550561798,0.5106897627965044,1.0,25147.953466664876,45042.2759999971,10250.757810000372,6727.258056666557,8159.822883331277,1.0,803.8849968149428,41.20667999999997,102.96572293331339,616.0588980666281,43.653695815001136,16.804296000000004,2.090385573381762,11.525,11.77322631657314,86977.00804056725,15.41
etaroa,400,5.0,99,0.37875,31.0272,2988.9802513165187,7461.461872642917,0.6212500000000001,0.7754866259971844,0.5151468434440761,0.5147614275803593,1.0,26671.508289998397,48482.143999998836,10252.241966667018,7624.889456666143,8788.457526665234,1.0,832.2666570432821,41.153316,103.00245999997995,645.1854982666339,42.92538277666761,16.879812,2.0281735255341564,11.7325,11.184107787122283,91558.48812357338,15.57
etaroa,600,5.0,42,0.2078472222222222,25.540266666666668,3692.108583100082,9488.77547453854,0.7921527777777778,0.6681022806939038,0.5267655705202707,0.5259451698912969,1.0,41531.34333777375,71489.60133332838,15251.491315555786,12368.976188885046,13892.45121333292,1.0,1065.8362151832519,26.659992000000024,102.69228088886852,899.8832424443813,36.600699850001725,12.055592,1.1310923599952227,9.085,4.792531216867212,213665.7965619616,21.12
etaroa,600,5.0,7,0.20618055555555556,25.33546666666667,3731.3113225726265,9610.74836602117,0.7938194444444444,0.6770635359540378,0.5268554355944863,0.5261085081822503,1.0,42990.83409333035,74498.45599998819,15254.329140000338,13200.441144442157,14520.168162221182,1.0,1093.613966689936,26.607791999999986,102.71775048886856,928.4007217332876,35.88770246777907,12.158447999999998,1.1117678056728029,9.203333333333333,4.633347312370204,221006.5274550224,21.39
etaroa,600,5.0,99,0.20881944444444445,25.659733333333335,3698.019728273169,9666.659132879537,0.7911805555555556,0.6491527747864169,0.5272125267296682,0.5267296682072153,1.0,41313.85621555007,70972.4973333307,15245.674684444799,12335.49547999663,13719.605466664196,1.0,1062.4420870954493,26.714968,102.67327306664625,896.3651943999116,36.6886516288912,12.228664000000007,1.1509958188338776,9.068333333333333,4.830330734258286,211993.76530005637,21.29
etaroa,800,5.0,42,0.13390625,21.9392,4477.257672962434,13321.000329166167,0.86609375,0.5969056279092196,0.5183362047747969,0.5171055870046763,1.0,56132.84292499559,94640.9439999986,20250.529609999056,16945.197288330837,18910.233538332377,1.0,1318.5415072124035,19.261691999999993,102.56461186664579,1166.76496616659,29.95023717916878,9.09762599999999,0.6899764588551899,7.48125,2.4958486190983997,410281.29357056506,26.11
etaroa,800,5.0,7,0.13015625,21.3248,4547.399790460194,12847.927082844404,0.86984375,0.5931563539952754,0.5244301686330224,0.5238742355920687,1.0,54696.363626662685,94483.67733333075,20252.505943331376,15985.65439499742,18448.17340666723,1.0,1291.4821521190781,19.302725999999986,102.55027126664577,1138.9844018999318,30.64475295250184,9.296741999999988,0.7198505983799923,7.54875,2.476782195364841,413439.66454392264,26.34
etaroa,800,5.0,99,0.13145833333333334,21.538133333333334,4425.164094126271,12627.360477449018,0.8685416666666667,0.6059573250572944,0.5240833487911952,0.5228467198417115,1.0,56295.336706657,94498.20133333106,20248.602361666115,17489.990579991467,18536.490821666088,1.0,1321.8271471098074,19.327661999999997,102.54818393331252,1170.0840929331573,29.867208243337906,9.189731999999978,0.6952294798978406,7.4625,2.44413197827266,418962.64567664266,25.51
etaroa,1000,5.0,42,0.09541666666666666,19.54133333333333,4776.026297217924,14439.453775389384,0.9045833333333333,0.5537151529857074,0.5035922766052986,0.5025258194881006,1.0,71086.08408532491,118485.6866666659,25249.484895997284,21662.233587989394,24161.78231867157,1.0,1587.550127439833,14.807433599999955,102.49633994664549,1447.2964810665153,22.94987282667056,6.824246399999982,0.42986021556403525,6.218,1.4770935162731562,693253.3307597524,28.97
etaroa,1000,5.0,7,0.09675,19.814400000000003,5045.535117690107,15552.735738460811,0.90325,0.5599520274110089,0.5039450530737356,0.5023556791735255,1.0,70237.36349598612,116472.39199999886,25248.538955998465,21641.18222532698,23327.047277327372,1.0,1571.5815585117464,14.851799999999951,102.47271877331224,1430.8971155197607,23.35992421867275,6.864811199999977,0.436809096086671,6.143,1.5129523422581115,676822.3766200457,29.38
etaroa,1000,5.0,99,0.09804166666666667,20.078933333333335,4943.774230128599,15458.75241944123,0.9019583333333333,0.5606638153188587,0.5040377616014559,0.5030141037306642,1.0,69455.7228866611,118157.11466665938,25250.45397733165,20684.268091995298,23506.75693466749,1.0,1557.0148062572212,14.896579199999946,102.4673255999789,1415.9165438399043,23.734357617335856,6.8784623999999805,0.44177244637348995,6.131,1.5474945969151894,661714.7497905742,29.2
